text,embedding
[{role: assistant, content: [{type: text, text: 您好！我是您的回忆助手，很高兴与您一起回顾过去的时光。  
我想请您回忆一下，您有没有参加过一次难忘的聚会或活动？  
那次聚会的氛围让我至今难忘...  
聚会上有没有特别的表演或节目让您印象深刻...  
您是否和某位重要的人在那次活动中重聚...  }, {type: text, text: }, {type: text, text: }, {type: text, text: false}, {type: text, text: 您好！我是您的回忆助手，很高兴与您一起回顾过去的时光。  
我想请您回忆一下，您有没有参加过一次难忘的聚会或活动？  
那次聚会的氛围让我至今难忘...  
聚会上有没有特别的表演或节目让您印象深刻...  
您是否和某位重要的人在那次活动中重聚...  }]}, {role: assistant, content: [{type: text, text: 您好！我是您的回忆助手，很高兴与您一起回顾过去的时光。  
我想请您回忆一下，有没有一张照片让您想起某个特定的场景？  
那是和家人一起度假的时刻...  
那是我和朋友聚会时捕捉到的瞬间...  
那张照片里有我最喜欢的风景...  }, {type: text, text: }, {type: text, text: }, {type: text, text: false}, {type: text, text: 您好！我是您的回忆助手，很高兴与您一起回顾过去的时光。  
我想请您回忆一下，有没有一张照片让您想起某个特定的场景？  
那是和家人一起度假的时刻...  
那是我和朋友聚会时捕捉到的瞬间...  
那张照片里有我最喜欢的风景...  }]}],[]
[{role: assistant, content: [{type: text, text: 您好！我是您的回忆助手，很高兴与您一起回顾过去的时光。  
我想请您回忆一下，您有没有参加过一次难忘的聚会或活动？  
那次聚会的氛围让我至今难忘...  
聚会上有没有特别的表演或节目让您印象深刻...  
您是否和某位重要的人在那次活动中重聚...  }, {type: text, text: }, {type: text, text: }, {type: text, text: false}, {type: text, text: 您好！我是您的回忆助手，很高兴与您一起回顾过去的时光。  
我想请您回忆一下，您有没有参加过一次难忘的聚会或活动？  
那次聚会的氛围让我至今难忘...  
聚会上有没有特别的表演或节目让您印象深刻...  
您是否和某位重要的人在那次活动中重聚...  }]}, {role: assistant, content: [{type: text, text: 您好！我是您的回忆助手，很高兴与您一起回顾过去的时光。  
我想请您回忆一下，有没有一张照片让您想起某个特定的场景？  
那是和家人一起度假的时刻...  
那是我和朋友聚会时捕捉到的瞬间...  
那张照片里有我最喜欢的风景...  }, {type: text, text: }, {type: text, text: }, {type: text, text: false}, {type: text, text: 您好！我是您的回忆助手，很高兴与您一起回顾过去的时光。  
我想请您回忆一下，有没有一张照片让您想起某个特定的场景？  
那是和家人一起度假的时刻...  
那是我和朋友聚会时捕捉到的瞬间...  
那张照片里有我最喜欢的风景...  }]}],[]
[{role: assistant, content: [{type: text, text: 您好！我是您的回忆助手，很高兴与您一起回顾过去的时光。  
我想请您回忆一下，您有没有参加过一次难忘的聚会或活动？  
那次聚会的氛围让我至今难忘...  
聚会上有没有特别的表演或节目让您印象深刻...  
您是否和某位重要的人在那次活动中重聚...  }, {type: text, text: }, {type: text, text: }, {type: text, text: false}, {type: text, text: 您好！我是您的回忆助手，很高兴与您一起回顾过去的时光。  
我想请您回忆一下，您有没有参加过一次难忘的聚会或活动？  
那次聚会的氛围让我至今难忘...  
聚会上有没有特别的表演或节目让您印象深刻...  
您是否和某位重要的人在那次活动中重聚...  }]}, {role: assistant, content: [{type: text, text: 您好！我是您的回忆助手，很高兴与您一起回顾过去的时光。  
我想请您回忆一下，有没有一张照片让您想起某个特定的场景？  
那是和家人一起度假的时刻...  
那是我和朋友聚会时捕捉到的瞬间...  
那张照片里有我最喜欢的风景...  }, {type: text, text: }, {type: text, text: }, {type: text, text: false}, {type: text, text: 您好！我是您的回忆助手，很高兴与您一起回顾过去的时光。  
我想请您回忆一下，有没有一张照片让您想起某个特定的场景？  
那是和家人一起度假的时刻...  
那是我和朋友聚会时捕捉到的瞬间...  
那张照片里有我最喜欢的风景...  }]}],[]
[{role: assistant, content: [{type: text, text: 您好！我是您的回忆助手，很高兴与您一起回顾过去的时光。  
我想请您回忆一下，您有没有参加过一次难忘的聚会或活动？  
那次聚会的氛围让我至今难忘...  
聚会上有没有特别的表演或节目让您印象深刻...  
您是否和某位重要的人在那次活动中重聚...  }, {type: text, text: }, {type: text, text: }, {type: text, text: false}, {type: text, text: 您好！我是您的回忆助手，很高兴与您一起回顾过去的时光。  
我想请您回忆一下，您有没有参加过一次难忘的聚会或活动？  
那次聚会的氛围让我至今难忘...  
聚会上有没有特别的表演或节目让您印象深刻...  
您是否和某位重要的人在那次活动中重聚...  }]}, {role: assistant, content: [{type: text, text: 您好！我是您的回忆助手，很高兴与您一起回顾过去的时光。  
我想请您回忆一下，有没有一张照片让您想起某个特定的场景？  
那是和家人一起度假的时刻...  
那是我和朋友聚会时捕捉到的瞬间...  
那张照片里有我最喜欢的风景...  }, {type: text, text: }, {type: text, text: }, {type: text, text: false}, {type: text, text: 您好！我是您的回忆助手，很高兴与您一起回顾过去的时光。  
我想请您回忆一下，有没有一张照片让您想起某个特定的场景？  
那是和家人一起度假的时刻...  
那是我和朋友聚会时捕捉到的瞬间...  
那张照片里有我最喜欢的风景...  }]}],[-0.023410324,0.005292264,0.016932512,-0.015811877,-0.015060232,0.033892356,0.0009182027,-0.0032850301,-0.028945165,-0.03061245,-0.017315166,0.018709127,-0.012381643,-0.030694447,-0.017096506,-0.001208611,0.029191157,0.017807152,0.021319384,-0.0145409135,0.011069681,0.023055002,-0.002154146,0.015046566,-0.017902816,-0.0054938416,0.019378774,-0.018681794,0.020909397,-0.0013623565,0.023328327,-0.011110679,-0.0069185505,-0.027523872,-0.004885692,-0.028207187,-0.010564028,0.00097201363,0.026088914,0.011787159,0.013707271,0.008746414,0.012415809,0.02438063,-0.015101231,0.0207864,-0.0072021256,-0.04201012,0.02361532,0.016249198,0.020868398,0.038866878,-0.023150666,-0.009429728,-0.0026358822,-0.009518558,0.012347477,0.05728901,-0.0092998985,-0.026307574,-0.0015451428,0.009231566,-0.025678925,0.006429981,0.018545132,0.0024223467,-0.019952757,-0.010338535,0.023123333,0.014609245,-0.003987135,0.019857094,0.005791083,-0.014021595,0.04911658,-0.014978235,0.0136252735,-0.0051351017,0.009996878,0.00073541625,0.0026358822,-0.023082335,0.009511725,0.040124174,-0.00044842454,0.044169392,-0.00042728454,0.026444236,-0.034603,-0.02921849,0.015989538,0.013925931,0.012873628,0.019187447,0.021661041,0.03083111,-0.0014597287,0.031159101,-0.0033704443,-0.010058376,0.009388729,0.005528007,-0.040725492,-0.009211067,-0.019665767,0.0007264478,0.029027162,0.0031193267,0.012258646,0.014868904,-0.033291038,0.05920229,0.0017065757,-0.003758225,-0.062646195,-0.014827905,0.020144084,-0.017957482,-0.015265226,-0.030475788,-0.00472853,0.031159101,0.0038983042,-0.029409818,0.0044244556,0.016071536,0.014130926,-0.017615825,0.015661549,-0.0058013326,0.047667958,0.0074071195,0.018613463,0.01631753,-0.021729372,0.00993538,-0.007065463,0.008582419,-0.020103086,-0.0050189383,0.0046704486,0.021565378,-0.013105955,-0.01536089,0.019679433,0.031186434,-0.008705416,0.005756917,0.012361143,0.022891006,0.022057364,-0.0041852957,-0.0024189302,0.009812383,0.0036488946,-0.0011343006,-0.0022686012,0.011295174,-0.016768515,-0.03266239,0.006327484,0.025829254,0.013652606,0.0011445503,0.012607136,0.038839545,-0.0039837183,-0.012258646,0.02899983,-0.016208198,-0.035914965,0.018982451,-0.02734621,0.0015494137,-0.016303863,0.0009113695,0.027783532,0.016522523,-0.022002699,-0.011507001,-0.032389063,-0.025378268,0.006908301,0.008910409,-0.01525156,-0.007290956,-0.003536148,-0.017205836,-0.0065837265,-0.0065153954,0.0078034415,0.038839545,-0.006344567,-0.0072499574,-0.6192461,-0.0025641343,0.0016032245,-0.016508857,0.018763792,0.001311108,-0.0050086887,0.018135143,-0.013208452,-0.026990887,-0.02067707,0.025009278,0.008664416,-0.004342458,-0.018681794,-0.011165344,0.0036830604,0.0024155136,0.00048259023,0.0047763623,-0.018613463,0.024899948,-0.0037103929,0.004352708,-0.0127233,-0.0067477217,-0.010126708,-0.0009617639,-0.02815252,0.045071367,-0.031842414,-0.010529863,0.003378986,-0.0094775595,0.058382314,0.015101231,-0.033564363,0.023628986,0.008534587,0.032580394,-0.009211067,0.00041404535,0.012258646,0.0070996284,0.009183735,-0.0055314237,-0.019091783,0.011513834,0.016823182,-0.01455458,-0.003187658,-0.0026734646,-0.004239961,0.00782394,-0.006296735,-0.034657665,0.021620043,-0.030120464,-0.025583262,0.008828412,0.015374556,0.023574319,-0.014404251,-0.02254935,-0.027100218,0.02815252,-0.0024582208,-0.0014144592,-0.0014665618,-0.01756116,0.004492787,0.012825796,-0.0105776945,0.0051966,-0.0029279988,0.010953517,0.020075753,0.0051761004,-0.015183228,0.013843934,0.015893875,-0.018763792,-0.0007687278,-0.018121477,-0.012415809,0.00015257111,-0.03381036,-0.022563016,0.034821663,-0.0012111734,0.0060063265,-0.006330901,-0.000787946,0.0047831954,-0.019242112,0.043868735,-0.032088406,0.009593723,0.011110679,-0.0300658,0.013652606,0.00910857,0.010748523,0.026703896,0.0121629825,0.015456554,-0.029491816,0.004834444,0.03296305,-0.018463133,-0.0013555234,-0.0007290102,0.016440526,-0.031979077,-0.017205836,-0.022235025,0.023300994,0.022522017,0.022535684,-0.002622216,0.0015673506,-0.0070107975,0.0042126286,-0.005821832,0.0134407785,0.02533727,-0.0014050637,-0.0132631175,-0.011008183,0.014308587,0.012053652,-0.01525156,0.014841571,-0.012169816,0.017629491,-0.008240762,0.015497552,-0.005148768,0.030776445,-0.018668128,0.029409818,0.015401889,0.010680192,-0.04362274,-0.027728867,-0.023505988,-0.014089927,-0.0027383792,-0.027769865,0.0034900242,-0.0034678166,-0.0009643263,-0.008069933,0.0152105605,0.000032777698,0.0075096167,-0.0020072337,-0.0063343174,-0.027318878,-0.011520667,0.0034866077,-0.010126708,-0.015169562,-0.0024411378,-0.018449467,-0.028261852,0.0101540405,0.0145409135,-0.017397165,-0.01605787,-0.0173835,-0.0047763623,-0.018203475,-0.029683143,0.015688881,0.023820313,-0.022590348,-0.013891766,0.027305212,-0.016522523,-0.015852876,0.01564788,-0.0028528343,-0.008917242,0.011110679,-0.0019115699,0.010987683,0.012108318,-0.024722286,0.027797198,-0.0055109244,0.033154376,-0.014991901,-0.0080152685,-0.009655221,0.022084696,-0.012238147,0.010769023,0.004919858,0.009183735,0.009026573,-0.008186097,0.022330688,-0.012121984,-0.0039017207,-0.0037445587,0.015429221,-0.0017433038,0.024995612,-0.011746161,0.024681287,-0.020663403,-0.0027691284,-0.0071952925,0.0058867466,0.014964568,0.0042126286,0.010304369,-0.014896236,-0.02514594,0.004144297,-0.009286232,-0.010557195,0.0080152685,-0.013365614,0.009887548,0.013235785,0.016522523,-0.012176649,0.00086823537,0.015060232,0.0058491644,0.012060485,-0.00072303123,-0.008315926,-0.022139361,0.03566897,-0.027291546,0.032607727,-0.0019986923,-0.004325375,0.01784815,0.0015562468,-0.028316516,0.020007422,-0.0054938416,0.015128563,0.014007929,-0.0017526994,0.028097855,-0.009033406,0.026184577,-0.009545892,-0.019078117,0.0081997635,0.0049232747,-0.019447105,0.016344862,0.008739581,0.031131769,-0.011957988,-0.0025914668,0.024421629,0.0053161797,0.0017509911,-0.013837101,-0.00042899282,-0.004981356,-0.030229794,-0.019337775,0.018162476,-0.017684156,-0.009880715,-0.012033152,0.011076514,0.0011565083,0.0128941275,-0.015224228,-0.008281761,-0.0049164416,-0.021879701,-0.03490366,0.01928311,0.0025043443,-0.00023958684,-0.023000335,-0.03501299,0.017219502,-0.008281761,0.00854142,0.002688839,0.012190315,0.00031581902,0.001130884,-0.0016373902,0.027318878,0.0073456215,-0.0082612615,-0.0029279988,-0.015005567,-0.021251053,-0.0035942297,-0.009627889,-0.027441874,0.019365108,-0.0042843763,-0.021278385,0.022481019,-0.008794246,-0.0019713598,-0.017875483,-0.012258646,-0.0044483715,-0.0034848994,0.027264213,0.011356672,-0.018244473,-0.010960351,0.030202461,0.011992154,-0.011459169,-0.017315166,-0.01444525,0.02089573,0.024448961,0.06740206,0.000026798705,-0.013700438,0.019365108,0.014021595,-0.039495528,-0.016768515,0.017369833,-0.015661549,-0.018381136,0.013584275,0.017957482,-0.0034592752,0.020923063,0.002622216,-0.008001602,0.005941412,0.014062594,-0.0127028,-0.008520921,-0.00010730159,0.006669141,0.01631753,-0.0089924075,-0.013775602,0.018340137,0.03129576,0.0049881893,-0.03266239,0.012518305,0.025104942,0.03793757,0.006693057,-0.03211574,0.02815252,0.0018278639,0.014431584,0.026061581,0.0011821325,0.006412898,0.030967772,0.015798211,-0.014021595,0.01631753,-0.021210054,0.0074959504,0.013181119,-0.013112788,0.0016553273,0.004895942,0.027838197,-0.015169562,-0.029573813,0.011049181,-0.004735363,-0.010639193,-0.020376412,0.0014076261,-0.010755356,0.01998009,-0.02041741,-0.005432343,-0.018285472,-0.024517292,-0.022781676,-0.032580394,-0.022166694,-0.0043356246,0.014855238,-0.0064026485,0.0088694105,-0.0047421963,0.00039440006,0.0015656423,0.017957482,0.017807152,-0.03200641,0.00936823,0.002297642,0.016454192,-0.030229794,0.020854732,-0.009340897,-0.023218997,0.0086234175,-0.0016553273,-0.0056544202,-0.0030099964,0.004547452,0.0051385183,0.0028460012,0.02716855,0.012395309,0.010236038,-0.0033106545,-0.0015468511,0.014007929,-0.0024804284,-0.019993756,-0.0040793824,-0.04479804,-0.011445503,-0.022617681,0.017465496,-0.0058423313,0.010222372,0.032799054,0.0027212964,-0.017615825,0.0075096167,-0.020226084,0.0008865994,-0.008220263,0.0038504722,0.0019440273,-0.0024787202,0.026936222,0.005774,-0.01213565,0.0053810948,-0.03665294,0.023177998,0.025760923,-0.011343006,0.009573224,-0.010557195,-0.015128563,0.013884933,-0.0066964733,-0.007584781,0.0011197801,-0.0012504639,0.0033277373,-0.02921849,-0.016071536,0.00021716561,0.0071474602,0.004352708,-0.014226589,-0.031596422,-0.021606376,-0.009634722,0.005340096,0.042638768,-0.030311791,-0.02111439,0.0068433858,0.0065905596,0.019447105,-0.0010352201,0.0017168254,-0.04154547,-0.005972161,0.00496769,-0.02976514,-0.019447105,0.023177998,0.0144179175,0.0008814746,0.03643428,0.008438923,-0.0084457565,0.0015733296,0.0015673506,0.025132274,-0.0016664311,-0.008329593,-0.013823435,0.0080767665,-0.0037616414,0.01821714,0.012067318,-0.02390231,-0.021305718,0.0024804284,0.013652606,0.0028169604,-0.017410832,-0.04824194,-0.019583767,-0.026075248,-0.024831617,-0.010427366,-0.027633203,0.0030937023,-0.0010591361,-0.007741943,0.033127043,-0.00060302427,0.016208198,-0.019857094,0.005473342,-0.0071132947,0.011015016,-0.0038231397,-0.017943816,-0.013420279,-0.012764298,0.005015522,0.028617173,0.0067272224,-0.0036693942,0.0075574485,0.00980555,0.009272566,-0.03793757,-0.010823688,0.0033089463,-0.01627653,-0.01862713,0.003230365,-0.0065598106,-0.0196111,0.0031227432,0.0046226163,-0.010167707,0.020116752,-0.005774,-0.010666525,-0.022412686,-0.008596085,0.034630332,0.004752446,0.026498903,0.02159271,-0.0041237976,-0.024913615,-0.07035397,0.02331466,-0.0024291798,0.020608738,0.033045046,-0.019993756,0.008165598,0.034220345,0.014595578,-0.009190568,-0.039878182,0.0050975196,0.012183482,0.0076052803,-0.0012581511,-0.016686518,-0.014759574,0.012477307,-0.022098362,-0.010591361,-0.015962206,-0.0075437822,-0.042884763,0.013891766,-0.0043151253,0.011575333,0.012436308,-0.007905939,0.007940104,0.00021438964,-0.00043454475,0.015060232,-0.006286485,0.023587985,-0.023464989,0.009074405,-0.008842078,0.033755694,0.0042843763,-0.019091783,0.0031893663,0.037746243,-0.021100724,-0.01224498,0.01259347,0.004885692,0.011732494,0.0035873963,-0.007673612,0.006549561,-0.0026478402,-0.0048515266,0.02584292,0.0075642816,0.021879701,0.010823688,0.0077146105,-0.01638586,0.016221866,0.0057705836,-0.0196521,-0.016290197,-0.008746414,-0.026457902,0.0044176225,0.019857094,-0.01627653,-0.0024923864,0.016098868,0.0034319425,-0.014581912,0.025637927,-0.024421629,-0.005046271,-0.029737808,-0.00588333,0.0058559976,-0.014923569,0.01671385,-0.011629998,-0.02760587,0.0048515266,0.017998481,0.014691243,-0.0046636155,0.019078117,0.018394802,-0.0053537623,-0.013775602,0.011349839,-0.028261852,0.00040016553,-0.020923063,0.019337775,0.00067562633,-0.04307609,0.019255778,-0.0076052803,0.019091783,0.0015519761,-0.051658507,-0.019911759,0.0040144674,0.004772946,0.0032371983,-0.021469714,-0.022850007,-0.012367976,-0.006863885,0.022440018,0.025050277,-0.0054870085,0.021688374,0.028480511,0.015442887,0.015743546,-0.0080152685,0.0077214437,-0.010236038,-0.011705162,-0.01642686,-0.008568753,0.0014776657,0.034329675,-0.014868904,-0.008363758,-0.025501264,-0.0061634886,-0.03845689,-0.018722793,-0.026198244,0.019488104,0.017274167,0.0050667706,-0.012497806,0.009682554,-0.00795377,0.017260501,-0.021551711,-0.013119621,0.010406867,-0.01235431,0.010844187,0.033291038,-0.036789604,-0.017834485,0.0130171245,-0.013413446,0.008630251,0.029601146,-0.010092542,-0.019665767,-0.019296777,0.0064914795,-0.012313311,-0.0026000084,0.024817951,-0.03222507,0.000056640292,-0.0070517967,-0.008165598,0.008732748,0.011049181,0.010967184,0.00888991,0.010475198,0.0022463936,-0.0016066411,0.011588999,-0.0105161965,0.021879701,-0.00035938024,-0.019447105,0.037664246,0.011021849,-0.001136863,-0.005148768,0.008862577,-0.016672852,-0.018791124,0.020854732,-0.014226589,0.010974017,-0.0060644085,0.020267082,-0.027482873,-0.012142483,0.0036215622,-0.0014870613,-0.045372024,-0.00021107984,0.014226589,-0.022590348,0.00047533002,-0.01671385,-0.04813261,-0.013645773,-0.006628142,-0.008001602,-0.023642652,-0.0300658,0.02745554,-0.010133541,-0.0069732154,0.00069569866,0.00450987,0.008042601,0.023096,0.2521154,-0.023519654,-0.0032696556,0.0092589,-0.023519654,0.017588492,0.0066486415,-0.00024641998,0.002447971,-0.00046892397,-0.008343259,0.0130786225,-0.006265986,-0.01642686,0.011971654,-0.05789033,-0.0531618,-0.03050312,-0.008384258,-0.032279734,0.013358781,-0.0028938332,0.005312763,-0.025637927,0.030585118,-0.0060644085,0.011520667,-0.012080984,-0.00797427,0.030885775,-0.03651628,-0.0022634764,0.013468111,0.015606883,-0.021196388,-0.003867555,0.008924075,0.0035805632,0.03214307,0.009867049,0.009443394,-0.026594566,0.02372465,0.008186097,0.012982959,-0.0026290491,-0.01350911,-0.023806646,-0.011664163,0.023014002,-0.011425003,-0.01719217,0.022125695,0.03834756,0.008602918,0.009272566,0.015661549,0.012682301,-0.021155389,0.022713345,-0.025501264,0.03676227,-0.005370845,0.0007892272,-0.011315674,0.008022102,0.007236291,-0.023177998,0.028179854,-0.01642686,0.0037753077,-0.0056544202,-0.026881557,-0.012566137,-0.024585623,-0.021989033,0.01917378,0.012497806,0.007468618,0.025815587,-0.014212923,-0.0033584863,0.008343259,0.0033584863,0.00087976624,-0.03405635,0.03083111,0.00041255058,-0.030749112,0.00019741357,-0.009621056,0.0023659733,-0.013761936,0.0017629492,0.0070996284,-0.002154146,0.0013512527,0.010242871,-0.02218036,-0.009224733,-0.018394802,0.052505817,0.023710983,0.027428208,-0.014431584,-0.025159607,0.004690948,0.0019389024,0.012060485,0.017902816,-0.012094651,-0.014281254,0.0026683398,-0.013447612,-0.01902345,-0.0098465495,-0.002285684,-0.006423148,0.014964568,-0.014677577,0.010680192,-0.026731228,-0.024107303,0.0000506613,-0.0018210307,-0.021510713,-0.0138712665,-0.0013546692,0.012074151,-0.039085537,0.049881894,-0.023464989,0.04296676,-0.0058799135,-0.012566137,0.011302007,0.025856586,0.0062523196,0.011281508,0.0031483674,0.009047072,-0.0054596756,0.01098085,-0.029573813,0.015415555,-0.011097013,-0.0048891087,0.008356925,0.014048927,-0.026826892,-0.027359877,0.0010719482,-0.0014511873,-0.017315166,0.019624766,-0.002393306,-0.0142949205,-0.008582419,0.0029792474,-0.0059994934,-0.05395444,-0.012757465,0.01788915,-0.002929707,-0.0023984308,-0.008404758,-0.17536561,0.015060232,0.0045132865,-0.041736796,-0.0028938332,-0.015347224,-0.011643664,-0.01167783,-0.005955078,0.0055655893,0.008186097,-0.022098362,-0.038402226,-0.021688374,-0.0027879195,0.03129576,-0.006211321,0.0039188038,0.017725155,0.01671385,0.017164838,-0.020185083,-0.022959337,0.002941665,0.01363894,-0.0072567905,0.021155389,-0.0052239327,-0.008958241,-0.0013777311,0.012060485,-0.012402142,0.018750126,0.0071747927,0.010803188,0.017684156,0.0066315588,0.017096506,-0.008664416,0.020280749,0.024626622,0.027154883,-0.016481524,0.012026319,-0.005910663,0.023328327,0.00013431383,-0.017137505,0.0012316728,0.013351948,0.0035293149,-0.04293943,0.05411844,0.0076667788,0.0043151253,0.022112029,0.014909903,0.011233675,0.014622911,0.024189303,0.0053332625,-0.02555593,-0.009949046,0.02111439,0.004540619,0.0030988273,-0.01352961,0.009853383,-0.0068433858,0.011705162,-0.0038299728,-0.0023540154,0.017943816,0.003566897,0.03252573,-0.0032525728,-0.025719924,0.01536089,0.011486501,0.0014819364,-0.0054357597,0.026717562,-0.017315166,0.0053810948,-0.01917378,0.017629491,0.04069816,-0.01176666,-0.007687278,-0.014390585,0.026034249,-0.037992235,-0.00025517493,0.004246794,-0.017137505,0.023956975,-0.025282603,0.006501729,-0.00980555,-0.0038778048,-0.0061259065,-0.00578425,0.016891513,-0.014745908,0.0067203892,0.002603425,-0.0041477135,0.0018876538,0.034548335,-0.022508351,-0.0056305043,0.016754849,0.011541167,0.026635565,-0.0006884385,0.015319891,-0.011110679,-0.03717226,0.028945165,0.0026358822,-0.0029484981,-0.022508351,0.00041959726,-0.00762578,-0.002087523,-0.010557195,-0.07286856,-0.03793757,0.004451788,0.0003598073,-0.016003205,-0.003734309,0.009737219,0.0029963301,-0.017588492,-0.000112426445,-0.018135143,-0.013447612,-0.016891513,0.001738179,0.005042854,0.0029382484,-0.0064573134,-0.017807152,-0.011486501,0.036160957,-0.0068536354,-0.028398514,0.010803188,-0.023560653,-0.008999241,0.013420279,-0.0031944911,0.028671838,0.0077077774,0.017902816,0.013837101,0.007885439,0.0002387327,-0.015688881,-0.0058184154,-0.0051692673,-0.043950733,-0.0029638729,0.030913107,-0.02555593,-0.010680192,0.0046943645,0.026635565,-0.016768515,0.010639193,-0.011916989,-0.023082335,0.020226084,-0.010359034,-0.0068160533,-0.011513834,0.008712249,-0.008773747,-0.0091154035,0.040862154,0.02218036,0.017998481,0.02492728,-0.0033994853,-0.0060780747,0.028972497,-0.034357008,-0.023519654,0.013939598,0.032935716,0.017547494,0.007905939,0.0025163023,-0.016303863,-0.0044996203,-0.019816095,0.02372465,-0.014472582,-0.0037445587,-0.012689134,-0.008965075,-0.0013538151,-0.008575586,0.023137,-0.046929978,-0.017725155,-0.006050742,0.010564028,-0.0027964609,0.009040239,0.0074617844,0.0026837143,-0.026990887,-0.0046806983,-0.026006917,-0.021346718,0.031514425,0.011466002,-0.0060780747,0.008138265,0.005124852,-0.01132934,0.006682807,-0.0070244637,-0.004943774,-0.007120128,-0.022207692,-0.07385253,0.020431077,-0.0057056686,0.0072089587,-0.006669141,-0.009744052,0.0056680865,-0.016959844,-0.012518305,0.003206449,0.0017356166,0.005528007,-0.015046566,0.0053435126,-0.022850007,-0.017998481,0.01085102,-0.016850514,0.0022788509,0.024025306,-0.0037001432,0.0145409135,-0.00008060965,-0.0032269484,0.0119784875,0.009928547,-0.018927786,0.031487092,-0.017998481,0.0014657077,0.02170204,-0.04020617,0.013802935,0.01679585,-0.00028250748,-0.0091154035,0.017902816,0.03331837,0.0105776945,0.032826386,-0.013317782,-0.028343849,0.001978193,0.0008391945,-0.009067572,0.008999241,-0.060240928,0.020950396,0.036379617,-0.035477642,0.008766914,0.022645013,-0.022822674,-0.003127868,-0.0137482695,-0.013126454,0.029792473,0.016768515,-0.01939244,0.017137505,0.018982451,-0.016249198,0.015005567,-0.00648123,0.03181508,-0.013338282,-0.000001152758,0.017971149,0.016563522,-0.015538552,-0.0043117087,0.0076394463,0.011240509,0.038839545,-0.001088177,0.0288905,-0.012197148,-0.0017749071,-0.033236373,0.028234519,0.033482365,-0.019624766,0.0037992236,0.017260501,0.017533828,0.03252573,-0.0038197231,0.013891766,-0.014827905,-0.0061259065,0.0064402306,0.011001349,0.0006717827,0.0135022765,0.019091783,0.009778217,-0.028425846,-0.012695967,0.021756705,0.011226842,0.0023898894,0.0068468023,0.0058867466,-0.005514341,-0.022713345,-0.0011334465,-0.051549178,-0.007960604,0.029737808,-0.002791336,-0.008520921,0.0037855573,0.01869546,0.019132782,-0.029355153,0.009375063,0.021879701,-0.009996878,-0.02690889,0.020034755,-0.002116564,0.011206343,0.0357783,-0.0022771426,0.027154883,0.02878117,-0.013796101,-0.030967772,0.017123839,-0.00773511,0.010208705,-0.021524379,-0.027687868,-0.019515436,-0.017916482,0.012197148,-0.0037206425,0.023833979,-0.019679433,0.052232493,0.011172177,-0.019310443,0.0075506154,0.010290703,-0.0099080475,0.007673612,-0.007919605,-0.023820313,0.017943816,0.017260501,-0.023806646,0.006990298,-0.0025128857,-0.021743039,-0.014103593,-0.0016331195,0.0075506154,0.0127711315,-0.0021917284,0.008787413,0.0068297195,0.015306225,0.0011582166,-0.018299138,0.005941412,0.013433945,-0.014035261,-0.013133287,-0.024394296,-0.00782394,0.0022036864,-0.029327821,-0.0064983126,0.0096620545,-0.028125187,-0.0014409376,-0.023642652,0.0024103888,0.015565884,0.020280749,0.012422642,-0.014472582,-0.017096506,0.010229205,-0.00089428667,-0.004950607,-0.00019912186,-0.022166694]
[{role: assistant, content: [{type: text, text: 您好！我是您的回忆助手，很高兴与您一起回顾过去的时光。  
我想请您回忆一下，您有没有参加过一次难忘的聚会或活动？  
那次聚会的氛围让我至今难忘...  
聚会上有没有特别的表演或节目让您印象深刻...  
您是否和某位重要的人在那次活动中重聚...  }, {type: text, text: }, {type: text, text: }, {type: text, text: false}, {type: text, text: 您好！我是您的回忆助手，很高兴与您一起回顾过去的时光。  
我想请您回忆一下，您有没有参加过一次难忘的聚会或活动？  
那次聚会的氛围让我至今难忘...  
聚会上有没有特别的表演或节目让您印象深刻...  
您是否和某位重要的人在那次活动中重聚...  }]}, {role: assistant, content: [{type: text, text: 您好！我是您的回忆助手，很高兴与您一起回顾过去的时光。  
我想请您回忆一下，有没有一张照片让您想起某个特定的场景？  
那是和家人一起度假的时刻...  
那是我和朋友聚会时捕捉到的瞬间...  
那张照片里有我最喜欢的风景...  }, {type: text, text: }, {type: text, text: }, {type: text, text: false}, {type: text, text: 您好！我是您的回忆助手，很高兴与您一起回顾过去的时光。  
我想请您回忆一下，有没有一张照片让您想起某个特定的场景？  
那是和家人一起度假的时刻...  
那是我和朋友聚会时捕捉到的瞬间...  
那张照片里有我最喜欢的风景...  }]}],[]
[{role: assistant, content: [{type: text, text: 您好！我是您的回忆助手，很高兴与您一起回顾过去的时光。  
我想请您回忆一下，您有没有参加过一次难忘的聚会或活动？  
那次聚会的氛围让我至今难忘...  
聚会上有没有特别的表演或节目让您印象深刻...  
您是否和某位重要的人在那次活动中重聚...  }, {type: text, text: }, {type: text, text: }, {type: text, text: false}, {type: text, text: 您好！我是您的回忆助手，很高兴与您一起回顾过去的时光。  
我想请您回忆一下，您有没有参加过一次难忘的聚会或活动？  
那次聚会的氛围让我至今难忘...  
聚会上有没有特别的表演或节目让您印象深刻...  
您是否和某位重要的人在那次活动中重聚...  }]}, {role: assistant, content: [{type: text, text: 您好！我是您的回忆助手，很高兴与您一起回顾过去的时光。  
我想请您回忆一下，有没有一张照片让您想起某个特定的场景？  
那是和家人一起度假的时刻...  
那是我和朋友聚会时捕捉到的瞬间...  
那张照片里有我最喜欢的风景...  }, {type: text, text: }, {type: text, text: }, {type: text, text: false}, {type: text, text: 您好！我是您的回忆助手，很高兴与您一起回顾过去的时光。  
我想请您回忆一下，有没有一张照片让您想起某个特定的场景？  
那是和家人一起度假的时刻...  
那是我和朋友聚会时捕捉到的瞬间...  
那张照片里有我最喜欢的风景...  }]}],[-0.02381444,0.0050855177,0.017129445,-0.016063126,-0.015147187,0.033657376,0.0011457794,-0.0032502199,-0.028817933,-0.031196643,-0.017484885,0.019316765,-0.012173799,-0.0311693,-0.017553238,-0.0010799889,0.029255396,0.01760792,0.021216998,-0.014600356,0.01136039,0.023007866,-0.0022044077,0.015037821,-0.018441835,-0.0056323474,0.019945618,-0.01853753,0.020779533,-0.0008099917,0.022871157,-0.010594828,-0.0072044833,-0.026904028,-0.005167542,-0.02840781,-0.01062217,0.000932174,0.025892392,0.011558616,0.01338366,0.008448521,0.01200975,0.0240195,-0.014873772,0.020560801,-0.007054105,-0.042269945,0.023513682,0.016404895,0.020834217,0.038578846,-0.023308622,-0.009555851,-0.0028759832,-0.00933712,0.0119550675,0.056924988,-0.0091115525,-0.026507577,-0.0012679617,0.00926193,-0.025400246,0.006650818,0.018783605,0.0026880105,-0.020328399,-0.010656347,0.023404317,0.014709722,-0.0040738825,0.01995929,0.0055298167,-0.013862137,0.049187344,-0.015051492,0.013786947,-0.0050547584,0.010191541,0.0012055889,0.0019258664,-0.022789134,0.009036363,0.040246677,-0.00078051415,0.044211194,-0.00035330333,0.026548589,-0.035079133,-0.029036663,0.016240846,0.014231247,0.012686452,0.019508155,0.022105597,0.030868543,-0.0010167618,0.0311693,-0.0035749,-0.009829266,0.009043198,0.0055503226,-0.040957555,-0.009398637,-0.02015068,0.0013875806,0.029474128,0.0037116075,0.0119619025,0.014381625,-0.033055864,0.058948256,0.001842133,-0.0030041465,-0.062393285,-0.014996808,0.020328399,-0.017977031,-0.01558465,-0.030485764,-0.0048189377,0.030731836,0.0036432538,-0.02969286,0.004036288,0.016063126,0.014053526,-0.017635262,0.015598321,-0.005437539,0.048339758,0.007423215,0.01868791,0.015912749,-0.02162712,0.010642676,-0.007368532,0.008660417,-0.020068655,-0.0046993187,0.004340462,0.021408388,-0.013089739,-0.015694017,0.020287387,0.031223984,-0.00842118,0.0054888045,0.0127342995,0.022037242,0.022324327,-0.004036288,-0.00199422,0.010868243,0.0030246526,-0.001062046,-0.0020249793,0.011305707,-0.01684236,-0.031798154,0.0067977784,0.026357198,0.013636569,0.001258563,0.012720629,0.038223404,-0.0033424974,-0.012638604,0.029200712,-0.016363883,-0.036364183,0.018715251,-0.02639821,0.0015559017,-0.016787676,0.0008621114,0.027806297,0.015871735,-0.02199623,-0.011674817,-0.03212625,-0.025400246,0.0069789155,0.009009021,-0.016076798,-0.0076761236,-0.0033595858,-0.01738919,-0.006476516,-0.0059706983,0.0074300505,0.038278088,-0.0063500614,-0.0070335986,-0.61944884,-0.0021992812,0.00093473727,-0.016473249,0.018728921,0.001291031,-0.005047923,0.017635262,-0.0137732765,-0.026616942,-0.020752192,0.025140502,0.008769783,-0.004709572,-0.018551202,-0.011045963,0.0035304702,0.0022744704,0.0004972734,0.0044498276,-0.018441835,0.024894428,-0.0038893272,0.00412173,-0.012618098,-0.007170306,-0.010512804,-0.000703189,-0.028161736,0.044320557,-0.031852838,-0.010485462,0.0034792048,-0.00961737,0.058346745,0.015147187,-0.033575352,0.023527354,0.008667253,0.03245435,-0.008865478,0.00073608424,0.012050763,0.0072454954,0.009583193,-0.005481969,-0.019275751,0.010950267,0.01670565,-0.0140261855,-0.003499711,-0.0031493981,-0.0040602116,0.008428015,-0.0063363905,-0.034176864,0.021613449,-0.030540446,-0.025988087,0.008530545,0.015817054,0.023390647,-0.014682381,-0.022433694,-0.026698967,0.027929334,-0.0020625738,-0.0017703616,-0.0017583997,-0.017689945,0.0046480536,0.013048727,-0.010717865,0.0047676726,-0.0029255396,0.011086975,0.020027643,0.0048804563,-0.015885407,0.013554544,0.015598321,-0.018742593,-0.000883472,-0.018305128,-0.0122148115,0.0004900108,-0.033438645,-0.022652427,0.03477838,-0.0014132133,0.0055674114,-0.006213354,-0.00068524614,0.0048462795,-0.019111702,0.0443479,-0.03190752,0.009781418,0.010875078,-0.029774884,0.013479356,0.008844973,0.01109381,0.026863016,0.012775312,0.014942125,-0.029474128,0.0044088154,0.033083204,-0.01778564,-0.001481567,-0.0008386148,0.016746664,-0.03283713,-0.017197799,-0.022009902,0.023431659,0.022638755,0.022693438,-0.0023086471,0.001710552,-0.007170306,0.004272108,-0.005625512,0.013588721,0.025605308,-0.0013482773,-0.012987209,-0.010752042,0.0145456735,0.011599628,-0.015365918,0.014518332,-0.012064434,0.017498555,-0.008428015,0.015789712,-0.005266655,0.03078652,-0.019125374,0.029009324,0.015516297,0.010854572,-0.04350031,-0.027710602,-0.023335963,-0.013985173,-0.0031869926,-0.028052371,0.0033988892,-0.0033424974,-0.0014072324,-0.008017892,0.015037821,0.00005767346,0.007539416,-0.0015550473,-0.0067704367,-0.027341492,-0.011968738,0.0040602116,-0.010041162,-0.015051492,-0.0027837057,-0.01834614,-0.028735908,0.009125222,0.01384163,-0.017115774,-0.015830724,-0.017307164,-0.0047471663,-0.018223105,-0.029036663,0.015488955,0.023732414,-0.02254306,-0.014053526,0.027614906,-0.016418565,-0.015871735,0.015352247,-0.00270339,-0.009104717,0.011066468,-0.0018387153,0.011169,0.011975573,-0.0249081,0.027560223,-0.005700701,0.032946497,-0.015352247,-0.0079495385,-0.009590028,0.021832181,-0.012269494,0.010499133,0.004675395,0.00842118,0.009384967,-0.007935868,0.022242304,-0.011503933,-0.00403287,-0.0032673082,0.014983137,-0.0022385847,0.025810368,-0.011777348,0.024251902,-0.020424094,-0.0024026337,-0.0070062573,0.006158671,0.014942125,0.0046617244,0.01035559,-0.014614027,-0.024251902,0.003971352,-0.00952851,-0.010451285,0.008366496,-0.012959867,0.00989762,0.012508732,0.01685603,-0.0120849395,0.00079802977,0.014490991,0.005611841,0.011743171,-0.000004705994,-0.008414344,-0.02252939,0.0359814,-0.027054407,0.03245435,-0.002365039,-0.0037731258,0.017512225,0.0015080542,-0.0285992,0.020260045,-0.0052119717,0.014682381,0.014217576,-0.0024658607,0.028298443,-0.009453321,0.02639821,-0.009747242,-0.019344104,0.0075189103,0.005020581,-0.019289423,0.016678309,0.009289272,0.031059934,-0.0122216465,-0.0032177519,0.024867088,0.0058032316,0.0014422637,-0.013281129,-0.00069464475,-0.0051504537,-0.03059513,-0.018797275,0.01814108,-0.01796336,-0.009227754,-0.012132787,0.011421909,0.0010389767,0.012782147,-0.015188199,-0.008489533,-0.004774508,-0.021845851,-0.034204207,0.0188793,0.0022505466,-0.00014311563,-0.023294952,-0.034395598,0.017717287,-0.008708265,0.0088586435,0.0023240268,0.011927726,0.00046053325,0.00068268285,-0.0016054582,0.027532883,0.0071498,-0.0075940993,-0.0025137083,-0.014449978,-0.020875229,-0.003533888,-0.009179906,-0.027655918,0.019658532,-0.004340462,-0.021353705,0.022652427,-0.008516875,-0.0018540949,-0.017867666,-0.012037092,-0.0051162764,-0.004101224,0.026904028,0.011367225,-0.01812741,-0.011558616,0.030458422,0.012064434,-0.011305707,-0.01740286,-0.014231247,0.020861559,0.024306586,0.06698666,0.00021061493,-0.013506697,0.019248411,0.014190234,-0.039344408,-0.017129445,0.016828688,-0.016336542,-0.01834614,0.013424672,0.017812982,-0.0039542634,0.020806875,0.002517126,-0.0075052395,0.0059433565,0.013493027,-0.012317342,-0.009166235,-0.000010893876,0.0068763853,0.016268188,-0.009009021,-0.013089739,0.018236775,0.031634107,0.004675395,-0.03302852,0.012713794,0.025167843,0.037649233,0.0065380344,-0.03242701,0.02895464,0.0019993465,0.014682381,0.025933405,0.0013098284,0.0058510792,0.030349055,0.016076798,-0.013650239,0.015844394,-0.021011936,0.0077649835,0.013315306,-0.012679617,0.0016165657,0.0051470357,0.027532883,-0.015160857,-0.029583493,0.010464956,-0.005164124,-0.011620134,-0.020533461,0.0013722011,-0.01081356,0.019562837,-0.02050612,-0.0055674114,-0.018660568,-0.024101526,-0.022761792,-0.03242701,-0.022146609,-0.0042891963,0.014627698,-0.00595361,0.009138893,-0.0049658986,0.00053828565,0.0015798255,0.017443871,0.017922347,-0.03242701,0.009220918,0.0020899153,0.016541602,-0.030458422,0.02069751,-0.008742442,-0.02328128,0.008762948,-0.0015960595,-0.0054580453,-0.002987058,0.004600206,0.0048667854,0.0029990198,0.02731415,0.012119116,0.010300907,-0.003369839,-0.00199422,0.014135552,-0.0022214963,-0.019849923,-0.0039508455,-0.044293217,-0.011873043,-0.02220129,0.017566908,-0.005700701,0.010109517,0.032673083,0.002267635,-0.016938055,0.0076897945,-0.020273715,0.0010637549,-0.008004222,0.0038824917,0.0013252079,-0.002725605,0.026863016,0.006097153,-0.012125951,0.0052051363,-0.03773126,0.023103561,0.025988087,-0.011251024,0.009432815,-0.010861408,-0.015133516,0.014176563,-0.006561958,-0.007224989,0.0014542256,-0.0013380243,0.0034433191,-0.028845273,-0.016172493,-0.00038812103,0.0072318246,0.004795014,-0.014258588,-0.031770814,-0.021927876,-0.0097677475,0.0049077976,0.04306285,-0.030376397,-0.021230668,0.0069549917,0.006452592,0.019521825,-0.0014627698,0.0015729902,-0.041531727,-0.005833991,0.0048872917,-0.029091347,-0.01960385,0.022884829,0.014559344,0.0009407182,0.036336843,0.008462192,-0.008708265,0.0022249138,0.0017806146,0.02492177,-0.0017754881,-0.008633076,-0.013670746,0.0077649835,-0.0045386874,0.018072726,0.012529238,-0.024238233,-0.020806875,0.0031049682,0.014121881,0.0028349708,-0.017266152,-0.04839444,-0.019453472,-0.026001759,-0.025167843,-0.01082723,-0.027628578,0.002922122,-0.0014234664,-0.0077308067,0.03278245,-0.00084929506,0.016035784,-0.01942613,0.005769055,-0.0073616966,0.010806724,-0.0033544593,-0.01852386,-0.014149222,-0.012850501,0.004914633,0.028462494,0.0066884123,-0.0037594552,0.007717136,0.00989762,0.009316613,-0.03773126,-0.01081356,0.0030451587,-0.0163092,-0.018974995,0.0032074987,-0.007054105,-0.019849923,0.0029733873,0.004849697,-0.010143694,0.019986631,-0.005560576,-0.011380896,-0.02239268,-0.009152564,0.03480572,0.005044505,0.025591636,0.021353705,-0.004675395,-0.025003795,-0.07048637,0.023390647,-0.0020232704,0.02036941,0.03278245,-0.019672204,0.008776619,0.035051793,0.014559344,-0.009740407,-0.039672505,0.004979569,0.012139622,0.007881185,-0.0009535345,-0.0168697,-0.014504662,0.012850501,-0.02199623,-0.010861408,-0.015885407,-0.0074710627,-0.042762093,0.014094539,-0.003957681,0.01181836,0.012980374,-0.008571558,0.0075462516,0.000011180908,-0.0007749604,0.014682381,-0.0063056317,0.022953182,-0.023431659,0.008530545,-0.008407509,0.03354801,0.004586535,-0.019125374,0.0026657954,0.0377586,-0.021326363,-0.012303671,0.012515568,0.004610459,0.012166964,0.003226296,-0.0078196665,0.0065141106,-0.002332571,-0.004788179,0.025783027,0.0078196665,0.022064583,0.010847737,0.007997386,-0.016227175,0.015912749,0.0058374084,-0.01982258,-0.015488955,-0.009084211,-0.026370868,0.0045045107,0.020410424,-0.016979067,-0.0021856106,0.016445907,0.0034706607,-0.014887442,0.025769357,-0.024128867,-0.0052495664,-0.030212348,-0.0059980396,0.0057758903,-0.014504662,0.016350212,-0.011476591,-0.027737943,0.004425904,0.017430201,0.014518332,-0.0046514715,0.018838288,0.018291458,-0.0052495664,-0.013670746,0.011080139,-0.028298443,0.0007719699,-0.020793205,0.01923474,0.0010876787,-0.043363605,0.01942613,-0.0082092825,0.019480813,0.0015832433,-0.051730104,-0.019398788,0.0050820997,0.0042891963,0.0035031287,-0.020875229,-0.023513682,-0.012515568,-0.0066405647,0.022461036,0.025154172,-0.005533234,0.021763828,0.029118689,0.015352247,0.01632287,-0.007224989,0.0072865076,-0.009494333,-0.012207976,-0.015694017,-0.008776619,0.0016208378,0.03466901,-0.014518332,-0.008216118,-0.025933405,-0.006018546,-0.03814138,-0.018482849,-0.026152138,0.01963119,0.01706109,0.0049077976,-0.012160128,0.009740407,-0.007847008,0.017717287,-0.021845851,-0.01319227,0.010321413,-0.012727465,0.010936596,0.0337394,-0.036719624,-0.01760792,0.013527203,-0.013007714,0.0088586435,0.029583493,-0.010417108,-0.019658532,-0.018947653,0.0064936043,-0.0126044275,-0.0029050335,0.024949111,-0.03264574,0.000149951,-0.00723866,-0.007942704,0.008817631,0.011073304,0.010840901,0.008851808,0.010006986,0.002018144,-0.0020745357,0.010820395,-0.01082723,0.022255974,0.00032083533,-0.019467141,0.03734848,0.010745206,-0.0015345413,-0.005044505,0.00935079,-0.016199835,-0.019193728,0.020957254,-0.013944161,0.010218883,-0.005806649,0.020793205,-0.026603272,-0.011873043,0.0035167993,-0.0015490664,-0.04508612,0.00008522856,0.014176563,-0.022857487,0.00077624206,-0.017074762,-0.048449125,-0.013527203,-0.0061415825,-0.0074710627,-0.023431659,-0.030102983,0.027587565,-0.009555851,-0.00723866,0.00046053325,0.0042345137,0.0082092825,0.022857487,0.25176045,-0.023882793,-0.0036159123,0.008872314,-0.023582036,0.018031714,0.0064252503,-0.0005002639,0.0019873846,-0.0004977006,-0.00852371,0.012809489,-0.0065790466,-0.016145151,0.012235317,-0.05790928,-0.053452615,-0.029829567,-0.009357626,-0.032290302,0.0136434045,-0.0029392103,0.005505893,-0.025536953,0.030185007,-0.0061757592,0.012358354,-0.012331013,-0.008284472,0.030649813,-0.036227476,-0.002397507,0.012563416,0.015940089,-0.021175986,-0.004128565,0.00980876,0.0032074987,0.032509033,0.00980876,0.009275601,-0.026220491,0.023390647,0.007942704,0.012597593,-0.0019480813,-0.013397331,-0.023541024,-0.011914055,0.023185585,-0.011606463,-0.017443871,0.022433694,0.03792265,0.008926997,0.009726736,0.015639333,0.012331013,-0.02165446,0.02252939,-0.025974417,0.03650089,-0.004914633,0.0007971754,-0.011647476,0.0076351115,0.0072318246,-0.023568366,0.028489834,-0.016623627,0.0038619856,-0.0058784205,-0.02673998,-0.011989244,-0.024716709,-0.021558765,0.019713216,0.012727465,0.0072865076,0.02585138,-0.0140261855,-0.0029733873,0.008352825,0.0025530118,0.0009962555,-0.033602692,0.031606764,-0.00010648229,-0.031278666,0.00035672102,-0.009521674,0.0025974417,-0.013916819,0.0012730882,0.007170306,-0.0015174528,0.0015909331,0.01062217,-0.02252939,-0.009460156,-0.018113738,0.052659713,0.02363672,0.027792627,-0.014313271,-0.024689367,0.004839444,0.0013551126,0.012078104,0.017334506,-0.012132787,-0.013909983,0.0029921846,-0.013677581,-0.0194398,-0.010143694,-0.0021463071,-0.0063124667,0.015256552,-0.014750735,0.010335084,-0.026999723,-0.024033172,-0.000059061895,-0.0022368757,-0.021025607,-0.013219611,-0.0017703616,0.012057598,-0.039317064,0.050308343,-0.023677731,0.04229729,-0.0060561406,-0.012290001,0.011127987,0.025919734,0.006572211,0.011579121,0.0035441408,0.009214083,-0.0052393135,0.010793054,-0.030075641,0.014873772,-0.010881914,-0.0047574197,0.008551052,0.0140261855,-0.026507577,-0.027081747,0.00107828,-0.001477295,-0.017443871,0.02036941,-0.0022437111,-0.0148054175,-0.008537381,0.0025273792,-0.005741713,-0.05446425,-0.013240118,0.018018043,-0.0028964893,-0.0022146609,-0.008530545,-0.17542301,0.015010479,0.004128565,-0.041504383,-0.002944337,-0.015160857,-0.011722664,-0.011408238,-0.0061860126,0.0063500614,0.008188777,-0.021955218,-0.038032014,-0.02125801,-0.0026435805,0.03130601,-0.006216772,0.00394401,0.018168421,0.016637297,0.017266152,-0.019945618,-0.022871157,0.002486367,0.013164928,-0.007313849,0.021476742,-0.005123112,-0.008879149,-0.0011919182,0.0123515185,-0.01264544,0.019002337,0.0071361293,0.009815595,0.017566908,0.0067738546,0.017320834,-0.008680924,0.01982258,0.024402281,0.026958711,-0.017156785,0.012802654,-0.00545121,0.023417987,0.00044002713,-0.017074762,0.0012534366,0.014395296,0.003455281,-0.043172214,0.053835396,0.0074300505,0.004261855,0.022310657,0.015639333,0.011155329,0.013875807,0.024156207,0.005471716,-0.026015429,-0.010362426,0.020670168,0.0043097027,0.0035133816,-0.013540873,0.009836102,-0.0065790466,0.011804689,-0.0035031287,-0.0024282662,0.018018043,0.0035167993,0.032673083,-0.003062247,-0.025796697,0.015133516,0.011743171,0.0018335888,-0.0055776644,0.027300479,-0.017512225,0.005769055,-0.018974995,0.017566908,0.040438067,-0.011661146,-0.0077581485,-0.014723393,0.025906064,-0.03811404,-0.00040093734,0.0042652725,-0.016459579,0.023664061,-0.025222527,0.006999422,-0.0093781315,-0.0038722388,-0.006596135,-0.0060014576,0.017211469,-0.014053526,0.0065585403,0.002180484,-0.00440198,0.0018182092,0.034751035,-0.02273445,-0.006093735,0.017143115,0.012023421,0.027546553,-0.00078478624,0.015871735,-0.0111826705,-0.036801647,0.029364763,0.0031528159,-0.0021087124,-0.022638755,0.00011919181,-0.007313849,-0.0021087124,-0.010697358,-0.07245495,-0.03753987,0.003937175,0.00014557208,-0.015461613,-0.0034313572,0.009726736,0.0029033246,-0.01793602,-0.00024735506,-0.018414496,-0.013684416,-0.017279822,0.0018660568,0.00545121,0.002332571,-0.0056426004,-0.017662603,-0.011667982,0.036172792,-0.007662453,-0.028708566,0.010868243,-0.023390647,-0.008571558,0.012775312,-0.0027939586,0.028571859,0.00769663,0.018359812,0.013657075,0.0075189103,0.00025440403,-0.016022114,-0.006264619,-0.0053657675,-0.04456663,-0.0025017464,0.031415373,-0.025441257,-0.010389767,0.004709572,0.0265896,-0.017430201,0.010765713,-0.0119619025,-0.022871157,0.020314729,-0.01099128,-0.006585882,-0.011736335,0.008735606,-0.008667253,-0.009193577,0.04082085,0.022556731,0.01834614,0.025345562,-0.0028794007,-0.0055400697,0.028681224,-0.035461914,-0.023541024,0.012884678,0.03264574,0.01779931,0.008263966,0.0027512377,-0.016404895,-0.0045797,-0.01997296,0.023664061,-0.0144089665,-0.003433066,-0.012946196,-0.009255095,-0.0013277712,-0.009015857,0.023144573,-0.04653522,-0.01793602,-0.0055400697,0.010888749,-0.0024265575,0.009425979,0.0081546,0.0033117381,-0.02731415,-0.0049077976,-0.025536953,-0.020547131,0.031087276,0.011223682,-0.0060356343,0.0074300505,0.005136783,-0.011155329,0.0064970218,-0.007095117,-0.0054888045,-0.007313849,-0.022283316,-0.07365798,0.020205362,-0.0054990575,0.0067465133,-0.006572211,-0.0095080035,0.00540678,-0.016938055,-0.012488226,0.0033407884,0.0017720704,0.0050855177,-0.014518332,0.005649436,-0.022884829,-0.017621592,0.010553815,-0.016623627,0.0017908677,0.023800768,-0.004101224,0.014190234,-0.00039773327,-0.002922122,0.012146458,0.00998648,-0.019180056,0.0314974,-0.017744629,0.0011842283,0.021422058,-0.040082626,0.01410821,0.017020078,-0.00087578216,-0.009391802,0.01758058,0.033356618,0.01119634,0.033165228,-0.013253788,-0.028626543,0.0017045711,0.0013790365,-0.009398637,0.009282436,-0.06047938,0.020929912,0.036036085,-0.035625964,0.008448521,0.023144573,-0.023609377,-0.003127183,-0.014326941,-0.013096575,0.02988425,0.016473249,-0.019521825,0.01703375,0.018605886,-0.015885407,0.014901113,-0.006097153,0.03204423,-0.013226447,-0.000496419,0.018264117,0.015653005,-0.014860101,-0.0040499587,0.0076897945,0.011408238,0.039289724,-0.00055152917,0.02914603,-0.012125951,-0.0019327017,-0.03259106,0.028380468,0.033766743,-0.020314729,0.0027734526,0.017088432,0.017143115,0.03278245,-0.003803885,0.0140261855,-0.0148054175,-0.0059775338,0.006661071,0.010799889,0.0002094401,0.013356319,0.019248411,0.009665217,-0.028161736,-0.012611263,0.0214494,0.011490262,0.0025137083,0.0068251197,0.0061757592,-0.00540678,-0.022242304,-0.0016404896,-0.051538713,-0.008216118,0.029829567,-0.0021394717,-0.008940668,0.0032843966,0.018373482,0.018961325,-0.028927298,0.008462192,0.022502048,-0.0096310405,-0.0265896,0.01997296,-0.0016763752,0.0111826705,0.03592672,-0.0023120649,0.027519211,0.02840781,-0.013855301,-0.03059513,0.017197799,-0.0071224584,0.010164199,-0.021599779,-0.02731415,-0.019453472,-0.01740286,0.012016586,-0.0034621165,0.024279244,-0.01980891,0.052331615,0.011025457,-0.018920312,0.007922197,0.0098839495,-0.009289272,0.007662453,-0.008024728,-0.024087854,0.018250445,0.01778564,-0.02421089,0.006073229,-0.0029357928,-0.02109396,-0.014203905,-0.0013491317,0.00778549,0.01292569,-0.0010757168,0.00899535,0.0068866382,0.015379589,0.001029578,-0.017717287,0.0055263992,0.012816324,-0.014135552,-0.01274797,-0.024388611,-0.008058905,0.0024060514,-0.029255396,-0.0061279116,0.009405473,-0.028243762,-0.0019361194,-0.02362305,0.0023923805,0.015735028,0.020137008,0.012365189,-0.0142859295,-0.016965395,0.010191541,-0.00051436183,-0.0045797,0.0004383183,-0.022433694]
[{role: assistant, content: [{type: text, text: 您好！我是您的回忆助手，很高兴与您一起回顾过去的时光。  
我想请您回忆一下，您有没有参加过一次难忘的聚会或活动？  
那次聚会的氛围让我至今难忘...  
聚会上有没有特别的表演或节目让您印象深刻...  
您是否和某位重要的人在那次活动中重聚...  }, {type: text, text: }, {type: text, text: }, {type: text, text: false}, {type: text, text: 您好！我是您的回忆助手，很高兴与您一起回顾过去的时光。  
我想请您回忆一下，您有没有参加过一次难忘的聚会或活动？  
那次聚会的氛围让我至今难忘...  
聚会上有没有特别的表演或节目让您印象深刻...  
您是否和某位重要的人在那次活动中重聚...  }]}, {role: assistant, content: [{type: text, text: 您好！我是您的回忆助手，很高兴与您一起回顾过去的时光。  
我想请您回忆一下，有没有一张照片让您想起某个特定的场景？  
那是和家人一起度假的时刻...  
那是我和朋友聚会时捕捉到的瞬间...  
那张照片里有我最喜欢的风景...  }, {type: text, text: }, {type: text, text: }, {type: text, text: false}, {type: text, text: 您好！我是您的回忆助手，很高兴与您一起回顾过去的时光。  
我想请您回忆一下，有没有一张照片让您想起某个特定的场景？  
那是和家人一起度假的时刻...  
那是我和朋友聚会时捕捉到的瞬间...  
那张照片里有我最喜欢的风景...  }]}],[]
[{role: assistant, content: [{type: text, text: 您好！我是您的回忆助手，很高兴与您一起回顾过去的时光。  
我想请您回忆一下，您有没有参加过一次难忘的聚会或活动？  
那次聚会的氛围让我至今难忘...  
聚会上有没有特别的表演或节目让您印象深刻...  
您是否和某位重要的人在那次活动中重聚...  }, {type: text, text: }, {type: text, text: }, {type: text, text: false}, {type: text, text: 您好！我是您的回忆助手，很高兴与您一起回顾过去的时光。  
我想请您回忆一下，您有没有参加过一次难忘的聚会或活动？  
那次聚会的氛围让我至今难忘...  
聚会上有没有特别的表演或节目让您印象深刻...  
您是否和某位重要的人在那次活动中重聚...  }]}, {role: assistant, content: [{type: text, text: 您好！我是您的回忆助手，很高兴与您一起回顾过去的时光。  
我想请您回忆一下，有没有一张照片让您想起某个特定的场景？  
那是和家人一起度假的时刻...  
那是我和朋友聚会时捕捉到的瞬间...  
那张照片里有我最喜欢的风景...  }, {type: text, text: }, {type: text, text: }, {type: text, text: false}, {type: text, text: 您好！我是您的回忆助手，很高兴与您一起回顾过去的时光。  
我想请您回忆一下，有没有一张照片让您想起某个特定的场景？  
那是和家人一起度假的时刻...  
那是我和朋友聚会时捕捉到的瞬间...  
那张照片里有我最喜欢的风景...  }]}],[-0.023410324,0.005292264,0.016932512,-0.015811877,-0.015060232,0.033892356,0.0009182027,-0.0032850301,-0.028945165,-0.03061245,-0.017315166,0.018709127,-0.012381643,-0.030694447,-0.017096506,-0.001208611,0.029191157,0.017807152,0.021319384,-0.0145409135,0.011069681,0.023055002,-0.002154146,0.015046566,-0.017902816,-0.0054938416,0.019378774,-0.018681794,0.020909397,-0.0013623565,0.023328327,-0.011110679,-0.0069185505,-0.027523872,-0.004885692,-0.028207187,-0.010564028,0.00097201363,0.026088914,0.011787159,0.013707271,0.008746414,0.012415809,0.02438063,-0.015101231,0.0207864,-0.0072021256,-0.04201012,0.02361532,0.016249198,0.020868398,0.038866878,-0.023150666,-0.009429728,-0.0026358822,-0.009518558,0.012347477,0.05728901,-0.0092998985,-0.026307574,-0.0015451428,0.009231566,-0.025678925,0.006429981,0.018545132,0.0024223467,-0.019952757,-0.010338535,0.023123333,0.014609245,-0.003987135,0.019857094,0.005791083,-0.014021595,0.04911658,-0.014978235,0.0136252735,-0.0051351017,0.009996878,0.00073541625,0.0026358822,-0.023082335,0.009511725,0.040124174,-0.00044842454,0.044169392,-0.00042728454,0.026444236,-0.034603,-0.02921849,0.015989538,0.013925931,0.012873628,0.019187447,0.021661041,0.03083111,-0.0014597287,0.031159101,-0.0033704443,-0.010058376,0.009388729,0.005528007,-0.040725492,-0.009211067,-0.019665767,0.0007264478,0.029027162,0.0031193267,0.012258646,0.014868904,-0.033291038,0.05920229,0.0017065757,-0.003758225,-0.062646195,-0.014827905,0.020144084,-0.017957482,-0.015265226,-0.030475788,-0.00472853,0.031159101,0.0038983042,-0.029409818,0.0044244556,0.016071536,0.014130926,-0.017615825,0.015661549,-0.0058013326,0.047667958,0.0074071195,0.018613463,0.01631753,-0.021729372,0.00993538,-0.007065463,0.008582419,-0.020103086,-0.0050189383,0.0046704486,0.021565378,-0.013105955,-0.01536089,0.019679433,0.031186434,-0.008705416,0.005756917,0.012361143,0.022891006,0.022057364,-0.0041852957,-0.0024189302,0.009812383,0.0036488946,-0.0011343006,-0.0022686012,0.011295174,-0.016768515,-0.03266239,0.006327484,0.025829254,0.013652606,0.0011445503,0.012607136,0.038839545,-0.0039837183,-0.012258646,0.02899983,-0.016208198,-0.035914965,0.018982451,-0.02734621,0.0015494137,-0.016303863,0.0009113695,0.027783532,0.016522523,-0.022002699,-0.011507001,-0.032389063,-0.025378268,0.006908301,0.008910409,-0.01525156,-0.007290956,-0.003536148,-0.017205836,-0.0065837265,-0.0065153954,0.0078034415,0.038839545,-0.006344567,-0.0072499574,-0.6192461,-0.0025641343,0.0016032245,-0.016508857,0.018763792,0.001311108,-0.0050086887,0.018135143,-0.013208452,-0.026990887,-0.02067707,0.025009278,0.008664416,-0.004342458,-0.018681794,-0.011165344,0.0036830604,0.0024155136,0.00048259023,0.0047763623,-0.018613463,0.024899948,-0.0037103929,0.004352708,-0.0127233,-0.0067477217,-0.010126708,-0.0009617639,-0.02815252,0.045071367,-0.031842414,-0.010529863,0.003378986,-0.0094775595,0.058382314,0.015101231,-0.033564363,0.023628986,0.008534587,0.032580394,-0.009211067,0.00041404535,0.012258646,0.0070996284,0.009183735,-0.0055314237,-0.019091783,0.011513834,0.016823182,-0.01455458,-0.003187658,-0.0026734646,-0.004239961,0.00782394,-0.006296735,-0.034657665,0.021620043,-0.030120464,-0.025583262,0.008828412,0.015374556,0.023574319,-0.014404251,-0.02254935,-0.027100218,0.02815252,-0.0024582208,-0.0014144592,-0.0014665618,-0.01756116,0.004492787,0.012825796,-0.0105776945,0.0051966,-0.0029279988,0.010953517,0.020075753,0.0051761004,-0.015183228,0.013843934,0.015893875,-0.018763792,-0.0007687278,-0.018121477,-0.012415809,0.00015257111,-0.03381036,-0.022563016,0.034821663,-0.0012111734,0.0060063265,-0.006330901,-0.000787946,0.0047831954,-0.019242112,0.043868735,-0.032088406,0.009593723,0.011110679,-0.0300658,0.013652606,0.00910857,0.010748523,0.026703896,0.0121629825,0.015456554,-0.029491816,0.004834444,0.03296305,-0.018463133,-0.0013555234,-0.0007290102,0.016440526,-0.031979077,-0.017205836,-0.022235025,0.023300994,0.022522017,0.022535684,-0.002622216,0.0015673506,-0.0070107975,0.0042126286,-0.005821832,0.0134407785,0.02533727,-0.0014050637,-0.0132631175,-0.011008183,0.014308587,0.012053652,-0.01525156,0.014841571,-0.012169816,0.017629491,-0.008240762,0.015497552,-0.005148768,0.030776445,-0.018668128,0.029409818,0.015401889,0.010680192,-0.04362274,-0.027728867,-0.023505988,-0.014089927,-0.0027383792,-0.027769865,0.0034900242,-0.0034678166,-0.0009643263,-0.008069933,0.0152105605,0.000032777698,0.0075096167,-0.0020072337,-0.0063343174,-0.027318878,-0.011520667,0.0034866077,-0.010126708,-0.015169562,-0.0024411378,-0.018449467,-0.028261852,0.0101540405,0.0145409135,-0.017397165,-0.01605787,-0.0173835,-0.0047763623,-0.018203475,-0.029683143,0.015688881,0.023820313,-0.022590348,-0.013891766,0.027305212,-0.016522523,-0.015852876,0.01564788,-0.0028528343,-0.008917242,0.011110679,-0.0019115699,0.010987683,0.012108318,-0.024722286,0.027797198,-0.0055109244,0.033154376,-0.014991901,-0.0080152685,-0.009655221,0.022084696,-0.012238147,0.010769023,0.004919858,0.009183735,0.009026573,-0.008186097,0.022330688,-0.012121984,-0.0039017207,-0.0037445587,0.015429221,-0.0017433038,0.024995612,-0.011746161,0.024681287,-0.020663403,-0.0027691284,-0.0071952925,0.0058867466,0.014964568,0.0042126286,0.010304369,-0.014896236,-0.02514594,0.004144297,-0.009286232,-0.010557195,0.0080152685,-0.013365614,0.009887548,0.013235785,0.016522523,-0.012176649,0.00086823537,0.015060232,0.0058491644,0.012060485,-0.00072303123,-0.008315926,-0.022139361,0.03566897,-0.027291546,0.032607727,-0.0019986923,-0.004325375,0.01784815,0.0015562468,-0.028316516,0.020007422,-0.0054938416,0.015128563,0.014007929,-0.0017526994,0.028097855,-0.009033406,0.026184577,-0.009545892,-0.019078117,0.0081997635,0.0049232747,-0.019447105,0.016344862,0.008739581,0.031131769,-0.011957988,-0.0025914668,0.024421629,0.0053161797,0.0017509911,-0.013837101,-0.00042899282,-0.004981356,-0.030229794,-0.019337775,0.018162476,-0.017684156,-0.009880715,-0.012033152,0.011076514,0.0011565083,0.0128941275,-0.015224228,-0.008281761,-0.0049164416,-0.021879701,-0.03490366,0.01928311,0.0025043443,-0.00023958684,-0.023000335,-0.03501299,0.017219502,-0.008281761,0.00854142,0.002688839,0.012190315,0.00031581902,0.001130884,-0.0016373902,0.027318878,0.0073456215,-0.0082612615,-0.0029279988,-0.015005567,-0.021251053,-0.0035942297,-0.009627889,-0.027441874,0.019365108,-0.0042843763,-0.021278385,0.022481019,-0.008794246,-0.0019713598,-0.017875483,-0.012258646,-0.0044483715,-0.0034848994,0.027264213,0.011356672,-0.018244473,-0.010960351,0.030202461,0.011992154,-0.011459169,-0.017315166,-0.01444525,0.02089573,0.024448961,0.06740206,0.000026798705,-0.013700438,0.019365108,0.014021595,-0.039495528,-0.016768515,0.017369833,-0.015661549,-0.018381136,0.013584275,0.017957482,-0.0034592752,0.020923063,0.002622216,-0.008001602,0.005941412,0.014062594,-0.0127028,-0.008520921,-0.00010730159,0.006669141,0.01631753,-0.0089924075,-0.013775602,0.018340137,0.03129576,0.0049881893,-0.03266239,0.012518305,0.025104942,0.03793757,0.006693057,-0.03211574,0.02815252,0.0018278639,0.014431584,0.026061581,0.0011821325,0.006412898,0.030967772,0.015798211,-0.014021595,0.01631753,-0.021210054,0.0074959504,0.013181119,-0.013112788,0.0016553273,0.004895942,0.027838197,-0.015169562,-0.029573813,0.011049181,-0.004735363,-0.010639193,-0.020376412,0.0014076261,-0.010755356,0.01998009,-0.02041741,-0.005432343,-0.018285472,-0.024517292,-0.022781676,-0.032580394,-0.022166694,-0.0043356246,0.014855238,-0.0064026485,0.0088694105,-0.0047421963,0.00039440006,0.0015656423,0.017957482,0.017807152,-0.03200641,0.00936823,0.002297642,0.016454192,-0.030229794,0.020854732,-0.009340897,-0.023218997,0.0086234175,-0.0016553273,-0.0056544202,-0.0030099964,0.004547452,0.0051385183,0.0028460012,0.02716855,0.012395309,0.010236038,-0.0033106545,-0.0015468511,0.014007929,-0.0024804284,-0.019993756,-0.0040793824,-0.04479804,-0.011445503,-0.022617681,0.017465496,-0.0058423313,0.010222372,0.032799054,0.0027212964,-0.017615825,0.0075096167,-0.020226084,0.0008865994,-0.008220263,0.0038504722,0.0019440273,-0.0024787202,0.026936222,0.005774,-0.01213565,0.0053810948,-0.03665294,0.023177998,0.025760923,-0.011343006,0.009573224,-0.010557195,-0.015128563,0.013884933,-0.0066964733,-0.007584781,0.0011197801,-0.0012504639,0.0033277373,-0.02921849,-0.016071536,0.00021716561,0.0071474602,0.004352708,-0.014226589,-0.031596422,-0.021606376,-0.009634722,0.005340096,0.042638768,-0.030311791,-0.02111439,0.0068433858,0.0065905596,0.019447105,-0.0010352201,0.0017168254,-0.04154547,-0.005972161,0.00496769,-0.02976514,-0.019447105,0.023177998,0.0144179175,0.0008814746,0.03643428,0.008438923,-0.0084457565,0.0015733296,0.0015673506,0.025132274,-0.0016664311,-0.008329593,-0.013823435,0.0080767665,-0.0037616414,0.01821714,0.012067318,-0.02390231,-0.021305718,0.0024804284,0.013652606,0.0028169604,-0.017410832,-0.04824194,-0.019583767,-0.026075248,-0.024831617,-0.010427366,-0.027633203,0.0030937023,-0.0010591361,-0.007741943,0.033127043,-0.00060302427,0.016208198,-0.019857094,0.005473342,-0.0071132947,0.011015016,-0.0038231397,-0.017943816,-0.013420279,-0.012764298,0.005015522,0.028617173,0.0067272224,-0.0036693942,0.0075574485,0.00980555,0.009272566,-0.03793757,-0.010823688,0.0033089463,-0.01627653,-0.01862713,0.003230365,-0.0065598106,-0.0196111,0.0031227432,0.0046226163,-0.010167707,0.020116752,-0.005774,-0.010666525,-0.022412686,-0.008596085,0.034630332,0.004752446,0.026498903,0.02159271,-0.0041237976,-0.024913615,-0.07035397,0.02331466,-0.0024291798,0.020608738,0.033045046,-0.019993756,0.008165598,0.034220345,0.014595578,-0.009190568,-0.039878182,0.0050975196,0.012183482,0.0076052803,-0.0012581511,-0.016686518,-0.014759574,0.012477307,-0.022098362,-0.010591361,-0.015962206,-0.0075437822,-0.042884763,0.013891766,-0.0043151253,0.011575333,0.012436308,-0.007905939,0.007940104,0.00021438964,-0.00043454475,0.015060232,-0.006286485,0.023587985,-0.023464989,0.009074405,-0.008842078,0.033755694,0.0042843763,-0.019091783,0.0031893663,0.037746243,-0.021100724,-0.01224498,0.01259347,0.004885692,0.011732494,0.0035873963,-0.007673612,0.006549561,-0.0026478402,-0.0048515266,0.02584292,0.0075642816,0.021879701,0.010823688,0.0077146105,-0.01638586,0.016221866,0.0057705836,-0.0196521,-0.016290197,-0.008746414,-0.026457902,0.0044176225,0.019857094,-0.01627653,-0.0024923864,0.016098868,0.0034319425,-0.014581912,0.025637927,-0.024421629,-0.005046271,-0.029737808,-0.00588333,0.0058559976,-0.014923569,0.01671385,-0.011629998,-0.02760587,0.0048515266,0.017998481,0.014691243,-0.0046636155,0.019078117,0.018394802,-0.0053537623,-0.013775602,0.011349839,-0.028261852,0.00040016553,-0.020923063,0.019337775,0.00067562633,-0.04307609,0.019255778,-0.0076052803,0.019091783,0.0015519761,-0.051658507,-0.019911759,0.0040144674,0.004772946,0.0032371983,-0.021469714,-0.022850007,-0.012367976,-0.006863885,0.022440018,0.025050277,-0.0054870085,0.021688374,0.028480511,0.015442887,0.015743546,-0.0080152685,0.0077214437,-0.010236038,-0.011705162,-0.01642686,-0.008568753,0.0014776657,0.034329675,-0.014868904,-0.008363758,-0.025501264,-0.0061634886,-0.03845689,-0.018722793,-0.026198244,0.019488104,0.017274167,0.0050667706,-0.012497806,0.009682554,-0.00795377,0.017260501,-0.021551711,-0.013119621,0.010406867,-0.01235431,0.010844187,0.033291038,-0.036789604,-0.017834485,0.0130171245,-0.013413446,0.008630251,0.029601146,-0.010092542,-0.019665767,-0.019296777,0.0064914795,-0.012313311,-0.0026000084,0.024817951,-0.03222507,0.000056640292,-0.0070517967,-0.008165598,0.008732748,0.011049181,0.010967184,0.00888991,0.010475198,0.0022463936,-0.0016066411,0.011588999,-0.0105161965,0.021879701,-0.00035938024,-0.019447105,0.037664246,0.011021849,-0.001136863,-0.005148768,0.008862577,-0.016672852,-0.018791124,0.020854732,-0.014226589,0.010974017,-0.0060644085,0.020267082,-0.027482873,-0.012142483,0.0036215622,-0.0014870613,-0.045372024,-0.00021107984,0.014226589,-0.022590348,0.00047533002,-0.01671385,-0.04813261,-0.013645773,-0.006628142,-0.008001602,-0.023642652,-0.0300658,0.02745554,-0.010133541,-0.0069732154,0.00069569866,0.00450987,0.008042601,0.023096,0.2521154,-0.023519654,-0.0032696556,0.0092589,-0.023519654,0.017588492,0.0066486415,-0.00024641998,0.002447971,-0.00046892397,-0.008343259,0.0130786225,-0.006265986,-0.01642686,0.011971654,-0.05789033,-0.0531618,-0.03050312,-0.008384258,-0.032279734,0.013358781,-0.0028938332,0.005312763,-0.025637927,0.030585118,-0.0060644085,0.011520667,-0.012080984,-0.00797427,0.030885775,-0.03651628,-0.0022634764,0.013468111,0.015606883,-0.021196388,-0.003867555,0.008924075,0.0035805632,0.03214307,0.009867049,0.009443394,-0.026594566,0.02372465,0.008186097,0.012982959,-0.0026290491,-0.01350911,-0.023806646,-0.011664163,0.023014002,-0.011425003,-0.01719217,0.022125695,0.03834756,0.008602918,0.009272566,0.015661549,0.012682301,-0.021155389,0.022713345,-0.025501264,0.03676227,-0.005370845,0.0007892272,-0.011315674,0.008022102,0.007236291,-0.023177998,0.028179854,-0.01642686,0.0037753077,-0.0056544202,-0.026881557,-0.012566137,-0.024585623,-0.021989033,0.01917378,0.012497806,0.007468618,0.025815587,-0.014212923,-0.0033584863,0.008343259,0.0033584863,0.00087976624,-0.03405635,0.03083111,0.00041255058,-0.030749112,0.00019741357,-0.009621056,0.0023659733,-0.013761936,0.0017629492,0.0070996284,-0.002154146,0.0013512527,0.010242871,-0.02218036,-0.009224733,-0.018394802,0.052505817,0.023710983,0.027428208,-0.014431584,-0.025159607,0.004690948,0.0019389024,0.012060485,0.017902816,-0.012094651,-0.014281254,0.0026683398,-0.013447612,-0.01902345,-0.0098465495,-0.002285684,-0.006423148,0.014964568,-0.014677577,0.010680192,-0.026731228,-0.024107303,0.0000506613,-0.0018210307,-0.021510713,-0.0138712665,-0.0013546692,0.012074151,-0.039085537,0.049881894,-0.023464989,0.04296676,-0.0058799135,-0.012566137,0.011302007,0.025856586,0.0062523196,0.011281508,0.0031483674,0.009047072,-0.0054596756,0.01098085,-0.029573813,0.015415555,-0.011097013,-0.0048891087,0.008356925,0.014048927,-0.026826892,-0.027359877,0.0010719482,-0.0014511873,-0.017315166,0.019624766,-0.002393306,-0.0142949205,-0.008582419,0.0029792474,-0.0059994934,-0.05395444,-0.012757465,0.01788915,-0.002929707,-0.0023984308,-0.008404758,-0.17536561,0.015060232,0.0045132865,-0.041736796,-0.0028938332,-0.015347224,-0.011643664,-0.01167783,-0.005955078,0.0055655893,0.008186097,-0.022098362,-0.038402226,-0.021688374,-0.0027879195,0.03129576,-0.006211321,0.0039188038,0.017725155,0.01671385,0.017164838,-0.020185083,-0.022959337,0.002941665,0.01363894,-0.0072567905,0.021155389,-0.0052239327,-0.008958241,-0.0013777311,0.012060485,-0.012402142,0.018750126,0.0071747927,0.010803188,0.017684156,0.0066315588,0.017096506,-0.008664416,0.020280749,0.024626622,0.027154883,-0.016481524,0.012026319,-0.005910663,0.023328327,0.00013431383,-0.017137505,0.0012316728,0.013351948,0.0035293149,-0.04293943,0.05411844,0.0076667788,0.0043151253,0.022112029,0.014909903,0.011233675,0.014622911,0.024189303,0.0053332625,-0.02555593,-0.009949046,0.02111439,0.004540619,0.0030988273,-0.01352961,0.009853383,-0.0068433858,0.011705162,-0.0038299728,-0.0023540154,0.017943816,0.003566897,0.03252573,-0.0032525728,-0.025719924,0.01536089,0.011486501,0.0014819364,-0.0054357597,0.026717562,-0.017315166,0.0053810948,-0.01917378,0.017629491,0.04069816,-0.01176666,-0.007687278,-0.014390585,0.026034249,-0.037992235,-0.00025517493,0.004246794,-0.017137505,0.023956975,-0.025282603,0.006501729,-0.00980555,-0.0038778048,-0.0061259065,-0.00578425,0.016891513,-0.014745908,0.0067203892,0.002603425,-0.0041477135,0.0018876538,0.034548335,-0.022508351,-0.0056305043,0.016754849,0.011541167,0.026635565,-0.0006884385,0.015319891,-0.011110679,-0.03717226,0.028945165,0.0026358822,-0.0029484981,-0.022508351,0.00041959726,-0.00762578,-0.002087523,-0.010557195,-0.07286856,-0.03793757,0.004451788,0.0003598073,-0.016003205,-0.003734309,0.009737219,0.0029963301,-0.017588492,-0.000112426445,-0.018135143,-0.013447612,-0.016891513,0.001738179,0.005042854,0.0029382484,-0.0064573134,-0.017807152,-0.011486501,0.036160957,-0.0068536354,-0.028398514,0.010803188,-0.023560653,-0.008999241,0.013420279,-0.0031944911,0.028671838,0.0077077774,0.017902816,0.013837101,0.007885439,0.0002387327,-0.015688881,-0.0058184154,-0.0051692673,-0.043950733,-0.0029638729,0.030913107,-0.02555593,-0.010680192,0.0046943645,0.026635565,-0.016768515,0.010639193,-0.011916989,-0.023082335,0.020226084,-0.010359034,-0.0068160533,-0.011513834,0.008712249,-0.008773747,-0.0091154035,0.040862154,0.02218036,0.017998481,0.02492728,-0.0033994853,-0.0060780747,0.028972497,-0.034357008,-0.023519654,0.013939598,0.032935716,0.017547494,0.007905939,0.0025163023,-0.016303863,-0.0044996203,-0.019816095,0.02372465,-0.014472582,-0.0037445587,-0.012689134,-0.008965075,-0.0013538151,-0.008575586,0.023137,-0.046929978,-0.017725155,-0.006050742,0.010564028,-0.0027964609,0.009040239,0.0074617844,0.0026837143,-0.026990887,-0.0046806983,-0.026006917,-0.021346718,0.031514425,0.011466002,-0.0060780747,0.008138265,0.005124852,-0.01132934,0.006682807,-0.0070244637,-0.004943774,-0.007120128,-0.022207692,-0.07385253,0.020431077,-0.0057056686,0.0072089587,-0.006669141,-0.009744052,0.0056680865,-0.016959844,-0.012518305,0.003206449,0.0017356166,0.005528007,-0.015046566,0.0053435126,-0.022850007,-0.017998481,0.01085102,-0.016850514,0.0022788509,0.024025306,-0.0037001432,0.0145409135,-0.00008060965,-0.0032269484,0.0119784875,0.009928547,-0.018927786,0.031487092,-0.017998481,0.0014657077,0.02170204,-0.04020617,0.013802935,0.01679585,-0.00028250748,-0.0091154035,0.017902816,0.03331837,0.0105776945,0.032826386,-0.013317782,-0.028343849,0.001978193,0.0008391945,-0.009067572,0.008999241,-0.060240928,0.020950396,0.036379617,-0.035477642,0.008766914,0.022645013,-0.022822674,-0.003127868,-0.0137482695,-0.013126454,0.029792473,0.016768515,-0.01939244,0.017137505,0.018982451,-0.016249198,0.015005567,-0.00648123,0.03181508,-0.013338282,-0.000001152758,0.017971149,0.016563522,-0.015538552,-0.0043117087,0.0076394463,0.011240509,0.038839545,-0.001088177,0.0288905,-0.012197148,-0.0017749071,-0.033236373,0.028234519,0.033482365,-0.019624766,0.0037992236,0.017260501,0.017533828,0.03252573,-0.0038197231,0.013891766,-0.014827905,-0.0061259065,0.0064402306,0.011001349,0.0006717827,0.0135022765,0.019091783,0.009778217,-0.028425846,-0.012695967,0.021756705,0.011226842,0.0023898894,0.0068468023,0.0058867466,-0.005514341,-0.022713345,-0.0011334465,-0.051549178,-0.007960604,0.029737808,-0.002791336,-0.008520921,0.0037855573,0.01869546,0.019132782,-0.029355153,0.009375063,0.021879701,-0.009996878,-0.02690889,0.020034755,-0.002116564,0.011206343,0.0357783,-0.0022771426,0.027154883,0.02878117,-0.013796101,-0.030967772,0.017123839,-0.00773511,0.010208705,-0.021524379,-0.027687868,-0.019515436,-0.017916482,0.012197148,-0.0037206425,0.023833979,-0.019679433,0.052232493,0.011172177,-0.019310443,0.0075506154,0.010290703,-0.0099080475,0.007673612,-0.007919605,-0.023820313,0.017943816,0.017260501,-0.023806646,0.006990298,-0.0025128857,-0.021743039,-0.014103593,-0.0016331195,0.0075506154,0.0127711315,-0.0021917284,0.008787413,0.0068297195,0.015306225,0.0011582166,-0.018299138,0.005941412,0.013433945,-0.014035261,-0.013133287,-0.024394296,-0.00782394,0.0022036864,-0.029327821,-0.0064983126,0.0096620545,-0.028125187,-0.0014409376,-0.023642652,0.0024103888,0.015565884,0.020280749,0.012422642,-0.014472582,-0.017096506,0.010229205,-0.00089428667,-0.004950607,-0.00019912186,-0.022166694]
[{role: assistant, content: [{type: text, text: 您好！我是您的回忆助手，很高兴与您一起回顾过去的时光。  
我想请您回忆一下，您有没有参加过一次难忘的聚会或活动？  
那次聚会的氛围让我至今难忘...  
聚会上有没有特别的表演或节目让您印象深刻...  
您是否和某位重要的人在那次活动中重聚...  }, {type: text, text: }, {type: text, text: }, {type: text, text: false}, {type: text, text: 您好！我是您的回忆助手，很高兴与您一起回顾过去的时光。  
我想请您回忆一下，您有没有参加过一次难忘的聚会或活动？  
那次聚会的氛围让我至今难忘...  
聚会上有没有特别的表演或节目让您印象深刻...  
您是否和某位重要的人在那次活动中重聚...  }]}, {role: assistant, content: [{type: text, text: 您好！我是您的回忆助手，很高兴与您一起回顾过去的时光。  
我想请您回忆一下，有没有一张照片让您想起某个特定的场景？  
那是和家人一起度假的时刻...  
那是我和朋友聚会时捕捉到的瞬间...  
那张照片里有我最喜欢的风景...  }, {type: text, text: }, {type: text, text: }, {type: text, text: false}, {type: text, text: 您好！我是您的回忆助手，很高兴与您一起回顾过去的时光。  
我想请您回忆一下，有没有一张照片让您想起某个特定的场景？  
那是和家人一起度假的时刻...  
那是我和朋友聚会时捕捉到的瞬间...  
那张照片里有我最喜欢的风景...  }]}],[]
[{role: assistant, content: [{type: text, text: 您好！我是您的回忆助手，很高兴与您一起回顾过去的时光。  
我想请您回忆一下，您有没有参加过一次难忘的聚会或活动？  
那次聚会的氛围让我至今难忘...  
聚会上有没有特别的表演或节目让您印象深刻...  
您是否和某位重要的人在那次活动中重聚...  }, {type: text, text: }, {type: text, text: }, {type: text, text: false}, {type: text, text: 您好！我是您的回忆助手，很高兴与您一起回顾过去的时光。  
我想请您回忆一下，您有没有参加过一次难忘的聚会或活动？  
那次聚会的氛围让我至今难忘...  
聚会上有没有特别的表演或节目让您印象深刻...  
您是否和某位重要的人在那次活动中重聚...  }]}, {role: assistant, content: [{type: text, text: 您好！我是您的回忆助手，很高兴与您一起回顾过去的时光。  
我想请您回忆一下，有没有一张照片让您想起某个特定的场景？  
那是和家人一起度假的时刻...  
那是我和朋友聚会时捕捉到的瞬间...  
那张照片里有我最喜欢的风景...  }, {type: text, text: }, {type: text, text: }, {type: text, text: false}, {type: text, text: 您好！我是您的回忆助手，很高兴与您一起回顾过去的时光。  
我想请您回忆一下，有没有一张照片让您想起某个特定的场景？  
那是和家人一起度假的时刻...  
那是我和朋友聚会时捕捉到的瞬间...  
那张照片里有我最喜欢的风景...  }]}],[-0.023410324,0.005292264,0.016932512,-0.015811877,-0.015060232,0.033892356,0.0009182027,-0.0032850301,-0.028945165,-0.03061245,-0.017315166,0.018709127,-0.012381643,-0.030694447,-0.017096506,-0.001208611,0.029191157,0.017807152,0.021319384,-0.0145409135,0.011069681,0.023055002,-0.002154146,0.015046566,-0.017902816,-0.0054938416,0.019378774,-0.018681794,0.020909397,-0.0013623565,0.023328327,-0.011110679,-0.0069185505,-0.027523872,-0.004885692,-0.028207187,-0.010564028,0.00097201363,0.026088914,0.011787159,0.013707271,0.008746414,0.012415809,0.02438063,-0.015101231,0.0207864,-0.0072021256,-0.04201012,0.02361532,0.016249198,0.020868398,0.038866878,-0.023150666,-0.009429728,-0.0026358822,-0.009518558,0.012347477,0.05728901,-0.0092998985,-0.026307574,-0.0015451428,0.009231566,-0.025678925,0.006429981,0.018545132,0.0024223467,-0.019952757,-0.010338535,0.023123333,0.014609245,-0.003987135,0.019857094,0.005791083,-0.014021595,0.04911658,-0.014978235,0.0136252735,-0.0051351017,0.009996878,0.00073541625,0.0026358822,-0.023082335,0.009511725,0.040124174,-0.00044842454,0.044169392,-0.00042728454,0.026444236,-0.034603,-0.02921849,0.015989538,0.013925931,0.012873628,0.019187447,0.021661041,0.03083111,-0.0014597287,0.031159101,-0.0033704443,-0.010058376,0.009388729,0.005528007,-0.040725492,-0.009211067,-0.019665767,0.0007264478,0.029027162,0.0031193267,0.012258646,0.014868904,-0.033291038,0.05920229,0.0017065757,-0.003758225,-0.062646195,-0.014827905,0.020144084,-0.017957482,-0.015265226,-0.030475788,-0.00472853,0.031159101,0.0038983042,-0.029409818,0.0044244556,0.016071536,0.014130926,-0.017615825,0.015661549,-0.0058013326,0.047667958,0.0074071195,0.018613463,0.01631753,-0.021729372,0.00993538,-0.007065463,0.008582419,-0.020103086,-0.0050189383,0.0046704486,0.021565378,-0.013105955,-0.01536089,0.019679433,0.031186434,-0.008705416,0.005756917,0.012361143,0.022891006,0.022057364,-0.0041852957,-0.0024189302,0.009812383,0.0036488946,-0.0011343006,-0.0022686012,0.011295174,-0.016768515,-0.03266239,0.006327484,0.025829254,0.013652606,0.0011445503,0.012607136,0.038839545,-0.0039837183,-0.012258646,0.02899983,-0.016208198,-0.035914965,0.018982451,-0.02734621,0.0015494137,-0.016303863,0.0009113695,0.027783532,0.016522523,-0.022002699,-0.011507001,-0.032389063,-0.025378268,0.006908301,0.008910409,-0.01525156,-0.007290956,-0.003536148,-0.017205836,-0.0065837265,-0.0065153954,0.0078034415,0.038839545,-0.006344567,-0.0072499574,-0.6192461,-0.0025641343,0.0016032245,-0.016508857,0.018763792,0.001311108,-0.0050086887,0.018135143,-0.013208452,-0.026990887,-0.02067707,0.025009278,0.008664416,-0.004342458,-0.018681794,-0.011165344,0.0036830604,0.0024155136,0.00048259023,0.0047763623,-0.018613463,0.024899948,-0.0037103929,0.004352708,-0.0127233,-0.0067477217,-0.010126708,-0.0009617639,-0.02815252,0.045071367,-0.031842414,-0.010529863,0.003378986,-0.0094775595,0.058382314,0.015101231,-0.033564363,0.023628986,0.008534587,0.032580394,-0.009211067,0.00041404535,0.012258646,0.0070996284,0.009183735,-0.0055314237,-0.019091783,0.011513834,0.016823182,-0.01455458,-0.003187658,-0.0026734646,-0.004239961,0.00782394,-0.006296735,-0.034657665,0.021620043,-0.030120464,-0.025583262,0.008828412,0.015374556,0.023574319,-0.014404251,-0.02254935,-0.027100218,0.02815252,-0.0024582208,-0.0014144592,-0.0014665618,-0.01756116,0.004492787,0.012825796,-0.0105776945,0.0051966,-0.0029279988,0.010953517,0.020075753,0.0051761004,-0.015183228,0.013843934,0.015893875,-0.018763792,-0.0007687278,-0.018121477,-0.012415809,0.00015257111,-0.03381036,-0.022563016,0.034821663,-0.0012111734,0.0060063265,-0.006330901,-0.000787946,0.0047831954,-0.019242112,0.043868735,-0.032088406,0.009593723,0.011110679,-0.0300658,0.013652606,0.00910857,0.010748523,0.026703896,0.0121629825,0.015456554,-0.029491816,0.004834444,0.03296305,-0.018463133,-0.0013555234,-0.0007290102,0.016440526,-0.031979077,-0.017205836,-0.022235025,0.023300994,0.022522017,0.022535684,-0.002622216,0.0015673506,-0.0070107975,0.0042126286,-0.005821832,0.0134407785,0.02533727,-0.0014050637,-0.0132631175,-0.011008183,0.014308587,0.012053652,-0.01525156,0.014841571,-0.012169816,0.017629491,-0.008240762,0.015497552,-0.005148768,0.030776445,-0.018668128,0.029409818,0.015401889,0.010680192,-0.04362274,-0.027728867,-0.023505988,-0.014089927,-0.0027383792,-0.027769865,0.0034900242,-0.0034678166,-0.0009643263,-0.008069933,0.0152105605,0.000032777698,0.0075096167,-0.0020072337,-0.0063343174,-0.027318878,-0.011520667,0.0034866077,-0.010126708,-0.015169562,-0.0024411378,-0.018449467,-0.028261852,0.0101540405,0.0145409135,-0.017397165,-0.01605787,-0.0173835,-0.0047763623,-0.018203475,-0.029683143,0.015688881,0.023820313,-0.022590348,-0.013891766,0.027305212,-0.016522523,-0.015852876,0.01564788,-0.0028528343,-0.008917242,0.011110679,-0.0019115699,0.010987683,0.012108318,-0.024722286,0.027797198,-0.0055109244,0.033154376,-0.014991901,-0.0080152685,-0.009655221,0.022084696,-0.012238147,0.010769023,0.004919858,0.009183735,0.009026573,-0.008186097,0.022330688,-0.012121984,-0.0039017207,-0.0037445587,0.015429221,-0.0017433038,0.024995612,-0.011746161,0.024681287,-0.020663403,-0.0027691284,-0.0071952925,0.0058867466,0.014964568,0.0042126286,0.010304369,-0.014896236,-0.02514594,0.004144297,-0.009286232,-0.010557195,0.0080152685,-0.013365614,0.009887548,0.013235785,0.016522523,-0.012176649,0.00086823537,0.015060232,0.0058491644,0.012060485,-0.00072303123,-0.008315926,-0.022139361,0.03566897,-0.027291546,0.032607727,-0.0019986923,-0.004325375,0.01784815,0.0015562468,-0.028316516,0.020007422,-0.0054938416,0.015128563,0.014007929,-0.0017526994,0.028097855,-0.009033406,0.026184577,-0.009545892,-0.019078117,0.0081997635,0.0049232747,-0.019447105,0.016344862,0.008739581,0.031131769,-0.011957988,-0.0025914668,0.024421629,0.0053161797,0.0017509911,-0.013837101,-0.00042899282,-0.004981356,-0.030229794,-0.019337775,0.018162476,-0.017684156,-0.009880715,-0.012033152,0.011076514,0.0011565083,0.0128941275,-0.015224228,-0.008281761,-0.0049164416,-0.021879701,-0.03490366,0.01928311,0.0025043443,-0.00023958684,-0.023000335,-0.03501299,0.017219502,-0.008281761,0.00854142,0.002688839,0.012190315,0.00031581902,0.001130884,-0.0016373902,0.027318878,0.0073456215,-0.0082612615,-0.0029279988,-0.015005567,-0.021251053,-0.0035942297,-0.009627889,-0.027441874,0.019365108,-0.0042843763,-0.021278385,0.022481019,-0.008794246,-0.0019713598,-0.017875483,-0.012258646,-0.0044483715,-0.0034848994,0.027264213,0.011356672,-0.018244473,-0.010960351,0.030202461,0.011992154,-0.011459169,-0.017315166,-0.01444525,0.02089573,0.024448961,0.06740206,0.000026798705,-0.013700438,0.019365108,0.014021595,-0.039495528,-0.016768515,0.017369833,-0.015661549,-0.018381136,0.013584275,0.017957482,-0.0034592752,0.020923063,0.002622216,-0.008001602,0.005941412,0.014062594,-0.0127028,-0.008520921,-0.00010730159,0.006669141,0.01631753,-0.0089924075,-0.013775602,0.018340137,0.03129576,0.0049881893,-0.03266239,0.012518305,0.025104942,0.03793757,0.006693057,-0.03211574,0.02815252,0.0018278639,0.014431584,0.026061581,0.0011821325,0.006412898,0.030967772,0.015798211,-0.014021595,0.01631753,-0.021210054,0.0074959504,0.013181119,-0.013112788,0.0016553273,0.004895942,0.027838197,-0.015169562,-0.029573813,0.011049181,-0.004735363,-0.010639193,-0.020376412,0.0014076261,-0.010755356,0.01998009,-0.02041741,-0.005432343,-0.018285472,-0.024517292,-0.022781676,-0.032580394,-0.022166694,-0.0043356246,0.014855238,-0.0064026485,0.0088694105,-0.0047421963,0.00039440006,0.0015656423,0.017957482,0.017807152,-0.03200641,0.00936823,0.002297642,0.016454192,-0.030229794,0.020854732,-0.009340897,-0.023218997,0.0086234175,-0.0016553273,-0.0056544202,-0.0030099964,0.004547452,0.0051385183,0.0028460012,0.02716855,0.012395309,0.010236038,-0.0033106545,-0.0015468511,0.014007929,-0.0024804284,-0.019993756,-0.0040793824,-0.04479804,-0.011445503,-0.022617681,0.017465496,-0.0058423313,0.010222372,0.032799054,0.0027212964,-0.017615825,0.0075096167,-0.020226084,0.0008865994,-0.008220263,0.0038504722,0.0019440273,-0.0024787202,0.026936222,0.005774,-0.01213565,0.0053810948,-0.03665294,0.023177998,0.025760923,-0.011343006,0.009573224,-0.010557195,-0.015128563,0.013884933,-0.0066964733,-0.007584781,0.0011197801,-0.0012504639,0.0033277373,-0.02921849,-0.016071536,0.00021716561,0.0071474602,0.004352708,-0.014226589,-0.031596422,-0.021606376,-0.009634722,0.005340096,0.042638768,-0.030311791,-0.02111439,0.0068433858,0.0065905596,0.019447105,-0.0010352201,0.0017168254,-0.04154547,-0.005972161,0.00496769,-0.02976514,-0.019447105,0.023177998,0.0144179175,0.0008814746,0.03643428,0.008438923,-0.0084457565,0.0015733296,0.0015673506,0.025132274,-0.0016664311,-0.008329593,-0.013823435,0.0080767665,-0.0037616414,0.01821714,0.012067318,-0.02390231,-0.021305718,0.0024804284,0.013652606,0.0028169604,-0.017410832,-0.04824194,-0.019583767,-0.026075248,-0.024831617,-0.010427366,-0.027633203,0.0030937023,-0.0010591361,-0.007741943,0.033127043,-0.00060302427,0.016208198,-0.019857094,0.005473342,-0.0071132947,0.011015016,-0.0038231397,-0.017943816,-0.013420279,-0.012764298,0.005015522,0.028617173,0.0067272224,-0.0036693942,0.0075574485,0.00980555,0.009272566,-0.03793757,-0.010823688,0.0033089463,-0.01627653,-0.01862713,0.003230365,-0.0065598106,-0.0196111,0.0031227432,0.0046226163,-0.010167707,0.020116752,-0.005774,-0.010666525,-0.022412686,-0.008596085,0.034630332,0.004752446,0.026498903,0.02159271,-0.0041237976,-0.024913615,-0.07035397,0.02331466,-0.0024291798,0.020608738,0.033045046,-0.019993756,0.008165598,0.034220345,0.014595578,-0.009190568,-0.039878182,0.0050975196,0.012183482,0.0076052803,-0.0012581511,-0.016686518,-0.014759574,0.012477307,-0.022098362,-0.010591361,-0.015962206,-0.0075437822,-0.042884763,0.013891766,-0.0043151253,0.011575333,0.012436308,-0.007905939,0.007940104,0.00021438964,-0.00043454475,0.015060232,-0.006286485,0.023587985,-0.023464989,0.009074405,-0.008842078,0.033755694,0.0042843763,-0.019091783,0.0031893663,0.037746243,-0.021100724,-0.01224498,0.01259347,0.004885692,0.011732494,0.0035873963,-0.007673612,0.006549561,-0.0026478402,-0.0048515266,0.02584292,0.0075642816,0.021879701,0.010823688,0.0077146105,-0.01638586,0.016221866,0.0057705836,-0.0196521,-0.016290197,-0.008746414,-0.026457902,0.0044176225,0.019857094,-0.01627653,-0.0024923864,0.016098868,0.0034319425,-0.014581912,0.025637927,-0.024421629,-0.005046271,-0.029737808,-0.00588333,0.0058559976,-0.014923569,0.01671385,-0.011629998,-0.02760587,0.0048515266,0.017998481,0.014691243,-0.0046636155,0.019078117,0.018394802,-0.0053537623,-0.013775602,0.011349839,-0.028261852,0.00040016553,-0.020923063,0.019337775,0.00067562633,-0.04307609,0.019255778,-0.0076052803,0.019091783,0.0015519761,-0.051658507,-0.019911759,0.0040144674,0.004772946,0.0032371983,-0.021469714,-0.022850007,-0.012367976,-0.006863885,0.022440018,0.025050277,-0.0054870085,0.021688374,0.028480511,0.015442887,0.015743546,-0.0080152685,0.0077214437,-0.010236038,-0.011705162,-0.01642686,-0.008568753,0.0014776657,0.034329675,-0.014868904,-0.008363758,-0.025501264,-0.0061634886,-0.03845689,-0.018722793,-0.026198244,0.019488104,0.017274167,0.0050667706,-0.012497806,0.009682554,-0.00795377,0.017260501,-0.021551711,-0.013119621,0.010406867,-0.01235431,0.010844187,0.033291038,-0.036789604,-0.017834485,0.0130171245,-0.013413446,0.008630251,0.029601146,-0.010092542,-0.019665767,-0.019296777,0.0064914795,-0.012313311,-0.0026000084,0.024817951,-0.03222507,0.000056640292,-0.0070517967,-0.008165598,0.008732748,0.011049181,0.010967184,0.00888991,0.010475198,0.0022463936,-0.0016066411,0.011588999,-0.0105161965,0.021879701,-0.00035938024,-0.019447105,0.037664246,0.011021849,-0.001136863,-0.005148768,0.008862577,-0.016672852,-0.018791124,0.020854732,-0.014226589,0.010974017,-0.0060644085,0.020267082,-0.027482873,-0.012142483,0.0036215622,-0.0014870613,-0.045372024,-0.00021107984,0.014226589,-0.022590348,0.00047533002,-0.01671385,-0.04813261,-0.013645773,-0.006628142,-0.008001602,-0.023642652,-0.0300658,0.02745554,-0.010133541,-0.0069732154,0.00069569866,0.00450987,0.008042601,0.023096,0.2521154,-0.023519654,-0.0032696556,0.0092589,-0.023519654,0.017588492,0.0066486415,-0.00024641998,0.002447971,-0.00046892397,-0.008343259,0.0130786225,-0.006265986,-0.01642686,0.011971654,-0.05789033,-0.0531618,-0.03050312,-0.008384258,-0.032279734,0.013358781,-0.0028938332,0.005312763,-0.025637927,0.030585118,-0.0060644085,0.011520667,-0.012080984,-0.00797427,0.030885775,-0.03651628,-0.0022634764,0.013468111,0.015606883,-0.021196388,-0.003867555,0.008924075,0.0035805632,0.03214307,0.009867049,0.009443394,-0.026594566,0.02372465,0.008186097,0.012982959,-0.0026290491,-0.01350911,-0.023806646,-0.011664163,0.023014002,-0.011425003,-0.01719217,0.022125695,0.03834756,0.008602918,0.009272566,0.015661549,0.012682301,-0.021155389,0.022713345,-0.025501264,0.03676227,-0.005370845,0.0007892272,-0.011315674,0.008022102,0.007236291,-0.023177998,0.028179854,-0.01642686,0.0037753077,-0.0056544202,-0.026881557,-0.012566137,-0.024585623,-0.021989033,0.01917378,0.012497806,0.007468618,0.025815587,-0.014212923,-0.0033584863,0.008343259,0.0033584863,0.00087976624,-0.03405635,0.03083111,0.00041255058,-0.030749112,0.00019741357,-0.009621056,0.0023659733,-0.013761936,0.0017629492,0.0070996284,-0.002154146,0.0013512527,0.010242871,-0.02218036,-0.009224733,-0.018394802,0.052505817,0.023710983,0.027428208,-0.014431584,-0.025159607,0.004690948,0.0019389024,0.012060485,0.017902816,-0.012094651,-0.014281254,0.0026683398,-0.013447612,-0.01902345,-0.0098465495,-0.002285684,-0.006423148,0.014964568,-0.014677577,0.010680192,-0.026731228,-0.024107303,0.0000506613,-0.0018210307,-0.021510713,-0.0138712665,-0.0013546692,0.012074151,-0.039085537,0.049881894,-0.023464989,0.04296676,-0.0058799135,-0.012566137,0.011302007,0.025856586,0.0062523196,0.011281508,0.0031483674,0.009047072,-0.0054596756,0.01098085,-0.029573813,0.015415555,-0.011097013,-0.0048891087,0.008356925,0.014048927,-0.026826892,-0.027359877,0.0010719482,-0.0014511873,-0.017315166,0.019624766,-0.002393306,-0.0142949205,-0.008582419,0.0029792474,-0.0059994934,-0.05395444,-0.012757465,0.01788915,-0.002929707,-0.0023984308,-0.008404758,-0.17536561,0.015060232,0.0045132865,-0.041736796,-0.0028938332,-0.015347224,-0.011643664,-0.01167783,-0.005955078,0.0055655893,0.008186097,-0.022098362,-0.038402226,-0.021688374,-0.0027879195,0.03129576,-0.006211321,0.0039188038,0.017725155,0.01671385,0.017164838,-0.020185083,-0.022959337,0.002941665,0.01363894,-0.0072567905,0.021155389,-0.0052239327,-0.008958241,-0.0013777311,0.012060485,-0.012402142,0.018750126,0.0071747927,0.010803188,0.017684156,0.0066315588,0.017096506,-0.008664416,0.020280749,0.024626622,0.027154883,-0.016481524,0.012026319,-0.005910663,0.023328327,0.00013431383,-0.017137505,0.0012316728,0.013351948,0.0035293149,-0.04293943,0.05411844,0.0076667788,0.0043151253,0.022112029,0.014909903,0.011233675,0.014622911,0.024189303,0.0053332625,-0.02555593,-0.009949046,0.02111439,0.004540619,0.0030988273,-0.01352961,0.009853383,-0.0068433858,0.011705162,-0.0038299728,-0.0023540154,0.017943816,0.003566897,0.03252573,-0.0032525728,-0.025719924,0.01536089,0.011486501,0.0014819364,-0.0054357597,0.026717562,-0.017315166,0.0053810948,-0.01917378,0.017629491,0.04069816,-0.01176666,-0.007687278,-0.014390585,0.026034249,-0.037992235,-0.00025517493,0.004246794,-0.017137505,0.023956975,-0.025282603,0.006501729,-0.00980555,-0.0038778048,-0.0061259065,-0.00578425,0.016891513,-0.014745908,0.0067203892,0.002603425,-0.0041477135,0.0018876538,0.034548335,-0.022508351,-0.0056305043,0.016754849,0.011541167,0.026635565,-0.0006884385,0.015319891,-0.011110679,-0.03717226,0.028945165,0.0026358822,-0.0029484981,-0.022508351,0.00041959726,-0.00762578,-0.002087523,-0.010557195,-0.07286856,-0.03793757,0.004451788,0.0003598073,-0.016003205,-0.003734309,0.009737219,0.0029963301,-0.017588492,-0.000112426445,-0.018135143,-0.013447612,-0.016891513,0.001738179,0.005042854,0.0029382484,-0.0064573134,-0.017807152,-0.011486501,0.036160957,-0.0068536354,-0.028398514,0.010803188,-0.023560653,-0.008999241,0.013420279,-0.0031944911,0.028671838,0.0077077774,0.017902816,0.013837101,0.007885439,0.0002387327,-0.015688881,-0.0058184154,-0.0051692673,-0.043950733,-0.0029638729,0.030913107,-0.02555593,-0.010680192,0.0046943645,0.026635565,-0.016768515,0.010639193,-0.011916989,-0.023082335,0.020226084,-0.010359034,-0.0068160533,-0.011513834,0.008712249,-0.008773747,-0.0091154035,0.040862154,0.02218036,0.017998481,0.02492728,-0.0033994853,-0.0060780747,0.028972497,-0.034357008,-0.023519654,0.013939598,0.032935716,0.017547494,0.007905939,0.0025163023,-0.016303863,-0.0044996203,-0.019816095,0.02372465,-0.014472582,-0.0037445587,-0.012689134,-0.008965075,-0.0013538151,-0.008575586,0.023137,-0.046929978,-0.017725155,-0.006050742,0.010564028,-0.0027964609,0.009040239,0.0074617844,0.0026837143,-0.026990887,-0.0046806983,-0.026006917,-0.021346718,0.031514425,0.011466002,-0.0060780747,0.008138265,0.005124852,-0.01132934,0.006682807,-0.0070244637,-0.004943774,-0.007120128,-0.022207692,-0.07385253,0.020431077,-0.0057056686,0.0072089587,-0.006669141,-0.009744052,0.0056680865,-0.016959844,-0.012518305,0.003206449,0.0017356166,0.005528007,-0.015046566,0.0053435126,-0.022850007,-0.017998481,0.01085102,-0.016850514,0.0022788509,0.024025306,-0.0037001432,0.0145409135,-0.00008060965,-0.0032269484,0.0119784875,0.009928547,-0.018927786,0.031487092,-0.017998481,0.0014657077,0.02170204,-0.04020617,0.013802935,0.01679585,-0.00028250748,-0.0091154035,0.017902816,0.03331837,0.0105776945,0.032826386,-0.013317782,-0.028343849,0.001978193,0.0008391945,-0.009067572,0.008999241,-0.060240928,0.020950396,0.036379617,-0.035477642,0.008766914,0.022645013,-0.022822674,-0.003127868,-0.0137482695,-0.013126454,0.029792473,0.016768515,-0.01939244,0.017137505,0.018982451,-0.016249198,0.015005567,-0.00648123,0.03181508,-0.013338282,-0.000001152758,0.017971149,0.016563522,-0.015538552,-0.0043117087,0.0076394463,0.011240509,0.038839545,-0.001088177,0.0288905,-0.012197148,-0.0017749071,-0.033236373,0.028234519,0.033482365,-0.019624766,0.0037992236,0.017260501,0.017533828,0.03252573,-0.0038197231,0.013891766,-0.014827905,-0.0061259065,0.0064402306,0.011001349,0.0006717827,0.0135022765,0.019091783,0.009778217,-0.028425846,-0.012695967,0.021756705,0.011226842,0.0023898894,0.0068468023,0.0058867466,-0.005514341,-0.022713345,-0.0011334465,-0.051549178,-0.007960604,0.029737808,-0.002791336,-0.008520921,0.0037855573,0.01869546,0.019132782,-0.029355153,0.009375063,0.021879701,-0.009996878,-0.02690889,0.020034755,-0.002116564,0.011206343,0.0357783,-0.0022771426,0.027154883,0.02878117,-0.013796101,-0.030967772,0.017123839,-0.00773511,0.010208705,-0.021524379,-0.027687868,-0.019515436,-0.017916482,0.012197148,-0.0037206425,0.023833979,-0.019679433,0.052232493,0.011172177,-0.019310443,0.0075506154,0.010290703,-0.0099080475,0.007673612,-0.007919605,-0.023820313,0.017943816,0.017260501,-0.023806646,0.006990298,-0.0025128857,-0.021743039,-0.014103593,-0.0016331195,0.0075506154,0.0127711315,-0.0021917284,0.008787413,0.0068297195,0.015306225,0.0011582166,-0.018299138,0.005941412,0.013433945,-0.014035261,-0.013133287,-0.024394296,-0.00782394,0.0022036864,-0.029327821,-0.0064983126,0.0096620545,-0.028125187,-0.0014409376,-0.023642652,0.0024103888,0.015565884,0.020280749,0.012422642,-0.014472582,-0.017096506,0.010229205,-0.00089428667,-0.004950607,-0.00019912186,-0.022166694]
[{role: assistant, content: [{type: text, text: 您好！我是您的回忆助手，很高兴与您一起回顾过去的时光。  
我想请您回忆一下，您有没有参加过一次难忘的聚会或活动？  
那次聚会的氛围让我至今难忘...  
聚会上有没有特别的表演或节目让您印象深刻...  
您是否和某位重要的人在那次活动中重聚...  }, {type: text, text: }, {type: text, text: }, {type: text, text: false}, {type: text, text: 您好！我是您的回忆助手，很高兴与您一起回顾过去的时光。  
我想请您回忆一下，您有没有参加过一次难忘的聚会或活动？  
那次聚会的氛围让我至今难忘...  
聚会上有没有特别的表演或节目让您印象深刻...  
您是否和某位重要的人在那次活动中重聚...  }]}, {role: assistant, content: [{type: text, text: 您好！我是您的回忆助手，很高兴与您一起回顾过去的时光。  
我想请您回忆一下，有没有一张照片让您想起某个特定的场景？  
那是和家人一起度假的时刻...  
那是我和朋友聚会时捕捉到的瞬间...  
那张照片里有我最喜欢的风景...  }, {type: text, text: }, {type: text, text: }, {type: text, text: false}, {type: text, text: 您好！我是您的回忆助手，很高兴与您一起回顾过去的时光。  
我想请您回忆一下，有没有一张照片让您想起某个特定的场景？  
那是和家人一起度假的时刻...  
那是我和朋友聚会时捕捉到的瞬间...  
那张照片里有我最喜欢的风景...  }]}],[-0.02381444,0.0050855177,0.017129445,-0.016063126,-0.015147187,0.033657376,0.0011457794,-0.0032502199,-0.028817933,-0.031196643,-0.017484885,0.019316765,-0.012173799,-0.0311693,-0.017553238,-0.0010799889,0.029255396,0.01760792,0.021216998,-0.014600356,0.01136039,0.023007866,-0.0022044077,0.015037821,-0.018441835,-0.0056323474,0.019945618,-0.01853753,0.020779533,-0.0008099917,0.022871157,-0.010594828,-0.0072044833,-0.026904028,-0.005167542,-0.02840781,-0.01062217,0.000932174,0.025892392,0.011558616,0.01338366,0.008448521,0.01200975,0.0240195,-0.014873772,0.020560801,-0.007054105,-0.042269945,0.023513682,0.016404895,0.020834217,0.038578846,-0.023308622,-0.009555851,-0.0028759832,-0.00933712,0.0119550675,0.056924988,-0.0091115525,-0.026507577,-0.0012679617,0.00926193,-0.025400246,0.006650818,0.018783605,0.0026880105,-0.020328399,-0.010656347,0.023404317,0.014709722,-0.0040738825,0.01995929,0.0055298167,-0.013862137,0.049187344,-0.015051492,0.013786947,-0.0050547584,0.010191541,0.0012055889,0.0019258664,-0.022789134,0.009036363,0.040246677,-0.00078051415,0.044211194,-0.00035330333,0.026548589,-0.035079133,-0.029036663,0.016240846,0.014231247,0.012686452,0.019508155,0.022105597,0.030868543,-0.0010167618,0.0311693,-0.0035749,-0.009829266,0.009043198,0.0055503226,-0.040957555,-0.009398637,-0.02015068,0.0013875806,0.029474128,0.0037116075,0.0119619025,0.014381625,-0.033055864,0.058948256,0.001842133,-0.0030041465,-0.062393285,-0.014996808,0.020328399,-0.017977031,-0.01558465,-0.030485764,-0.0048189377,0.030731836,0.0036432538,-0.02969286,0.004036288,0.016063126,0.014053526,-0.017635262,0.015598321,-0.005437539,0.048339758,0.007423215,0.01868791,0.015912749,-0.02162712,0.010642676,-0.007368532,0.008660417,-0.020068655,-0.0046993187,0.004340462,0.021408388,-0.013089739,-0.015694017,0.020287387,0.031223984,-0.00842118,0.0054888045,0.0127342995,0.022037242,0.022324327,-0.004036288,-0.00199422,0.010868243,0.0030246526,-0.001062046,-0.0020249793,0.011305707,-0.01684236,-0.031798154,0.0067977784,0.026357198,0.013636569,0.001258563,0.012720629,0.038223404,-0.0033424974,-0.012638604,0.029200712,-0.016363883,-0.036364183,0.018715251,-0.02639821,0.0015559017,-0.016787676,0.0008621114,0.027806297,0.015871735,-0.02199623,-0.011674817,-0.03212625,-0.025400246,0.0069789155,0.009009021,-0.016076798,-0.0076761236,-0.0033595858,-0.01738919,-0.006476516,-0.0059706983,0.0074300505,0.038278088,-0.0063500614,-0.0070335986,-0.61944884,-0.0021992812,0.00093473727,-0.016473249,0.018728921,0.001291031,-0.005047923,0.017635262,-0.0137732765,-0.026616942,-0.020752192,0.025140502,0.008769783,-0.004709572,-0.018551202,-0.011045963,0.0035304702,0.0022744704,0.0004972734,0.0044498276,-0.018441835,0.024894428,-0.0038893272,0.00412173,-0.012618098,-0.007170306,-0.010512804,-0.000703189,-0.028161736,0.044320557,-0.031852838,-0.010485462,0.0034792048,-0.00961737,0.058346745,0.015147187,-0.033575352,0.023527354,0.008667253,0.03245435,-0.008865478,0.00073608424,0.012050763,0.0072454954,0.009583193,-0.005481969,-0.019275751,0.010950267,0.01670565,-0.0140261855,-0.003499711,-0.0031493981,-0.0040602116,0.008428015,-0.0063363905,-0.034176864,0.021613449,-0.030540446,-0.025988087,0.008530545,0.015817054,0.023390647,-0.014682381,-0.022433694,-0.026698967,0.027929334,-0.0020625738,-0.0017703616,-0.0017583997,-0.017689945,0.0046480536,0.013048727,-0.010717865,0.0047676726,-0.0029255396,0.011086975,0.020027643,0.0048804563,-0.015885407,0.013554544,0.015598321,-0.018742593,-0.000883472,-0.018305128,-0.0122148115,0.0004900108,-0.033438645,-0.022652427,0.03477838,-0.0014132133,0.0055674114,-0.006213354,-0.00068524614,0.0048462795,-0.019111702,0.0443479,-0.03190752,0.009781418,0.010875078,-0.029774884,0.013479356,0.008844973,0.01109381,0.026863016,0.012775312,0.014942125,-0.029474128,0.0044088154,0.033083204,-0.01778564,-0.001481567,-0.0008386148,0.016746664,-0.03283713,-0.017197799,-0.022009902,0.023431659,0.022638755,0.022693438,-0.0023086471,0.001710552,-0.007170306,0.004272108,-0.005625512,0.013588721,0.025605308,-0.0013482773,-0.012987209,-0.010752042,0.0145456735,0.011599628,-0.015365918,0.014518332,-0.012064434,0.017498555,-0.008428015,0.015789712,-0.005266655,0.03078652,-0.019125374,0.029009324,0.015516297,0.010854572,-0.04350031,-0.027710602,-0.023335963,-0.013985173,-0.0031869926,-0.028052371,0.0033988892,-0.0033424974,-0.0014072324,-0.008017892,0.015037821,0.00005767346,0.007539416,-0.0015550473,-0.0067704367,-0.027341492,-0.011968738,0.0040602116,-0.010041162,-0.015051492,-0.0027837057,-0.01834614,-0.028735908,0.009125222,0.01384163,-0.017115774,-0.015830724,-0.017307164,-0.0047471663,-0.018223105,-0.029036663,0.015488955,0.023732414,-0.02254306,-0.014053526,0.027614906,-0.016418565,-0.015871735,0.015352247,-0.00270339,-0.009104717,0.011066468,-0.0018387153,0.011169,0.011975573,-0.0249081,0.027560223,-0.005700701,0.032946497,-0.015352247,-0.0079495385,-0.009590028,0.021832181,-0.012269494,0.010499133,0.004675395,0.00842118,0.009384967,-0.007935868,0.022242304,-0.011503933,-0.00403287,-0.0032673082,0.014983137,-0.0022385847,0.025810368,-0.011777348,0.024251902,-0.020424094,-0.0024026337,-0.0070062573,0.006158671,0.014942125,0.0046617244,0.01035559,-0.014614027,-0.024251902,0.003971352,-0.00952851,-0.010451285,0.008366496,-0.012959867,0.00989762,0.012508732,0.01685603,-0.0120849395,0.00079802977,0.014490991,0.005611841,0.011743171,-0.000004705994,-0.008414344,-0.02252939,0.0359814,-0.027054407,0.03245435,-0.002365039,-0.0037731258,0.017512225,0.0015080542,-0.0285992,0.020260045,-0.0052119717,0.014682381,0.014217576,-0.0024658607,0.028298443,-0.009453321,0.02639821,-0.009747242,-0.019344104,0.0075189103,0.005020581,-0.019289423,0.016678309,0.009289272,0.031059934,-0.0122216465,-0.0032177519,0.024867088,0.0058032316,0.0014422637,-0.013281129,-0.00069464475,-0.0051504537,-0.03059513,-0.018797275,0.01814108,-0.01796336,-0.009227754,-0.012132787,0.011421909,0.0010389767,0.012782147,-0.015188199,-0.008489533,-0.004774508,-0.021845851,-0.034204207,0.0188793,0.0022505466,-0.00014311563,-0.023294952,-0.034395598,0.017717287,-0.008708265,0.0088586435,0.0023240268,0.011927726,0.00046053325,0.00068268285,-0.0016054582,0.027532883,0.0071498,-0.0075940993,-0.0025137083,-0.014449978,-0.020875229,-0.003533888,-0.009179906,-0.027655918,0.019658532,-0.004340462,-0.021353705,0.022652427,-0.008516875,-0.0018540949,-0.017867666,-0.012037092,-0.0051162764,-0.004101224,0.026904028,0.011367225,-0.01812741,-0.011558616,0.030458422,0.012064434,-0.011305707,-0.01740286,-0.014231247,0.020861559,0.024306586,0.06698666,0.00021061493,-0.013506697,0.019248411,0.014190234,-0.039344408,-0.017129445,0.016828688,-0.016336542,-0.01834614,0.013424672,0.017812982,-0.0039542634,0.020806875,0.002517126,-0.0075052395,0.0059433565,0.013493027,-0.012317342,-0.009166235,-0.000010893876,0.0068763853,0.016268188,-0.009009021,-0.013089739,0.018236775,0.031634107,0.004675395,-0.03302852,0.012713794,0.025167843,0.037649233,0.0065380344,-0.03242701,0.02895464,0.0019993465,0.014682381,0.025933405,0.0013098284,0.0058510792,0.030349055,0.016076798,-0.013650239,0.015844394,-0.021011936,0.0077649835,0.013315306,-0.012679617,0.0016165657,0.0051470357,0.027532883,-0.015160857,-0.029583493,0.010464956,-0.005164124,-0.011620134,-0.020533461,0.0013722011,-0.01081356,0.019562837,-0.02050612,-0.0055674114,-0.018660568,-0.024101526,-0.022761792,-0.03242701,-0.022146609,-0.0042891963,0.014627698,-0.00595361,0.009138893,-0.0049658986,0.00053828565,0.0015798255,0.017443871,0.017922347,-0.03242701,0.009220918,0.0020899153,0.016541602,-0.030458422,0.02069751,-0.008742442,-0.02328128,0.008762948,-0.0015960595,-0.0054580453,-0.002987058,0.004600206,0.0048667854,0.0029990198,0.02731415,0.012119116,0.010300907,-0.003369839,-0.00199422,0.014135552,-0.0022214963,-0.019849923,-0.0039508455,-0.044293217,-0.011873043,-0.02220129,0.017566908,-0.005700701,0.010109517,0.032673083,0.002267635,-0.016938055,0.0076897945,-0.020273715,0.0010637549,-0.008004222,0.0038824917,0.0013252079,-0.002725605,0.026863016,0.006097153,-0.012125951,0.0052051363,-0.03773126,0.023103561,0.025988087,-0.011251024,0.009432815,-0.010861408,-0.015133516,0.014176563,-0.006561958,-0.007224989,0.0014542256,-0.0013380243,0.0034433191,-0.028845273,-0.016172493,-0.00038812103,0.0072318246,0.004795014,-0.014258588,-0.031770814,-0.021927876,-0.0097677475,0.0049077976,0.04306285,-0.030376397,-0.021230668,0.0069549917,0.006452592,0.019521825,-0.0014627698,0.0015729902,-0.041531727,-0.005833991,0.0048872917,-0.029091347,-0.01960385,0.022884829,0.014559344,0.0009407182,0.036336843,0.008462192,-0.008708265,0.0022249138,0.0017806146,0.02492177,-0.0017754881,-0.008633076,-0.013670746,0.0077649835,-0.0045386874,0.018072726,0.012529238,-0.024238233,-0.020806875,0.0031049682,0.014121881,0.0028349708,-0.017266152,-0.04839444,-0.019453472,-0.026001759,-0.025167843,-0.01082723,-0.027628578,0.002922122,-0.0014234664,-0.0077308067,0.03278245,-0.00084929506,0.016035784,-0.01942613,0.005769055,-0.0073616966,0.010806724,-0.0033544593,-0.01852386,-0.014149222,-0.012850501,0.004914633,0.028462494,0.0066884123,-0.0037594552,0.007717136,0.00989762,0.009316613,-0.03773126,-0.01081356,0.0030451587,-0.0163092,-0.018974995,0.0032074987,-0.007054105,-0.019849923,0.0029733873,0.004849697,-0.010143694,0.019986631,-0.005560576,-0.011380896,-0.02239268,-0.009152564,0.03480572,0.005044505,0.025591636,0.021353705,-0.004675395,-0.025003795,-0.07048637,0.023390647,-0.0020232704,0.02036941,0.03278245,-0.019672204,0.008776619,0.035051793,0.014559344,-0.009740407,-0.039672505,0.004979569,0.012139622,0.007881185,-0.0009535345,-0.0168697,-0.014504662,0.012850501,-0.02199623,-0.010861408,-0.015885407,-0.0074710627,-0.042762093,0.014094539,-0.003957681,0.01181836,0.012980374,-0.008571558,0.0075462516,0.000011180908,-0.0007749604,0.014682381,-0.0063056317,0.022953182,-0.023431659,0.008530545,-0.008407509,0.03354801,0.004586535,-0.019125374,0.0026657954,0.0377586,-0.021326363,-0.012303671,0.012515568,0.004610459,0.012166964,0.003226296,-0.0078196665,0.0065141106,-0.002332571,-0.004788179,0.025783027,0.0078196665,0.022064583,0.010847737,0.007997386,-0.016227175,0.015912749,0.0058374084,-0.01982258,-0.015488955,-0.009084211,-0.026370868,0.0045045107,0.020410424,-0.016979067,-0.0021856106,0.016445907,0.0034706607,-0.014887442,0.025769357,-0.024128867,-0.0052495664,-0.030212348,-0.0059980396,0.0057758903,-0.014504662,0.016350212,-0.011476591,-0.027737943,0.004425904,0.017430201,0.014518332,-0.0046514715,0.018838288,0.018291458,-0.0052495664,-0.013670746,0.011080139,-0.028298443,0.0007719699,-0.020793205,0.01923474,0.0010876787,-0.043363605,0.01942613,-0.0082092825,0.019480813,0.0015832433,-0.051730104,-0.019398788,0.0050820997,0.0042891963,0.0035031287,-0.020875229,-0.023513682,-0.012515568,-0.0066405647,0.022461036,0.025154172,-0.005533234,0.021763828,0.029118689,0.015352247,0.01632287,-0.007224989,0.0072865076,-0.009494333,-0.012207976,-0.015694017,-0.008776619,0.0016208378,0.03466901,-0.014518332,-0.008216118,-0.025933405,-0.006018546,-0.03814138,-0.018482849,-0.026152138,0.01963119,0.01706109,0.0049077976,-0.012160128,0.009740407,-0.007847008,0.017717287,-0.021845851,-0.01319227,0.010321413,-0.012727465,0.010936596,0.0337394,-0.036719624,-0.01760792,0.013527203,-0.013007714,0.0088586435,0.029583493,-0.010417108,-0.019658532,-0.018947653,0.0064936043,-0.0126044275,-0.0029050335,0.024949111,-0.03264574,0.000149951,-0.00723866,-0.007942704,0.008817631,0.011073304,0.010840901,0.008851808,0.010006986,0.002018144,-0.0020745357,0.010820395,-0.01082723,0.022255974,0.00032083533,-0.019467141,0.03734848,0.010745206,-0.0015345413,-0.005044505,0.00935079,-0.016199835,-0.019193728,0.020957254,-0.013944161,0.010218883,-0.005806649,0.020793205,-0.026603272,-0.011873043,0.0035167993,-0.0015490664,-0.04508612,0.00008522856,0.014176563,-0.022857487,0.00077624206,-0.017074762,-0.048449125,-0.013527203,-0.0061415825,-0.0074710627,-0.023431659,-0.030102983,0.027587565,-0.009555851,-0.00723866,0.00046053325,0.0042345137,0.0082092825,0.022857487,0.25176045,-0.023882793,-0.0036159123,0.008872314,-0.023582036,0.018031714,0.0064252503,-0.0005002639,0.0019873846,-0.0004977006,-0.00852371,0.012809489,-0.0065790466,-0.016145151,0.012235317,-0.05790928,-0.053452615,-0.029829567,-0.009357626,-0.032290302,0.0136434045,-0.0029392103,0.005505893,-0.025536953,0.030185007,-0.0061757592,0.012358354,-0.012331013,-0.008284472,0.030649813,-0.036227476,-0.002397507,0.012563416,0.015940089,-0.021175986,-0.004128565,0.00980876,0.0032074987,0.032509033,0.00980876,0.009275601,-0.026220491,0.023390647,0.007942704,0.012597593,-0.0019480813,-0.013397331,-0.023541024,-0.011914055,0.023185585,-0.011606463,-0.017443871,0.022433694,0.03792265,0.008926997,0.009726736,0.015639333,0.012331013,-0.02165446,0.02252939,-0.025974417,0.03650089,-0.004914633,0.0007971754,-0.011647476,0.0076351115,0.0072318246,-0.023568366,0.028489834,-0.016623627,0.0038619856,-0.0058784205,-0.02673998,-0.011989244,-0.024716709,-0.021558765,0.019713216,0.012727465,0.0072865076,0.02585138,-0.0140261855,-0.0029733873,0.008352825,0.0025530118,0.0009962555,-0.033602692,0.031606764,-0.00010648229,-0.031278666,0.00035672102,-0.009521674,0.0025974417,-0.013916819,0.0012730882,0.007170306,-0.0015174528,0.0015909331,0.01062217,-0.02252939,-0.009460156,-0.018113738,0.052659713,0.02363672,0.027792627,-0.014313271,-0.024689367,0.004839444,0.0013551126,0.012078104,0.017334506,-0.012132787,-0.013909983,0.0029921846,-0.013677581,-0.0194398,-0.010143694,-0.0021463071,-0.0063124667,0.015256552,-0.014750735,0.010335084,-0.026999723,-0.024033172,-0.000059061895,-0.0022368757,-0.021025607,-0.013219611,-0.0017703616,0.012057598,-0.039317064,0.050308343,-0.023677731,0.04229729,-0.0060561406,-0.012290001,0.011127987,0.025919734,0.006572211,0.011579121,0.0035441408,0.009214083,-0.0052393135,0.010793054,-0.030075641,0.014873772,-0.010881914,-0.0047574197,0.008551052,0.0140261855,-0.026507577,-0.027081747,0.00107828,-0.001477295,-0.017443871,0.02036941,-0.0022437111,-0.0148054175,-0.008537381,0.0025273792,-0.005741713,-0.05446425,-0.013240118,0.018018043,-0.0028964893,-0.0022146609,-0.008530545,-0.17542301,0.015010479,0.004128565,-0.041504383,-0.002944337,-0.015160857,-0.011722664,-0.011408238,-0.0061860126,0.0063500614,0.008188777,-0.021955218,-0.038032014,-0.02125801,-0.0026435805,0.03130601,-0.006216772,0.00394401,0.018168421,0.016637297,0.017266152,-0.019945618,-0.022871157,0.002486367,0.013164928,-0.007313849,0.021476742,-0.005123112,-0.008879149,-0.0011919182,0.0123515185,-0.01264544,0.019002337,0.0071361293,0.009815595,0.017566908,0.0067738546,0.017320834,-0.008680924,0.01982258,0.024402281,0.026958711,-0.017156785,0.012802654,-0.00545121,0.023417987,0.00044002713,-0.017074762,0.0012534366,0.014395296,0.003455281,-0.043172214,0.053835396,0.0074300505,0.004261855,0.022310657,0.015639333,0.011155329,0.013875807,0.024156207,0.005471716,-0.026015429,-0.010362426,0.020670168,0.0043097027,0.0035133816,-0.013540873,0.009836102,-0.0065790466,0.011804689,-0.0035031287,-0.0024282662,0.018018043,0.0035167993,0.032673083,-0.003062247,-0.025796697,0.015133516,0.011743171,0.0018335888,-0.0055776644,0.027300479,-0.017512225,0.005769055,-0.018974995,0.017566908,0.040438067,-0.011661146,-0.0077581485,-0.014723393,0.025906064,-0.03811404,-0.00040093734,0.0042652725,-0.016459579,0.023664061,-0.025222527,0.006999422,-0.0093781315,-0.0038722388,-0.006596135,-0.0060014576,0.017211469,-0.014053526,0.0065585403,0.002180484,-0.00440198,0.0018182092,0.034751035,-0.02273445,-0.006093735,0.017143115,0.012023421,0.027546553,-0.00078478624,0.015871735,-0.0111826705,-0.036801647,0.029364763,0.0031528159,-0.0021087124,-0.022638755,0.00011919181,-0.007313849,-0.0021087124,-0.010697358,-0.07245495,-0.03753987,0.003937175,0.00014557208,-0.015461613,-0.0034313572,0.009726736,0.0029033246,-0.01793602,-0.00024735506,-0.018414496,-0.013684416,-0.017279822,0.0018660568,0.00545121,0.002332571,-0.0056426004,-0.017662603,-0.011667982,0.036172792,-0.007662453,-0.028708566,0.010868243,-0.023390647,-0.008571558,0.012775312,-0.0027939586,0.028571859,0.00769663,0.018359812,0.013657075,0.0075189103,0.00025440403,-0.016022114,-0.006264619,-0.0053657675,-0.04456663,-0.0025017464,0.031415373,-0.025441257,-0.010389767,0.004709572,0.0265896,-0.017430201,0.010765713,-0.0119619025,-0.022871157,0.020314729,-0.01099128,-0.006585882,-0.011736335,0.008735606,-0.008667253,-0.009193577,0.04082085,0.022556731,0.01834614,0.025345562,-0.0028794007,-0.0055400697,0.028681224,-0.035461914,-0.023541024,0.012884678,0.03264574,0.01779931,0.008263966,0.0027512377,-0.016404895,-0.0045797,-0.01997296,0.023664061,-0.0144089665,-0.003433066,-0.012946196,-0.009255095,-0.0013277712,-0.009015857,0.023144573,-0.04653522,-0.01793602,-0.0055400697,0.010888749,-0.0024265575,0.009425979,0.0081546,0.0033117381,-0.02731415,-0.0049077976,-0.025536953,-0.020547131,0.031087276,0.011223682,-0.0060356343,0.0074300505,0.005136783,-0.011155329,0.0064970218,-0.007095117,-0.0054888045,-0.007313849,-0.022283316,-0.07365798,0.020205362,-0.0054990575,0.0067465133,-0.006572211,-0.0095080035,0.00540678,-0.016938055,-0.012488226,0.0033407884,0.0017720704,0.0050855177,-0.014518332,0.005649436,-0.022884829,-0.017621592,0.010553815,-0.016623627,0.0017908677,0.023800768,-0.004101224,0.014190234,-0.00039773327,-0.002922122,0.012146458,0.00998648,-0.019180056,0.0314974,-0.017744629,0.0011842283,0.021422058,-0.040082626,0.01410821,0.017020078,-0.00087578216,-0.009391802,0.01758058,0.033356618,0.01119634,0.033165228,-0.013253788,-0.028626543,0.0017045711,0.0013790365,-0.009398637,0.009282436,-0.06047938,0.020929912,0.036036085,-0.035625964,0.008448521,0.023144573,-0.023609377,-0.003127183,-0.014326941,-0.013096575,0.02988425,0.016473249,-0.019521825,0.01703375,0.018605886,-0.015885407,0.014901113,-0.006097153,0.03204423,-0.013226447,-0.000496419,0.018264117,0.015653005,-0.014860101,-0.0040499587,0.0076897945,0.011408238,0.039289724,-0.00055152917,0.02914603,-0.012125951,-0.0019327017,-0.03259106,0.028380468,0.033766743,-0.020314729,0.0027734526,0.017088432,0.017143115,0.03278245,-0.003803885,0.0140261855,-0.0148054175,-0.0059775338,0.006661071,0.010799889,0.0002094401,0.013356319,0.019248411,0.009665217,-0.028161736,-0.012611263,0.0214494,0.011490262,0.0025137083,0.0068251197,0.0061757592,-0.00540678,-0.022242304,-0.0016404896,-0.051538713,-0.008216118,0.029829567,-0.0021394717,-0.008940668,0.0032843966,0.018373482,0.018961325,-0.028927298,0.008462192,0.022502048,-0.0096310405,-0.0265896,0.01997296,-0.0016763752,0.0111826705,0.03592672,-0.0023120649,0.027519211,0.02840781,-0.013855301,-0.03059513,0.017197799,-0.0071224584,0.010164199,-0.021599779,-0.02731415,-0.019453472,-0.01740286,0.012016586,-0.0034621165,0.024279244,-0.01980891,0.052331615,0.011025457,-0.018920312,0.007922197,0.0098839495,-0.009289272,0.007662453,-0.008024728,-0.024087854,0.018250445,0.01778564,-0.02421089,0.006073229,-0.0029357928,-0.02109396,-0.014203905,-0.0013491317,0.00778549,0.01292569,-0.0010757168,0.00899535,0.0068866382,0.015379589,0.001029578,-0.017717287,0.0055263992,0.012816324,-0.014135552,-0.01274797,-0.024388611,-0.008058905,0.0024060514,-0.029255396,-0.0061279116,0.009405473,-0.028243762,-0.0019361194,-0.02362305,0.0023923805,0.015735028,0.020137008,0.012365189,-0.0142859295,-0.016965395,0.010191541,-0.00051436183,-0.0045797,0.0004383183,-0.022433694]
[{role: assistant, content: [{type: text, text: 您好！我是您的回忆助手，很高兴与您一起回顾过去的时光。  
我想请您回忆一下，您有没有参加过一次难忘的聚会或活动？  
那次聚会的氛围让我至今难忘...  
聚会上有没有特别的表演或节目让您印象深刻...  
您是否和某位重要的人在那次活动中重聚...  }, {type: text, text: }, {type: text, text: }, {type: text, text: false}, {type: text, text: 您好！我是您的回忆助手，很高兴与您一起回顾过去的时光。  
我想请您回忆一下，您有没有参加过一次难忘的聚会或活动？  
那次聚会的氛围让我至今难忘...  
聚会上有没有特别的表演或节目让您印象深刻...  
您是否和某位重要的人在那次活动中重聚...  }]}, {role: assistant, content: [{type: text, text: 您好！我是您的回忆助手，很高兴与您一起回顾过去的时光。  
我想请您回忆一下，有没有一张照片让您想起某个特定的场景？  
那是和家人一起度假的时刻...  
那是我和朋友聚会时捕捉到的瞬间...  
那张照片里有我最喜欢的风景...  }, {type: text, text: }, {type: text, text: }, {type: text, text: false}, {type: text, text: 您好！我是您的回忆助手，很高兴与您一起回顾过去的时光。  
我想请您回忆一下，有没有一张照片让您想起某个特定的场景？  
那是和家人一起度假的时刻...  
那是我和朋友聚会时捕捉到的瞬间...  
那张照片里有我最喜欢的风景...  }]}],[-0.023410324,0.005292264,0.016932512,-0.015811877,-0.015060232,0.033892356,0.0009182027,-0.0032850301,-0.028945165,-0.03061245,-0.017315166,0.018709127,-0.012381643,-0.030694447,-0.017096506,-0.001208611,0.029191157,0.017807152,0.021319384,-0.0145409135,0.011069681,0.023055002,-0.002154146,0.015046566,-0.017902816,-0.0054938416,0.019378774,-0.018681794,0.020909397,-0.0013623565,0.023328327,-0.011110679,-0.0069185505,-0.027523872,-0.004885692,-0.028207187,-0.010564028,0.00097201363,0.026088914,0.011787159,0.013707271,0.008746414,0.012415809,0.02438063,-0.015101231,0.0207864,-0.0072021256,-0.04201012,0.02361532,0.016249198,0.020868398,0.038866878,-0.023150666,-0.009429728,-0.0026358822,-0.009518558,0.012347477,0.05728901,-0.0092998985,-0.026307574,-0.0015451428,0.009231566,-0.025678925,0.006429981,0.018545132,0.0024223467,-0.019952757,-0.010338535,0.023123333,0.014609245,-0.003987135,0.019857094,0.005791083,-0.014021595,0.04911658,-0.014978235,0.0136252735,-0.0051351017,0.009996878,0.00073541625,0.0026358822,-0.023082335,0.009511725,0.040124174,-0.00044842454,0.044169392,-0.00042728454,0.026444236,-0.034603,-0.02921849,0.015989538,0.013925931,0.012873628,0.019187447,0.021661041,0.03083111,-0.0014597287,0.031159101,-0.0033704443,-0.010058376,0.009388729,0.005528007,-0.040725492,-0.009211067,-0.019665767,0.0007264478,0.029027162,0.0031193267,0.012258646,0.014868904,-0.033291038,0.05920229,0.0017065757,-0.003758225,-0.062646195,-0.014827905,0.020144084,-0.017957482,-0.015265226,-0.030475788,-0.00472853,0.031159101,0.0038983042,-0.029409818,0.0044244556,0.016071536,0.014130926,-0.017615825,0.015661549,-0.0058013326,0.047667958,0.0074071195,0.018613463,0.01631753,-0.021729372,0.00993538,-0.007065463,0.008582419,-0.020103086,-0.0050189383,0.0046704486,0.021565378,-0.013105955,-0.01536089,0.019679433,0.031186434,-0.008705416,0.005756917,0.012361143,0.022891006,0.022057364,-0.0041852957,-0.0024189302,0.009812383,0.0036488946,-0.0011343006,-0.0022686012,0.011295174,-0.016768515,-0.03266239,0.006327484,0.025829254,0.013652606,0.0011445503,0.012607136,0.038839545,-0.0039837183,-0.012258646,0.02899983,-0.016208198,-0.035914965,0.018982451,-0.02734621,0.0015494137,-0.016303863,0.0009113695,0.027783532,0.016522523,-0.022002699,-0.011507001,-0.032389063,-0.025378268,0.006908301,0.008910409,-0.01525156,-0.007290956,-0.003536148,-0.017205836,-0.0065837265,-0.0065153954,0.0078034415,0.038839545,-0.006344567,-0.0072499574,-0.6192461,-0.0025641343,0.0016032245,-0.016508857,0.018763792,0.001311108,-0.0050086887,0.018135143,-0.013208452,-0.026990887,-0.02067707,0.025009278,0.008664416,-0.004342458,-0.018681794,-0.011165344,0.0036830604,0.0024155136,0.00048259023,0.0047763623,-0.018613463,0.024899948,-0.0037103929,0.004352708,-0.0127233,-0.0067477217,-0.010126708,-0.0009617639,-0.02815252,0.045071367,-0.031842414,-0.010529863,0.003378986,-0.0094775595,0.058382314,0.015101231,-0.033564363,0.023628986,0.008534587,0.032580394,-0.009211067,0.00041404535,0.012258646,0.0070996284,0.009183735,-0.0055314237,-0.019091783,0.011513834,0.016823182,-0.01455458,-0.003187658,-0.0026734646,-0.004239961,0.00782394,-0.006296735,-0.034657665,0.021620043,-0.030120464,-0.025583262,0.008828412,0.015374556,0.023574319,-0.014404251,-0.02254935,-0.027100218,0.02815252,-0.0024582208,-0.0014144592,-0.0014665618,-0.01756116,0.004492787,0.012825796,-0.0105776945,0.0051966,-0.0029279988,0.010953517,0.020075753,0.0051761004,-0.015183228,0.013843934,0.015893875,-0.018763792,-0.0007687278,-0.018121477,-0.012415809,0.00015257111,-0.03381036,-0.022563016,0.034821663,-0.0012111734,0.0060063265,-0.006330901,-0.000787946,0.0047831954,-0.019242112,0.043868735,-0.032088406,0.009593723,0.011110679,-0.0300658,0.013652606,0.00910857,0.010748523,0.026703896,0.0121629825,0.015456554,-0.029491816,0.004834444,0.03296305,-0.018463133,-0.0013555234,-0.0007290102,0.016440526,-0.031979077,-0.017205836,-0.022235025,0.023300994,0.022522017,0.022535684,-0.002622216,0.0015673506,-0.0070107975,0.0042126286,-0.005821832,0.0134407785,0.02533727,-0.0014050637,-0.0132631175,-0.011008183,0.014308587,0.012053652,-0.01525156,0.014841571,-0.012169816,0.017629491,-0.008240762,0.015497552,-0.005148768,0.030776445,-0.018668128,0.029409818,0.015401889,0.010680192,-0.04362274,-0.027728867,-0.023505988,-0.014089927,-0.0027383792,-0.027769865,0.0034900242,-0.0034678166,-0.0009643263,-0.008069933,0.0152105605,0.000032777698,0.0075096167,-0.0020072337,-0.0063343174,-0.027318878,-0.011520667,0.0034866077,-0.010126708,-0.015169562,-0.0024411378,-0.018449467,-0.028261852,0.0101540405,0.0145409135,-0.017397165,-0.01605787,-0.0173835,-0.0047763623,-0.018203475,-0.029683143,0.015688881,0.023820313,-0.022590348,-0.013891766,0.027305212,-0.016522523,-0.015852876,0.01564788,-0.0028528343,-0.008917242,0.011110679,-0.0019115699,0.010987683,0.012108318,-0.024722286,0.027797198,-0.0055109244,0.033154376,-0.014991901,-0.0080152685,-0.009655221,0.022084696,-0.012238147,0.010769023,0.004919858,0.009183735,0.009026573,-0.008186097,0.022330688,-0.012121984,-0.0039017207,-0.0037445587,0.015429221,-0.0017433038,0.024995612,-0.011746161,0.024681287,-0.020663403,-0.0027691284,-0.0071952925,0.0058867466,0.014964568,0.0042126286,0.010304369,-0.014896236,-0.02514594,0.004144297,-0.009286232,-0.010557195,0.0080152685,-0.013365614,0.009887548,0.013235785,0.016522523,-0.012176649,0.00086823537,0.015060232,0.0058491644,0.012060485,-0.00072303123,-0.008315926,-0.022139361,0.03566897,-0.027291546,0.032607727,-0.0019986923,-0.004325375,0.01784815,0.0015562468,-0.028316516,0.020007422,-0.0054938416,0.015128563,0.014007929,-0.0017526994,0.028097855,-0.009033406,0.026184577,-0.009545892,-0.019078117,0.0081997635,0.0049232747,-0.019447105,0.016344862,0.008739581,0.031131769,-0.011957988,-0.0025914668,0.024421629,0.0053161797,0.0017509911,-0.013837101,-0.00042899282,-0.004981356,-0.030229794,-0.019337775,0.018162476,-0.017684156,-0.009880715,-0.012033152,0.011076514,0.0011565083,0.0128941275,-0.015224228,-0.008281761,-0.0049164416,-0.021879701,-0.03490366,0.01928311,0.0025043443,-0.00023958684,-0.023000335,-0.03501299,0.017219502,-0.008281761,0.00854142,0.002688839,0.012190315,0.00031581902,0.001130884,-0.0016373902,0.027318878,0.0073456215,-0.0082612615,-0.0029279988,-0.015005567,-0.021251053,-0.0035942297,-0.009627889,-0.027441874,0.019365108,-0.0042843763,-0.021278385,0.022481019,-0.008794246,-0.0019713598,-0.017875483,-0.012258646,-0.0044483715,-0.0034848994,0.027264213,0.011356672,-0.018244473,-0.010960351,0.030202461,0.011992154,-0.011459169,-0.017315166,-0.01444525,0.02089573,0.024448961,0.06740206,0.000026798705,-0.013700438,0.019365108,0.014021595,-0.039495528,-0.016768515,0.017369833,-0.015661549,-0.018381136,0.013584275,0.017957482,-0.0034592752,0.020923063,0.002622216,-0.008001602,0.005941412,0.014062594,-0.0127028,-0.008520921,-0.00010730159,0.006669141,0.01631753,-0.0089924075,-0.013775602,0.018340137,0.03129576,0.0049881893,-0.03266239,0.012518305,0.025104942,0.03793757,0.006693057,-0.03211574,0.02815252,0.0018278639,0.014431584,0.026061581,0.0011821325,0.006412898,0.030967772,0.015798211,-0.014021595,0.01631753,-0.021210054,0.0074959504,0.013181119,-0.013112788,0.0016553273,0.004895942,0.027838197,-0.015169562,-0.029573813,0.011049181,-0.004735363,-0.010639193,-0.020376412,0.0014076261,-0.010755356,0.01998009,-0.02041741,-0.005432343,-0.018285472,-0.024517292,-0.022781676,-0.032580394,-0.022166694,-0.0043356246,0.014855238,-0.0064026485,0.0088694105,-0.0047421963,0.00039440006,0.0015656423,0.017957482,0.017807152,-0.03200641,0.00936823,0.002297642,0.016454192,-0.030229794,0.020854732,-0.009340897,-0.023218997,0.0086234175,-0.0016553273,-0.0056544202,-0.0030099964,0.004547452,0.0051385183,0.0028460012,0.02716855,0.012395309,0.010236038,-0.0033106545,-0.0015468511,0.014007929,-0.0024804284,-0.019993756,-0.0040793824,-0.04479804,-0.011445503,-0.022617681,0.017465496,-0.0058423313,0.010222372,0.032799054,0.0027212964,-0.017615825,0.0075096167,-0.020226084,0.0008865994,-0.008220263,0.0038504722,0.0019440273,-0.0024787202,0.026936222,0.005774,-0.01213565,0.0053810948,-0.03665294,0.023177998,0.025760923,-0.011343006,0.009573224,-0.010557195,-0.015128563,0.013884933,-0.0066964733,-0.007584781,0.0011197801,-0.0012504639,0.0033277373,-0.02921849,-0.016071536,0.00021716561,0.0071474602,0.004352708,-0.014226589,-0.031596422,-0.021606376,-0.009634722,0.005340096,0.042638768,-0.030311791,-0.02111439,0.0068433858,0.0065905596,0.019447105,-0.0010352201,0.0017168254,-0.04154547,-0.005972161,0.00496769,-0.02976514,-0.019447105,0.023177998,0.0144179175,0.0008814746,0.03643428,0.008438923,-0.0084457565,0.0015733296,0.0015673506,0.025132274,-0.0016664311,-0.008329593,-0.013823435,0.0080767665,-0.0037616414,0.01821714,0.012067318,-0.02390231,-0.021305718,0.0024804284,0.013652606,0.0028169604,-0.017410832,-0.04824194,-0.019583767,-0.026075248,-0.024831617,-0.010427366,-0.027633203,0.0030937023,-0.0010591361,-0.007741943,0.033127043,-0.00060302427,0.016208198,-0.019857094,0.005473342,-0.0071132947,0.011015016,-0.0038231397,-0.017943816,-0.013420279,-0.012764298,0.005015522,0.028617173,0.0067272224,-0.0036693942,0.0075574485,0.00980555,0.009272566,-0.03793757,-0.010823688,0.0033089463,-0.01627653,-0.01862713,0.003230365,-0.0065598106,-0.0196111,0.0031227432,0.0046226163,-0.010167707,0.020116752,-0.005774,-0.010666525,-0.022412686,-0.008596085,0.034630332,0.004752446,0.026498903,0.02159271,-0.0041237976,-0.024913615,-0.07035397,0.02331466,-0.0024291798,0.020608738,0.033045046,-0.019993756,0.008165598,0.034220345,0.014595578,-0.009190568,-0.039878182,0.0050975196,0.012183482,0.0076052803,-0.0012581511,-0.016686518,-0.014759574,0.012477307,-0.022098362,-0.010591361,-0.015962206,-0.0075437822,-0.042884763,0.013891766,-0.0043151253,0.011575333,0.012436308,-0.007905939,0.007940104,0.00021438964,-0.00043454475,0.015060232,-0.006286485,0.023587985,-0.023464989,0.009074405,-0.008842078,0.033755694,0.0042843763,-0.019091783,0.0031893663,0.037746243,-0.021100724,-0.01224498,0.01259347,0.004885692,0.011732494,0.0035873963,-0.007673612,0.006549561,-0.0026478402,-0.0048515266,0.02584292,0.0075642816,0.021879701,0.010823688,0.0077146105,-0.01638586,0.016221866,0.0057705836,-0.0196521,-0.016290197,-0.008746414,-0.026457902,0.0044176225,0.019857094,-0.01627653,-0.0024923864,0.016098868,0.0034319425,-0.014581912,0.025637927,-0.024421629,-0.005046271,-0.029737808,-0.00588333,0.0058559976,-0.014923569,0.01671385,-0.011629998,-0.02760587,0.0048515266,0.017998481,0.014691243,-0.0046636155,0.019078117,0.018394802,-0.0053537623,-0.013775602,0.011349839,-0.028261852,0.00040016553,-0.020923063,0.019337775,0.00067562633,-0.04307609,0.019255778,-0.0076052803,0.019091783,0.0015519761,-0.051658507,-0.019911759,0.0040144674,0.004772946,0.0032371983,-0.021469714,-0.022850007,-0.012367976,-0.006863885,0.022440018,0.025050277,-0.0054870085,0.021688374,0.028480511,0.015442887,0.015743546,-0.0080152685,0.0077214437,-0.010236038,-0.011705162,-0.01642686,-0.008568753,0.0014776657,0.034329675,-0.014868904,-0.008363758,-0.025501264,-0.0061634886,-0.03845689,-0.018722793,-0.026198244,0.019488104,0.017274167,0.0050667706,-0.012497806,0.009682554,-0.00795377,0.017260501,-0.021551711,-0.013119621,0.010406867,-0.01235431,0.010844187,0.033291038,-0.036789604,-0.017834485,0.0130171245,-0.013413446,0.008630251,0.029601146,-0.010092542,-0.019665767,-0.019296777,0.0064914795,-0.012313311,-0.0026000084,0.024817951,-0.03222507,0.000056640292,-0.0070517967,-0.008165598,0.008732748,0.011049181,0.010967184,0.00888991,0.010475198,0.0022463936,-0.0016066411,0.011588999,-0.0105161965,0.021879701,-0.00035938024,-0.019447105,0.037664246,0.011021849,-0.001136863,-0.005148768,0.008862577,-0.016672852,-0.018791124,0.020854732,-0.014226589,0.010974017,-0.0060644085,0.020267082,-0.027482873,-0.012142483,0.0036215622,-0.0014870613,-0.045372024,-0.00021107984,0.014226589,-0.022590348,0.00047533002,-0.01671385,-0.04813261,-0.013645773,-0.006628142,-0.008001602,-0.023642652,-0.0300658,0.02745554,-0.010133541,-0.0069732154,0.00069569866,0.00450987,0.008042601,0.023096,0.2521154,-0.023519654,-0.0032696556,0.0092589,-0.023519654,0.017588492,0.0066486415,-0.00024641998,0.002447971,-0.00046892397,-0.008343259,0.0130786225,-0.006265986,-0.01642686,0.011971654,-0.05789033,-0.0531618,-0.03050312,-0.008384258,-0.032279734,0.013358781,-0.0028938332,0.005312763,-0.025637927,0.030585118,-0.0060644085,0.011520667,-0.012080984,-0.00797427,0.030885775,-0.03651628,-0.0022634764,0.013468111,0.015606883,-0.021196388,-0.003867555,0.008924075,0.0035805632,0.03214307,0.009867049,0.009443394,-0.026594566,0.02372465,0.008186097,0.012982959,-0.0026290491,-0.01350911,-0.023806646,-0.011664163,0.023014002,-0.011425003,-0.01719217,0.022125695,0.03834756,0.008602918,0.009272566,0.015661549,0.012682301,-0.021155389,0.022713345,-0.025501264,0.03676227,-0.005370845,0.0007892272,-0.011315674,0.008022102,0.007236291,-0.023177998,0.028179854,-0.01642686,0.0037753077,-0.0056544202,-0.026881557,-0.012566137,-0.024585623,-0.021989033,0.01917378,0.012497806,0.007468618,0.025815587,-0.014212923,-0.0033584863,0.008343259,0.0033584863,0.00087976624,-0.03405635,0.03083111,0.00041255058,-0.030749112,0.00019741357,-0.009621056,0.0023659733,-0.013761936,0.0017629492,0.0070996284,-0.002154146,0.0013512527,0.010242871,-0.02218036,-0.009224733,-0.018394802,0.052505817,0.023710983,0.027428208,-0.014431584,-0.025159607,0.004690948,0.0019389024,0.012060485,0.017902816,-0.012094651,-0.014281254,0.0026683398,-0.013447612,-0.01902345,-0.0098465495,-0.002285684,-0.006423148,0.014964568,-0.014677577,0.010680192,-0.026731228,-0.024107303,0.0000506613,-0.0018210307,-0.021510713,-0.0138712665,-0.0013546692,0.012074151,-0.039085537,0.049881894,-0.023464989,0.04296676,-0.0058799135,-0.012566137,0.011302007,0.025856586,0.0062523196,0.011281508,0.0031483674,0.009047072,-0.0054596756,0.01098085,-0.029573813,0.015415555,-0.011097013,-0.0048891087,0.008356925,0.014048927,-0.026826892,-0.027359877,0.0010719482,-0.0014511873,-0.017315166,0.019624766,-0.002393306,-0.0142949205,-0.008582419,0.0029792474,-0.0059994934,-0.05395444,-0.012757465,0.01788915,-0.002929707,-0.0023984308,-0.008404758,-0.17536561,0.015060232,0.0045132865,-0.041736796,-0.0028938332,-0.015347224,-0.011643664,-0.01167783,-0.005955078,0.0055655893,0.008186097,-0.022098362,-0.038402226,-0.021688374,-0.0027879195,0.03129576,-0.006211321,0.0039188038,0.017725155,0.01671385,0.017164838,-0.020185083,-0.022959337,0.002941665,0.01363894,-0.0072567905,0.021155389,-0.0052239327,-0.008958241,-0.0013777311,0.012060485,-0.012402142,0.018750126,0.0071747927,0.010803188,0.017684156,0.0066315588,0.017096506,-0.008664416,0.020280749,0.024626622,0.027154883,-0.016481524,0.012026319,-0.005910663,0.023328327,0.00013431383,-0.017137505,0.0012316728,0.013351948,0.0035293149,-0.04293943,0.05411844,0.0076667788,0.0043151253,0.022112029,0.014909903,0.011233675,0.014622911,0.024189303,0.0053332625,-0.02555593,-0.009949046,0.02111439,0.004540619,0.0030988273,-0.01352961,0.009853383,-0.0068433858,0.011705162,-0.0038299728,-0.0023540154,0.017943816,0.003566897,0.03252573,-0.0032525728,-0.025719924,0.01536089,0.011486501,0.0014819364,-0.0054357597,0.026717562,-0.017315166,0.0053810948,-0.01917378,0.017629491,0.04069816,-0.01176666,-0.007687278,-0.014390585,0.026034249,-0.037992235,-0.00025517493,0.004246794,-0.017137505,0.023956975,-0.025282603,0.006501729,-0.00980555,-0.0038778048,-0.0061259065,-0.00578425,0.016891513,-0.014745908,0.0067203892,0.002603425,-0.0041477135,0.0018876538,0.034548335,-0.022508351,-0.0056305043,0.016754849,0.011541167,0.026635565,-0.0006884385,0.015319891,-0.011110679,-0.03717226,0.028945165,0.0026358822,-0.0029484981,-0.022508351,0.00041959726,-0.00762578,-0.002087523,-0.010557195,-0.07286856,-0.03793757,0.004451788,0.0003598073,-0.016003205,-0.003734309,0.009737219,0.0029963301,-0.017588492,-0.000112426445,-0.018135143,-0.013447612,-0.016891513,0.001738179,0.005042854,0.0029382484,-0.0064573134,-0.017807152,-0.011486501,0.036160957,-0.0068536354,-0.028398514,0.010803188,-0.023560653,-0.008999241,0.013420279,-0.0031944911,0.028671838,0.0077077774,0.017902816,0.013837101,0.007885439,0.0002387327,-0.015688881,-0.0058184154,-0.0051692673,-0.043950733,-0.0029638729,0.030913107,-0.02555593,-0.010680192,0.0046943645,0.026635565,-0.016768515,0.010639193,-0.011916989,-0.023082335,0.020226084,-0.010359034,-0.0068160533,-0.011513834,0.008712249,-0.008773747,-0.0091154035,0.040862154,0.02218036,0.017998481,0.02492728,-0.0033994853,-0.0060780747,0.028972497,-0.034357008,-0.023519654,0.013939598,0.032935716,0.017547494,0.007905939,0.0025163023,-0.016303863,-0.0044996203,-0.019816095,0.02372465,-0.014472582,-0.0037445587,-0.012689134,-0.008965075,-0.0013538151,-0.008575586,0.023137,-0.046929978,-0.017725155,-0.006050742,0.010564028,-0.0027964609,0.009040239,0.0074617844,0.0026837143,-0.026990887,-0.0046806983,-0.026006917,-0.021346718,0.031514425,0.011466002,-0.0060780747,0.008138265,0.005124852,-0.01132934,0.006682807,-0.0070244637,-0.004943774,-0.007120128,-0.022207692,-0.07385253,0.020431077,-0.0057056686,0.0072089587,-0.006669141,-0.009744052,0.0056680865,-0.016959844,-0.012518305,0.003206449,0.0017356166,0.005528007,-0.015046566,0.0053435126,-0.022850007,-0.017998481,0.01085102,-0.016850514,0.0022788509,0.024025306,-0.0037001432,0.0145409135,-0.00008060965,-0.0032269484,0.0119784875,0.009928547,-0.018927786,0.031487092,-0.017998481,0.0014657077,0.02170204,-0.04020617,0.013802935,0.01679585,-0.00028250748,-0.0091154035,0.017902816,0.03331837,0.0105776945,0.032826386,-0.013317782,-0.028343849,0.001978193,0.0008391945,-0.009067572,0.008999241,-0.060240928,0.020950396,0.036379617,-0.035477642,0.008766914,0.022645013,-0.022822674,-0.003127868,-0.0137482695,-0.013126454,0.029792473,0.016768515,-0.01939244,0.017137505,0.018982451,-0.016249198,0.015005567,-0.00648123,0.03181508,-0.013338282,-0.000001152758,0.017971149,0.016563522,-0.015538552,-0.0043117087,0.0076394463,0.011240509,0.038839545,-0.001088177,0.0288905,-0.012197148,-0.0017749071,-0.033236373,0.028234519,0.033482365,-0.019624766,0.0037992236,0.017260501,0.017533828,0.03252573,-0.0038197231,0.013891766,-0.014827905,-0.0061259065,0.0064402306,0.011001349,0.0006717827,0.0135022765,0.019091783,0.009778217,-0.028425846,-0.012695967,0.021756705,0.011226842,0.0023898894,0.0068468023,0.0058867466,-0.005514341,-0.022713345,-0.0011334465,-0.051549178,-0.007960604,0.029737808,-0.002791336,-0.008520921,0.0037855573,0.01869546,0.019132782,-0.029355153,0.009375063,0.021879701,-0.009996878,-0.02690889,0.020034755,-0.002116564,0.011206343,0.0357783,-0.0022771426,0.027154883,0.02878117,-0.013796101,-0.030967772,0.017123839,-0.00773511,0.010208705,-0.021524379,-0.027687868,-0.019515436,-0.017916482,0.012197148,-0.0037206425,0.023833979,-0.019679433,0.052232493,0.011172177,-0.019310443,0.0075506154,0.010290703,-0.0099080475,0.007673612,-0.007919605,-0.023820313,0.017943816,0.017260501,-0.023806646,0.006990298,-0.0025128857,-0.021743039,-0.014103593,-0.0016331195,0.0075506154,0.0127711315,-0.0021917284,0.008787413,0.0068297195,0.015306225,0.0011582166,-0.018299138,0.005941412,0.013433945,-0.014035261,-0.013133287,-0.024394296,-0.00782394,0.0022036864,-0.029327821,-0.0064983126,0.0096620545,-0.028125187,-0.0014409376,-0.023642652,0.0024103888,0.015565884,0.020280749,0.012422642,-0.014472582,-0.017096506,0.010229205,-0.00089428667,-0.004950607,-0.00019912186,-0.022166694]
[{role: assistant, content: [{type: text, text: 您好！我是您的回忆助手，很高兴与您一起回顾过去的时光。  
我想请您回忆一下，您有没有参加过一次难忘的聚会或活动？  
那次聚会的氛围让我至今难忘...  
聚会上有没有特别的表演或节目让您印象深刻...  
您是否和某位重要的人在那次活动中重聚...  }, {type: text, text: }, {type: text, text: }, {type: text, text: false}, {type: text, text: 您好！我是您的回忆助手，很高兴与您一起回顾过去的时光。  
我想请您回忆一下，您有没有参加过一次难忘的聚会或活动？  
那次聚会的氛围让我至今难忘...  
聚会上有没有特别的表演或节目让您印象深刻...  
您是否和某位重要的人在那次活动中重聚...  }]}, {role: assistant, content: [{type: text, text: 您好！我是您的回忆助手，很高兴与您一起回顾过去的时光。  
我想请您回忆一下，有没有一张照片让您想起某个特定的场景？  
那是和家人一起度假的时刻...  
那是我和朋友聚会时捕捉到的瞬间...  
那张照片里有我最喜欢的风景...  }, {type: text, text: }, {type: text, text: }, {type: text, text: false}, {type: text, text: 您好！我是您的回忆助手，很高兴与您一起回顾过去的时光。  
我想请您回忆一下，有没有一张照片让您想起某个特定的场景？  
那是和家人一起度假的时刻...  
那是我和朋友聚会时捕捉到的瞬间...  
那张照片里有我最喜欢的风景...  }]}],[]
[{role: assistant, content: [{type: text, text: 您好！我是您的回忆助手，很高兴与您一起回顾过去的时光。  
我想请您回忆一下，您有没有参加过一次难忘的聚会或活动？  
那次聚会的氛围让我至今难忘...  
聚会上有没有特别的表演或节目让您印象深刻...  
您是否和某位重要的人在那次活动中重聚...  }, {type: text, text: }, {type: text, text: }, {type: text, text: false}, {type: text, text: 您好！我是您的回忆助手，很高兴与您一起回顾过去的时光。  
我想请您回忆一下，您有没有参加过一次难忘的聚会或活动？  
那次聚会的氛围让我至今难忘...  
聚会上有没有特别的表演或节目让您印象深刻...  
您是否和某位重要的人在那次活动中重聚...  }]}, {role: assistant, content: [{type: text, text: 您好！我是您的回忆助手，很高兴与您一起回顾过去的时光。  
我想请您回忆一下，有没有一张照片让您想起某个特定的场景？  
那是和家人一起度假的时刻...  
那是我和朋友聚会时捕捉到的瞬间...  
那张照片里有我最喜欢的风景...  }, {type: text, text: }, {type: text, text: }, {type: text, text: false}, {type: text, text: 您好！我是您的回忆助手，很高兴与您一起回顾过去的时光。  
我想请您回忆一下，有没有一张照片让您想起某个特定的场景？  
那是和家人一起度假的时刻...  
那是我和朋友聚会时捕捉到的瞬间...  
那张照片里有我最喜欢的风景...  }]}],[-0.023368297,0.005298864,0.016849773,-0.015852178,-0.015032238,0.033918194,0.0009275574,-0.0032438887,-0.02894389,-0.030583771,-0.01732807,0.018708304,-0.012442593,-0.03074776,-0.01708209,-0.0012504089,0.029162543,0.017779037,0.021359444,-0.014526608,0.011055528,0.02304032,-0.0021660088,0.015032238,-0.01792936,-0.0054936,0.019336924,-0.018680973,0.020922143,-0.0014135429,0.023354633,-0.0111238565,-0.006942161,-0.02752266,-0.0048957267,-0.028260607,-0.010563564,0.00095488876,0.026060434,0.011800307,0.013727167,0.008732364,0.01240843,0.02440689,-0.015100567,0.02079915,-0.0072086416,-0.042008273,0.02364161,0.01626215,0.020853814,0.038810506,-0.02310865,-0.00942248,-0.00265114,-0.0095454715,0.012381098,0.057286493,-0.009347319,-0.026306417,-0.0015228682,0.009244827,-0.02569146,0.0064296983,0.018571647,0.002420532,-0.019965546,-0.010317582,0.023094984,0.014581271,-0.0039937925,0.019815223,0.00580791,-0.013986815,0.049141753,-0.015018572,0.0136178415,-0.0051382924,0.009989605,0.0007434979,0.0026203925,-0.023094984,0.009483975,0.040067747,-0.00044456136,0.044112787,-0.00041082423,0.026429407,-0.034546815,-0.029217204,0.015961504,0.013918486,0.012838898,0.01915927,0.021673754,0.030802423,-0.0014485611,0.031212393,-0.0033344238,-0.010037435,0.00937465,0.005544846,-0.04077836,-0.009224328,-0.019678567,0.00072001,0.029025886,0.0030406117,0.01231277,0.014895582,-0.033289574,0.059199687,0.001726145,-0.0037443938,-0.06264344,-0.014881915,0.020129533,-0.01792936,-0.015264555,-0.030474447,-0.004735155,0.03115773,0.003908382,-0.029435856,0.00443451,0.01609816,0.014130304,-0.017628716,0.01568819,-0.0058113267,0.047693193,0.0074136266,0.01865364,0.016344143,-0.02168742,0.009941775,-0.007058319,0.008568375,-0.020102203,-0.005011885,0.004677076,0.02159176,-0.013125877,-0.01537388,0.019705897,0.03118506,-0.008643537,0.0057293326,0.012381098,0.022862667,0.022056393,-0.0041885283,-0.0024102828,0.009825617,0.0036521505,-0.0011641444,-0.0022838754,0.011308343,-0.01682244,-0.032660954,0.0063203727,0.02588278,0.013658838,0.0011316884,0.012640745,0.03883784,-0.003990376,-0.012258107,0.028998554,-0.016207486,-0.035968047,0.018981617,-0.027317677,0.0015664275,-0.01628948,0.0009369526,0.02780964,0.016549127,-0.021960733,-0.011513328,-0.03238764,-0.025404483,0.006870416,0.0088826865,-0.015237223,-0.0072906357,-0.0035462417,-0.01717775,-0.006617601,-0.006532191,0.007768934,0.038865168,-0.006327206,-0.007263304,-0.6192189,-0.0025537722,0.001611695,-0.01650813,0.018803963,0.0012914059,-0.004974304,0.018161677,-0.0132078715,-0.02696237,-0.020621497,0.025021844,0.008657203,-0.0043491,-0.018680973,-0.011199017,0.0036726492,0.0024239484,0.00045566473,0.0047283224,-0.018639976,0.024898853,-0.0037068133,0.004376431,-0.012729572,-0.0067269267,-0.01011943,-0.0009634298,-0.028151283,0.04506938,-0.03181368,-0.010522567,0.003336132,-0.00947031,0.058325086,0.015073235,-0.033562887,0.023627946,0.008534212,0.032551628,-0.00923116,0.00039972088,0.012258107,0.007099316,0.009183331,-0.005568761,-0.019104607,0.01152016,0.016836107,-0.014512943,-0.0032011834,-0.002657973,-0.0042261085,0.007809931,-0.00636137,-0.034710806,0.02161909,-0.03011914,-0.0256368,0.008848522,0.015387545,0.023600614,-0.014403617,-0.022548357,-0.02711269,0.028205944,-0.0024546962,-0.0013896279,-0.0015314092,-0.01754672,0.004472091,0.012838898,-0.0106113935,0.0051861224,-0.002903955,0.010953035,0.02007487,0.0051417085,-0.01518256,0.013843325,0.015893176,-0.0187493,-0.00075673655,-0.01812068,-0.0123606,0.00011445,-0.03378154,-0.022562023,0.03482013,-0.0012273481,0.006012895,-0.006330622,-0.00081011804,0.0047624866,-0.019282263,0.043894134,-0.032086994,0.009606967,0.011089692,-0.030064477,0.013652005,0.009149167,0.010809545,0.02677105,0.012148782,0.015442208,-0.029463187,0.004841064,0.033043593,-0.018448656,-0.0013306948,-0.00071915594,0.016439803,-0.031977672,-0.01720508,-0.022247713,0.023313634,0.022493694,0.02250736,-0.002634058,0.0015929048,-0.0070104892,0.0042090267,-0.0058010775,0.013481185,0.025336154,-0.0014255003,-0.013283032,-0.011055528,0.01426696,0.012005292,-0.015237223,0.014813587,-0.012162447,0.017669713,-0.008247232,0.015496871,-0.005158791,0.030829754,-0.01865364,0.02935386,0.015401212,0.010672889,-0.04362082,-0.02771398,-0.02351862,-0.014116638,-0.0027416754,-0.02771398,0.0034625395,-0.0034676641,-0.0009779496,-0.008110575,0.015223557,0.000053648437,0.007475122,-0.0020105618,-0.0063340385,-0.027331343,-0.0115269935,0.0034967037,-0.010139928,-0.015168895,-0.0024512797,-0.018448656,-0.02828794,0.010126262,0.01455394,-0.017369067,-0.016084494,-0.017341737,-0.004776152,-0.018230006,-0.02970917,0.015674524,0.02383293,-0.022548357,-0.013884322,0.02730401,-0.016521797,-0.015893176,0.015606197,-0.00286125,-0.00891685,0.011103358,-0.0019097775,0.011021364,0.012066787,-0.024734864,0.027754977,-0.0054765176,0.03315292,-0.015018572,-0.008014916,-0.009647964,0.02209739,-0.012203445,0.010775382,0.0049435566,0.009121835,0.009067173,-0.008185737,0.022343373,-0.012087286,-0.0039220476,-0.0037512267,0.015387545,-0.0016919809,0.024994513,-0.01171148,0.024666537,-0.020717157,-0.0027843805,-0.00718131,0.0059104026,0.014977575,0.0041885283,0.010303916,-0.014881915,-0.0251585,0.004123616,-0.009285823,-0.010590895,0.008035415,-0.013385525,0.009907612,0.013194205,0.016494464,-0.012223943,0.00087204063,0.01505957,0.005838658,0.01207362,-0.0007187289,-0.0083223935,-0.022138387,0.0356674,-0.02730401,0.03257896,-0.0019934797,-0.0043491,0.017820034,0.0015433667,-0.02831527,0.020020207,-0.005473101,0.015114232,0.013979982,-0.0017560387,0.028151283,-0.009067173,0.026128763,-0.009552304,-0.01906361,0.008233567,0.0049367235,-0.019405253,0.01641247,0.008732364,0.0311304,-0.011957462,-0.0025964775,0.02440689,0.005298864,0.0017346861,-0.013829659,-0.00041360006,-0.0049674716,-0.030201133,-0.01941892,0.01812068,-0.01764238,-0.009893945,-0.0120394565,0.011103358,0.0011761019,0.012873062,-0.015209892,-0.008301895,-0.0049333074,-0.021865074,-0.034902126,0.019268597,0.002511067,-0.00024363329,-0.02301299,-0.035066113,0.017259743,-0.008247232,0.00850688,0.0027126358,0.012223943,0.00030320708,0.0011402294,-0.0015903425,0.027317677,0.0073452983,-0.008247232,-0.0029176208,-0.015018572,-0.02125012,-0.0035530746,-0.009579635,-0.027468,0.019405253,-0.0043286015,-0.02127745,0.022493694,-0.008807525,-0.00201227,-0.01790203,-0.012271773,-0.004448176,-0.0034932871,0.02730401,0.011328842,-0.018189007,-0.01093937,0.030228464,0.011971128,-0.011431334,-0.017287074,-0.0144309485,0.02089481,0.024502547,0.06734443,0.000031334956,-0.013699835,0.019364256,0.014034644,-0.039493788,-0.016713116,0.017355403,-0.015647193,-0.018312,0.013611008,0.017943026,-0.003483038,0.020922143,0.0026186842,-0.007994418,0.005927485,0.014061975,-0.012709074,-0.008472716,-0.00015790256,0.0067166775,0.016357807,-0.008998845,-0.013788662,0.01833933,0.031239724,0.004974304,-0.032660954,0.012504089,0.025103837,0.0379359,0.0067166775,-0.032114327,0.028178614,0.001815826,0.014471945,0.026060434,0.0011812265,0.006412616,0.03093908,0.01581118,-0.0140209785,0.016303146,-0.02125012,0.007509286,0.013173707,-0.01308488,0.0016817317,0.00494014,0.027864303,-0.015155229,-0.02954518,0.0110691935,-0.004752237,-0.010672889,-0.020375516,0.0014032936,-0.01074805,0.01995188,-0.02038918,-0.0054013566,-0.018298334,-0.024516214,-0.022808004,-0.03257896,-0.022179384,-0.0043491,0.014827253,-0.006347704,0.008855355,-0.0047044074,0.00040740782,0.0015655734,0.017943026,0.01780637,-0.032005,0.00937465,0.002265085,0.016453467,-0.030228464,0.020812817,-0.0093404865,-0.023272637,0.008582042,-0.0016766071,-0.005702001,-0.0030081559,0.0045506684,0.0051246267,0.0028732074,0.02718102,0.012381098,0.010262919,-0.00333784,-0.0015553242,0.013966315,-0.0024427387,-0.01997921,-0.0040792027,-0.044741407,-0.011424501,-0.02257569,0.01749206,-0.0058762385,0.010228755,0.032797612,0.0026972617,-0.017601384,0.0075366176,-0.020211527,0.00087631115,-0.008254065,0.0038639684,0.0019576075,-0.0024512797,0.02689404,0.005756664,-0.012135115,0.0053945235,-0.03667866,0.023176977,0.025773456,-0.011363005,0.009579635,-0.010570397,-0.0151415635,0.013891155,-0.0067064282,-0.0075502833,0.0011180227,-0.0012546794,0.00331905,-0.029217204,-0.016084494,0.00019665755,0.0071403133,0.0043149358,-0.014184967,-0.031595033,-0.02159176,-0.009559137,0.0053671924,0.042691555,-0.030310458,-0.021072464,0.006877249,0.0066381,0.019459916,-0.0010565271,0.0017269992,-0.04154364,-0.006009479,0.004974304,-0.02976383,-0.019432584,0.023176977,0.014417283,0.0008891227,0.03643268,0.008479549,-0.0084248865,0.0016014458,0.0015664275,0.025144834,-0.0017082089,-0.00833606,-0.013822827,0.008062746,-0.0038127222,0.018230006,0.012094119,-0.02392859,-0.021332113,0.0024786112,0.013665671,0.0028219612,-0.01742373,-0.04823982,-0.01963757,-0.0260741,-0.024830524,-0.010426907,-0.027672984,0.0030679433,-0.0010830044,-0.007775767,0.03315292,-0.0005705418,0.016139157,-0.019869886,0.005497016,-0.007106149,0.011000865,-0.0038161387,-0.017970357,-0.013433355,-0.012804734,0.005028967,0.02869791,0.0067200935,-0.003679482,0.0075366176,0.00973679,0.0092379935,-0.037908573,-0.01079588,0.0033088005,-0.016275814,-0.018639976,0.0032455968,-0.0065697716,-0.01963757,0.0031208976,0.00466341,-0.010180925,0.020115867,-0.005756664,-0.01060456,-0.022398034,-0.008643537,0.03465614,0.0047454042,0.026470404,0.021550763,-0.0041406984,-0.024912518,-0.07035088,0.023286304,-0.0024085746,0.020635163,0.03301626,-0.020006543,0.008124242,0.03421884,0.014567605,-0.009210662,-0.039876428,0.0051075444,0.012176113,0.00763911,-0.0012418679,-0.016740447,-0.0147862565,0.012442593,-0.02209739,-0.010522567,-0.01597517,-0.007557116,-0.042910207,0.013891155,-0.0042978534,0.0115816565,0.012449427,-0.007871427,0.007926089,0.00018192425,-0.00046335167,0.015032238,-0.0062862085,0.023573283,-0.023477623,0.00910817,-0.008841689,0.033754207,0.004260273,-0.019090943,0.0032148492,0.037717253,-0.021127127,-0.012203445,0.012592915,0.00485473,0.011745645,0.0036248192,-0.0077074384,0.006566355,-0.002640891,-0.0048786444,0.025841784,0.0075502833,0.02181041,0.01084371,0.0077142715,-0.01641247,0.01619382,0.0057669133,-0.0196649,-0.01628948,-0.008718698,-0.026511401,0.0044276775,0.01985622,-0.01626215,-0.0024751946,0.01609816,0.0033907946,-0.014526608,0.02566413,-0.024393223,-0.005046049,-0.029818494,-0.005896737,0.005869406,-0.014950244,0.01669945,-0.011690982,-0.027604656,0.004800067,0.017970357,0.014690597,-0.0046429117,0.019118274,0.018366663,-0.0053296117,-0.0137681635,0.011315175,-0.028260607,0.00040036146,-0.020935807,0.01935059,0.0006794401,-0.0429922,0.019200267,-0.0075844475,0.019104607,0.0015074944,-0.051628906,-0.019965546,0.00407237,0.0047727358,0.0032609708,-0.021482434,-0.022849003,-0.012333268,-0.006877249,0.0224117,0.02503551,-0.00544577,0.021701086,0.028424596,0.01546954,0.015770184,-0.008028582,0.0077142715,-0.01024242,-0.011725145,-0.016398806,-0.00855471,0.0014852877,0.034328166,-0.01486825,-0.008370223,-0.025513807,-0.006149552,-0.038427867,-0.018694637,-0.02619709,0.01947358,0.017246077,0.00508363,-0.012524587,0.00968896,-0.007994418,0.017259743,-0.021578094,-0.013139543,0.010420074,-0.012319602,0.010823212,0.033316907,-0.03681532,-0.017861033,0.013043883,-0.0134128565,0.00860254,0.029572513,-0.010092098,-0.019678567,-0.019282263,0.0065390235,-0.0122922715,-0.0025998938,0.024803193,-0.032223653,0.00005031209,-0.0070788176,-0.008172072,0.008718698,0.011007698,0.010980367,0.008937349,0.0104610715,0.0022616687,-0.0016065704,0.011588489,-0.010495235,0.021865074,-0.00036577022,-0.019432584,0.037662588,0.0109872,-0.0011291261,-0.0051280432,0.008862188,-0.01667212,-0.018831294,0.020840148,-0.014198632,0.010966701,-0.0060402267,0.020279856,-0.027468,-0.01212145,0.0036111537,-0.0014904123,-0.045370027,-0.00025046614,0.014184967,-0.022589354,0.00047616323,-0.016740447,-0.048212487,-0.013658838,-0.0065971026,-0.00795342,-0.023655277,-0.030037144,0.027454333,-0.010160427,-0.0069934074,0.00069566804,0.004540419,0.008035415,0.02310865,0.2521043,-0.023532286,-0.0032199738,0.009244827,-0.023504954,0.01758772,0.006672264,-0.000245555,0.0024717783,-0.00048299605,-0.00833606,0.013098545,-0.0062759593,-0.01641247,0.012005292,-0.057942446,-0.053132128,-0.030501777,-0.008356558,-0.032223653,0.013392358,-0.0028578334,0.0053193625,-0.025650464,0.030583771,-0.0060641416,0.011499662,-0.012107785,-0.007932922,0.030884417,-0.036514673,-0.0022497112,0.013488017,0.015647193,-0.021236453,-0.003867385,0.008944182,0.0035701566,0.032114327,0.00988028,0.009477143,-0.02657973,0.023723604,0.008233567,0.012948223,-0.0026238088,-0.013535847,-0.0238056,-0.011656817,0.022999324,-0.011438167,-0.01723241,0.022179384,0.03831854,0.008588875,0.009272158,0.01566086,0.0126475785,-0.02118179,0.02272601,-0.025486477,0.036787987,-0.0053945235,0.00079773355,-0.01130151,0.0079670865,0.00722914,-0.023190644,0.028260607,-0.01641247,0.0037580596,-0.0056200074,-0.026853044,-0.012545086,-0.024570877,-0.021988064,0.01915927,0.0124972565,0.007468289,0.025814453,-0.014212298,-0.0033070925,0.008383889,0.0034044604,0.0008630725,-0.034054853,0.030857086,0.00040847546,-0.03074776,0.00021865073,-0.009627465,0.0024154074,-0.013788662,0.0017850783,0.0071198144,-0.0021660088,0.0013511932,0.01024242,-0.022206716,-0.009258492,-0.018380327,0.05253084,0.02370994,0.027427,-0.014444615,-0.025144834,0.0047044074,0.0019285679,0.01207362,0.017943026,-0.012114617,-0.014253295,0.0026648059,-0.01344702,-0.018995283,-0.009846116,-0.0022565438,-0.0064160326,0.014936578,-0.014690597,0.010659223,-0.026730053,-0.024133574,0.0000045240845,-0.0018312,-0.021537097,-0.013891155,-0.0013341111,0.012100952,-0.039165813,0.04993436,-0.023436626,0.0429922,-0.0058591566,-0.012510922,0.011342507,0.025896447,0.006241795,0.011322008,0.0030986909,0.0090876715,-0.0054491865,0.011007698,-0.029572513,0.015387545,-0.0111238565,-0.004888894,0.008370223,0.014089307,-0.026784716,-0.02737234,0.0010710469,-0.0014203757,-0.017287074,0.019596573,-0.0023932008,-0.014294292,-0.008513713,0.0029791163,-0.0059582326,-0.053952068,-0.012756904,0.01790203,-0.0029569096,-0.0023573283,-0.008438552,-0.1753579,0.015018572,0.0045609176,-0.041816954,-0.0029022468,-0.0153465485,-0.011697815,-0.011690982,-0.005954816,0.0055995085,0.008199403,-0.02209739,-0.038400535,-0.02168742,-0.0028082954,0.03132172,-0.006231546,0.003908382,0.017656047,0.016713116,0.01717775,-0.0201432,-0.02298566,0.00292787,0.01363834,-0.0072564716,0.02115446,-0.00516904,-0.008985179,-0.0014272085,0.012094119,-0.012401597,0.018776633,0.007188143,0.010802713,0.017628716,0.006641516,0.017123086,-0.00865037,0.02023886,0.024611874,0.027153688,-0.01650813,0.012053122,-0.0058864877,0.023313634,0.00014252868,-0.017164083,0.0012273481,0.013385525,0.003549658,-0.04296487,0.05411606,0.0076732743,0.0042739385,0.02209739,0.014922913,0.011246847,0.014635934,0.024201903,0.0052851983,-0.02556847,-0.009982773,0.021140793,0.0045233374,0.0030935663,-0.0135631785,0.009825617,-0.006829419,0.0117319785,-0.0037888072,-0.0023248722,0.017943026,0.003573573,0.0325243,-0.0032848858,-0.025677796,0.015401212,0.011451832,0.0015023698,-0.0054286877,0.02670272,-0.017355403,0.0053432775,-0.01915927,0.01758772,0.040696368,-0.011725145,-0.00773477,-0.01436262,0.02604677,-0.037990566,-0.00024256566,0.004236358,-0.01717775,0.023942256,-0.025267826,0.0064741117,-0.009770955,-0.0038400535,-0.006122221,-0.00580791,0.016904434,-0.014745259,0.0066859294,0.002608435,-0.004144115,0.0019080694,0.034546815,-0.022452697,-0.005640506,0.016754113,0.011547492,0.02664806,-0.00065210875,0.015332883,-0.011144355,-0.037225287,0.028998554,0.0025947692,-0.0029398275,-0.02248003,0.00044413432,-0.0076117786,-0.0020891395,-0.01057723,-0.07286536,-0.0379359,0.00443451,0.000384347,-0.016016167,-0.0036931476,0.009750457,0.0029979066,-0.01761505,-0.00013793787,-0.01814801,-0.013426522,-0.016877104,0.0017287073,0.0050084684,0.002886873,-0.0064501967,-0.0178337,-0.01149283,0.0361867,-0.0068840818,-0.028397264,0.010802713,-0.023586947,-0.008998845,0.013440187,-0.0031704358,0.028643247,0.0077416026,0.017970357,0.013822827,0.007926089,0.00021373964,-0.015647193,-0.0057942444,-0.0051485416,-0.043921467,-0.0029859492,0.030884417,-0.025554804,-0.010645558,0.0047044074,0.026661724,-0.01679511,0.0106113935,-0.011957462,-0.023081318,0.020225193,-0.010372245,-0.00681917,-0.01156799,0.008705032,-0.00877336,-0.009128668,0.040833026,0.022206716,0.01799769,0.02487152,-0.0034420409,-0.006050476,0.02894389,-0.034328166,-0.02354595,0.013938985,0.032934267,0.017574053,0.00790559,0.0025811037,-0.016275814,-0.004547252,-0.019869886,0.023778267,-0.014444615,-0.0037580596,-0.012661244,-0.00896468,-0.0013383817,-0.008561543,0.023163313,-0.046927914,-0.017751707,-0.00603681,0.010508901,-0.0027809641,0.009094504,0.007447791,0.0026545567,-0.027003367,-0.00466341,-0.026005773,-0.02130478,0.031540368,0.011445,-0.006026561,0.008158405,0.005093879,-0.011328842,0.0067200935,-0.007051486,-0.004923058,-0.0071744774,-0.022179384,-0.07384928,0.020430177,-0.005715667,0.0072496384,-0.0066551818,-0.009729958,0.0057054176,-0.016945433,-0.012538253,0.0032131409,0.0017509141,0.005497016,-0.015073235,0.0053535267,-0.022849003,-0.018011354,0.010823212,-0.016904434,0.002290708,0.02405158,-0.0037068133,0.014581271,-0.0000858375,-0.003230223,0.011909632,0.009914445,-0.01891329,0.031485707,-0.017984023,0.0014835794,0.021701086,-0.040231735,0.013781829,0.01682244,-0.0002871926,-0.009094504,0.0178337,0.033316907,0.01055673,0.032852273,-0.0133103635,-0.028369933,0.0019900633,0.00084257405,-0.00906034,0.008998845,-0.06023828,0.020949474,0.03643268,-0.03547608,0.008739197,0.022644017,-0.022849003,-0.0031055238,-0.0137681635,-0.013119044,0.029845826,0.01682244,-0.019391587,0.01713675,0.01891329,-0.016207486,0.0149912415,-0.00644678,0.031841014,-0.01330353,0.0000381411,0.017984023,0.016562793,-0.015524202,-0.00430127,0.0076322774,0.011240015,0.03883784,-0.0010360287,0.02891656,-0.012155615,-0.0017697044,-0.03320758,0.028233277,0.033508226,-0.019582907,0.0038127222,0.017287074,0.017560387,0.032496966,-0.003826388,0.013891155,-0.014840919,-0.0061358865,0.006460446,0.0109872,0.00065936864,0.013467519,0.019118274,0.009764122,-0.028424596,-0.012709074,0.021769414,0.011226349,0.0023846596,0.00681917,0.0058864877,-0.005497016,-0.02269868,-0.0011282719,-0.051546913,-0.007973919,0.02970917,-0.0027741313,-0.008547877,0.003802473,0.018680973,0.01915927,-0.029381193,0.009360985,0.021865074,-0.009982773,-0.026907707,0.020006543,-0.0021164708,0.011219516,0.035776727,-0.0022958328,0.027167354,0.028779903,-0.013843325,-0.03096641,0.017095754,-0.007721104,0.010228755,-0.021455104,-0.02771398,-0.019528244,-0.017888363,0.012210277,-0.0036726492,0.0238056,-0.0196649,0.052230194,0.011171686,-0.01932326,0.0075366176,0.010303916,-0.009907612,0.007680107,-0.00795342,-0.0238056,0.017970357,0.017191414,-0.02383293,0.006976325,-0.002493985,-0.021769414,-0.014102972,-0.0016390264,0.00759128,0.0128184,-0.002232629,0.008814358,0.00685675,0.015332883,0.0011513327,-0.018284667,0.005927485,0.013467519,-0.014007313,-0.013125877,-0.024393223,-0.007871427,0.0022206716,-0.0292992,-0.0064911935,0.00966163,-0.02809662,-0.0014434365,-0.023668943,0.0024598208,0.015578865,0.020279856,0.01243576,-0.014444615,-0.017095754,0.010249253,-0.0008942473,-0.0049435566,-0.00016195956,-0.022179384]
[{role: assistant, content: [{type: text, text: 您好！我是您的回忆助手，很高兴与您一起回顾过去的时光。  
我想请您回忆一下，您有没有参加过一次难忘的聚会或活动？  
那次聚会的氛围让我至今难忘...  
聚会上有没有特别的表演或节目让您印象深刻...  
您是否和某位重要的人在那次活动中重聚...  }, {type: text, text: }, {type: text, text: }, {type: text, text: false}, {type: text, text: 您好！我是您的回忆助手，很高兴与您一起回顾过去的时光。  
我想请您回忆一下，您有没有参加过一次难忘的聚会或活动？  
那次聚会的氛围让我至今难忘...  
聚会上有没有特别的表演或节目让您印象深刻...  
您是否和某位重要的人在那次活动中重聚...  }]}, {role: assistant, content: [{type: text, text: 您好！我是您的回忆助手，很高兴与您一起回顾过去的时光。  
我想请您回忆一下，有没有一张照片让您想起某个特定的场景？  
那是和家人一起度假的时刻...  
那是我和朋友聚会时捕捉到的瞬间...  
那张照片里有我最喜欢的风景...  }, {type: text, text: }, {type: text, text: }, {type: text, text: false}, {type: text, text: 您好！我是您的回忆助手，很高兴与您一起回顾过去的时光。  
我想请您回忆一下，有没有一张照片让您想起某个特定的场景？  
那是和家人一起度假的时刻...  
那是我和朋友聚会时捕捉到的瞬间...  
那张照片里有我最喜欢的风景...  }]}],[-0.02381444,0.0050855177,0.017129445,-0.016063126,-0.015147187,0.033657376,0.0011457794,-0.0032502199,-0.028817933,-0.031196643,-0.017484885,0.019316765,-0.012173799,-0.0311693,-0.017553238,-0.0010799889,0.029255396,0.01760792,0.021216998,-0.014600356,0.01136039,0.023007866,-0.0022044077,0.015037821,-0.018441835,-0.0056323474,0.019945618,-0.01853753,0.020779533,-0.0008099917,0.022871157,-0.010594828,-0.0072044833,-0.026904028,-0.005167542,-0.02840781,-0.01062217,0.000932174,0.025892392,0.011558616,0.01338366,0.008448521,0.01200975,0.0240195,-0.014873772,0.020560801,-0.007054105,-0.042269945,0.023513682,0.016404895,0.020834217,0.038578846,-0.023308622,-0.009555851,-0.0028759832,-0.00933712,0.0119550675,0.056924988,-0.0091115525,-0.026507577,-0.0012679617,0.00926193,-0.025400246,0.006650818,0.018783605,0.0026880105,-0.020328399,-0.010656347,0.023404317,0.014709722,-0.0040738825,0.01995929,0.0055298167,-0.013862137,0.049187344,-0.015051492,0.013786947,-0.0050547584,0.010191541,0.0012055889,0.0019258664,-0.022789134,0.009036363,0.040246677,-0.00078051415,0.044211194,-0.00035330333,0.026548589,-0.035079133,-0.029036663,0.016240846,0.014231247,0.012686452,0.019508155,0.022105597,0.030868543,-0.0010167618,0.0311693,-0.0035749,-0.009829266,0.009043198,0.0055503226,-0.040957555,-0.009398637,-0.02015068,0.0013875806,0.029474128,0.0037116075,0.0119619025,0.014381625,-0.033055864,0.058948256,0.001842133,-0.0030041465,-0.062393285,-0.014996808,0.020328399,-0.017977031,-0.01558465,-0.030485764,-0.0048189377,0.030731836,0.0036432538,-0.02969286,0.004036288,0.016063126,0.014053526,-0.017635262,0.015598321,-0.005437539,0.048339758,0.007423215,0.01868791,0.015912749,-0.02162712,0.010642676,-0.007368532,0.008660417,-0.020068655,-0.0046993187,0.004340462,0.021408388,-0.013089739,-0.015694017,0.020287387,0.031223984,-0.00842118,0.0054888045,0.0127342995,0.022037242,0.022324327,-0.004036288,-0.00199422,0.010868243,0.0030246526,-0.001062046,-0.0020249793,0.011305707,-0.01684236,-0.031798154,0.0067977784,0.026357198,0.013636569,0.001258563,0.012720629,0.038223404,-0.0033424974,-0.012638604,0.029200712,-0.016363883,-0.036364183,0.018715251,-0.02639821,0.0015559017,-0.016787676,0.0008621114,0.027806297,0.015871735,-0.02199623,-0.011674817,-0.03212625,-0.025400246,0.0069789155,0.009009021,-0.016076798,-0.0076761236,-0.0033595858,-0.01738919,-0.006476516,-0.0059706983,0.0074300505,0.038278088,-0.0063500614,-0.0070335986,-0.61944884,-0.0021992812,0.00093473727,-0.016473249,0.018728921,0.001291031,-0.005047923,0.017635262,-0.0137732765,-0.026616942,-0.020752192,0.025140502,0.008769783,-0.004709572,-0.018551202,-0.011045963,0.0035304702,0.0022744704,0.0004972734,0.0044498276,-0.018441835,0.024894428,-0.0038893272,0.00412173,-0.012618098,-0.007170306,-0.010512804,-0.000703189,-0.028161736,0.044320557,-0.031852838,-0.010485462,0.0034792048,-0.00961737,0.058346745,0.015147187,-0.033575352,0.023527354,0.008667253,0.03245435,-0.008865478,0.00073608424,0.012050763,0.0072454954,0.009583193,-0.005481969,-0.019275751,0.010950267,0.01670565,-0.0140261855,-0.003499711,-0.0031493981,-0.0040602116,0.008428015,-0.0063363905,-0.034176864,0.021613449,-0.030540446,-0.025988087,0.008530545,0.015817054,0.023390647,-0.014682381,-0.022433694,-0.026698967,0.027929334,-0.0020625738,-0.0017703616,-0.0017583997,-0.017689945,0.0046480536,0.013048727,-0.010717865,0.0047676726,-0.0029255396,0.011086975,0.020027643,0.0048804563,-0.015885407,0.013554544,0.015598321,-0.018742593,-0.000883472,-0.018305128,-0.0122148115,0.0004900108,-0.033438645,-0.022652427,0.03477838,-0.0014132133,0.0055674114,-0.006213354,-0.00068524614,0.0048462795,-0.019111702,0.0443479,-0.03190752,0.009781418,0.010875078,-0.029774884,0.013479356,0.008844973,0.01109381,0.026863016,0.012775312,0.014942125,-0.029474128,0.0044088154,0.033083204,-0.01778564,-0.001481567,-0.0008386148,0.016746664,-0.03283713,-0.017197799,-0.022009902,0.023431659,0.022638755,0.022693438,-0.0023086471,0.001710552,-0.007170306,0.004272108,-0.005625512,0.013588721,0.025605308,-0.0013482773,-0.012987209,-0.010752042,0.0145456735,0.011599628,-0.015365918,0.014518332,-0.012064434,0.017498555,-0.008428015,0.015789712,-0.005266655,0.03078652,-0.019125374,0.029009324,0.015516297,0.010854572,-0.04350031,-0.027710602,-0.023335963,-0.013985173,-0.0031869926,-0.028052371,0.0033988892,-0.0033424974,-0.0014072324,-0.008017892,0.015037821,0.00005767346,0.007539416,-0.0015550473,-0.0067704367,-0.027341492,-0.011968738,0.0040602116,-0.010041162,-0.015051492,-0.0027837057,-0.01834614,-0.028735908,0.009125222,0.01384163,-0.017115774,-0.015830724,-0.017307164,-0.0047471663,-0.018223105,-0.029036663,0.015488955,0.023732414,-0.02254306,-0.014053526,0.027614906,-0.016418565,-0.015871735,0.015352247,-0.00270339,-0.009104717,0.011066468,-0.0018387153,0.011169,0.011975573,-0.0249081,0.027560223,-0.005700701,0.032946497,-0.015352247,-0.0079495385,-0.009590028,0.021832181,-0.012269494,0.010499133,0.004675395,0.00842118,0.009384967,-0.007935868,0.022242304,-0.011503933,-0.00403287,-0.0032673082,0.014983137,-0.0022385847,0.025810368,-0.011777348,0.024251902,-0.020424094,-0.0024026337,-0.0070062573,0.006158671,0.014942125,0.0046617244,0.01035559,-0.014614027,-0.024251902,0.003971352,-0.00952851,-0.010451285,0.008366496,-0.012959867,0.00989762,0.012508732,0.01685603,-0.0120849395,0.00079802977,0.014490991,0.005611841,0.011743171,-0.000004705994,-0.008414344,-0.02252939,0.0359814,-0.027054407,0.03245435,-0.002365039,-0.0037731258,0.017512225,0.0015080542,-0.0285992,0.020260045,-0.0052119717,0.014682381,0.014217576,-0.0024658607,0.028298443,-0.009453321,0.02639821,-0.009747242,-0.019344104,0.0075189103,0.005020581,-0.019289423,0.016678309,0.009289272,0.031059934,-0.0122216465,-0.0032177519,0.024867088,0.0058032316,0.0014422637,-0.013281129,-0.00069464475,-0.0051504537,-0.03059513,-0.018797275,0.01814108,-0.01796336,-0.009227754,-0.012132787,0.011421909,0.0010389767,0.012782147,-0.015188199,-0.008489533,-0.004774508,-0.021845851,-0.034204207,0.0188793,0.0022505466,-0.00014311563,-0.023294952,-0.034395598,0.017717287,-0.008708265,0.0088586435,0.0023240268,0.011927726,0.00046053325,0.00068268285,-0.0016054582,0.027532883,0.0071498,-0.0075940993,-0.0025137083,-0.014449978,-0.020875229,-0.003533888,-0.009179906,-0.027655918,0.019658532,-0.004340462,-0.021353705,0.022652427,-0.008516875,-0.0018540949,-0.017867666,-0.012037092,-0.0051162764,-0.004101224,0.026904028,0.011367225,-0.01812741,-0.011558616,0.030458422,0.012064434,-0.011305707,-0.01740286,-0.014231247,0.020861559,0.024306586,0.06698666,0.00021061493,-0.013506697,0.019248411,0.014190234,-0.039344408,-0.017129445,0.016828688,-0.016336542,-0.01834614,0.013424672,0.017812982,-0.0039542634,0.020806875,0.002517126,-0.0075052395,0.0059433565,0.013493027,-0.012317342,-0.009166235,-0.000010893876,0.0068763853,0.016268188,-0.009009021,-0.013089739,0.018236775,0.031634107,0.004675395,-0.03302852,0.012713794,0.025167843,0.037649233,0.0065380344,-0.03242701,0.02895464,0.0019993465,0.014682381,0.025933405,0.0013098284,0.0058510792,0.030349055,0.016076798,-0.013650239,0.015844394,-0.021011936,0.0077649835,0.013315306,-0.012679617,0.0016165657,0.0051470357,0.027532883,-0.015160857,-0.029583493,0.010464956,-0.005164124,-0.011620134,-0.020533461,0.0013722011,-0.01081356,0.019562837,-0.02050612,-0.0055674114,-0.018660568,-0.024101526,-0.022761792,-0.03242701,-0.022146609,-0.0042891963,0.014627698,-0.00595361,0.009138893,-0.0049658986,0.00053828565,0.0015798255,0.017443871,0.017922347,-0.03242701,0.009220918,0.0020899153,0.016541602,-0.030458422,0.02069751,-0.008742442,-0.02328128,0.008762948,-0.0015960595,-0.0054580453,-0.002987058,0.004600206,0.0048667854,0.0029990198,0.02731415,0.012119116,0.010300907,-0.003369839,-0.00199422,0.014135552,-0.0022214963,-0.019849923,-0.0039508455,-0.044293217,-0.011873043,-0.02220129,0.017566908,-0.005700701,0.010109517,0.032673083,0.002267635,-0.016938055,0.0076897945,-0.020273715,0.0010637549,-0.008004222,0.0038824917,0.0013252079,-0.002725605,0.026863016,0.006097153,-0.012125951,0.0052051363,-0.03773126,0.023103561,0.025988087,-0.011251024,0.009432815,-0.010861408,-0.015133516,0.014176563,-0.006561958,-0.007224989,0.0014542256,-0.0013380243,0.0034433191,-0.028845273,-0.016172493,-0.00038812103,0.0072318246,0.004795014,-0.014258588,-0.031770814,-0.021927876,-0.0097677475,0.0049077976,0.04306285,-0.030376397,-0.021230668,0.0069549917,0.006452592,0.019521825,-0.0014627698,0.0015729902,-0.041531727,-0.005833991,0.0048872917,-0.029091347,-0.01960385,0.022884829,0.014559344,0.0009407182,0.036336843,0.008462192,-0.008708265,0.0022249138,0.0017806146,0.02492177,-0.0017754881,-0.008633076,-0.013670746,0.0077649835,-0.0045386874,0.018072726,0.012529238,-0.024238233,-0.020806875,0.0031049682,0.014121881,0.0028349708,-0.017266152,-0.04839444,-0.019453472,-0.026001759,-0.025167843,-0.01082723,-0.027628578,0.002922122,-0.0014234664,-0.0077308067,0.03278245,-0.00084929506,0.016035784,-0.01942613,0.005769055,-0.0073616966,0.010806724,-0.0033544593,-0.01852386,-0.014149222,-0.012850501,0.004914633,0.028462494,0.0066884123,-0.0037594552,0.007717136,0.00989762,0.009316613,-0.03773126,-0.01081356,0.0030451587,-0.0163092,-0.018974995,0.0032074987,-0.007054105,-0.019849923,0.0029733873,0.004849697,-0.010143694,0.019986631,-0.005560576,-0.011380896,-0.02239268,-0.009152564,0.03480572,0.005044505,0.025591636,0.021353705,-0.004675395,-0.025003795,-0.07048637,0.023390647,-0.0020232704,0.02036941,0.03278245,-0.019672204,0.008776619,0.035051793,0.014559344,-0.009740407,-0.039672505,0.004979569,0.012139622,0.007881185,-0.0009535345,-0.0168697,-0.014504662,0.012850501,-0.02199623,-0.010861408,-0.015885407,-0.0074710627,-0.042762093,0.014094539,-0.003957681,0.01181836,0.012980374,-0.008571558,0.0075462516,0.000011180908,-0.0007749604,0.014682381,-0.0063056317,0.022953182,-0.023431659,0.008530545,-0.008407509,0.03354801,0.004586535,-0.019125374,0.0026657954,0.0377586,-0.021326363,-0.012303671,0.012515568,0.004610459,0.012166964,0.003226296,-0.0078196665,0.0065141106,-0.002332571,-0.004788179,0.025783027,0.0078196665,0.022064583,0.010847737,0.007997386,-0.016227175,0.015912749,0.0058374084,-0.01982258,-0.015488955,-0.009084211,-0.026370868,0.0045045107,0.020410424,-0.016979067,-0.0021856106,0.016445907,0.0034706607,-0.014887442,0.025769357,-0.024128867,-0.0052495664,-0.030212348,-0.0059980396,0.0057758903,-0.014504662,0.016350212,-0.011476591,-0.027737943,0.004425904,0.017430201,0.014518332,-0.0046514715,0.018838288,0.018291458,-0.0052495664,-0.013670746,0.011080139,-0.028298443,0.0007719699,-0.020793205,0.01923474,0.0010876787,-0.043363605,0.01942613,-0.0082092825,0.019480813,0.0015832433,-0.051730104,-0.019398788,0.0050820997,0.0042891963,0.0035031287,-0.020875229,-0.023513682,-0.012515568,-0.0066405647,0.022461036,0.025154172,-0.005533234,0.021763828,0.029118689,0.015352247,0.01632287,-0.007224989,0.0072865076,-0.009494333,-0.012207976,-0.015694017,-0.008776619,0.0016208378,0.03466901,-0.014518332,-0.008216118,-0.025933405,-0.006018546,-0.03814138,-0.018482849,-0.026152138,0.01963119,0.01706109,0.0049077976,-0.012160128,0.009740407,-0.007847008,0.017717287,-0.021845851,-0.01319227,0.010321413,-0.012727465,0.010936596,0.0337394,-0.036719624,-0.01760792,0.013527203,-0.013007714,0.0088586435,0.029583493,-0.010417108,-0.019658532,-0.018947653,0.0064936043,-0.0126044275,-0.0029050335,0.024949111,-0.03264574,0.000149951,-0.00723866,-0.007942704,0.008817631,0.011073304,0.010840901,0.008851808,0.010006986,0.002018144,-0.0020745357,0.010820395,-0.01082723,0.022255974,0.00032083533,-0.019467141,0.03734848,0.010745206,-0.0015345413,-0.005044505,0.00935079,-0.016199835,-0.019193728,0.020957254,-0.013944161,0.010218883,-0.005806649,0.020793205,-0.026603272,-0.011873043,0.0035167993,-0.0015490664,-0.04508612,0.00008522856,0.014176563,-0.022857487,0.00077624206,-0.017074762,-0.048449125,-0.013527203,-0.0061415825,-0.0074710627,-0.023431659,-0.030102983,0.027587565,-0.009555851,-0.00723866,0.00046053325,0.0042345137,0.0082092825,0.022857487,0.25176045,-0.023882793,-0.0036159123,0.008872314,-0.023582036,0.018031714,0.0064252503,-0.0005002639,0.0019873846,-0.0004977006,-0.00852371,0.012809489,-0.0065790466,-0.016145151,0.012235317,-0.05790928,-0.053452615,-0.029829567,-0.009357626,-0.032290302,0.0136434045,-0.0029392103,0.005505893,-0.025536953,0.030185007,-0.0061757592,0.012358354,-0.012331013,-0.008284472,0.030649813,-0.036227476,-0.002397507,0.012563416,0.015940089,-0.021175986,-0.004128565,0.00980876,0.0032074987,0.032509033,0.00980876,0.009275601,-0.026220491,0.023390647,0.007942704,0.012597593,-0.0019480813,-0.013397331,-0.023541024,-0.011914055,0.023185585,-0.011606463,-0.017443871,0.022433694,0.03792265,0.008926997,0.009726736,0.015639333,0.012331013,-0.02165446,0.02252939,-0.025974417,0.03650089,-0.004914633,0.0007971754,-0.011647476,0.0076351115,0.0072318246,-0.023568366,0.028489834,-0.016623627,0.0038619856,-0.0058784205,-0.02673998,-0.011989244,-0.024716709,-0.021558765,0.019713216,0.012727465,0.0072865076,0.02585138,-0.0140261855,-0.0029733873,0.008352825,0.0025530118,0.0009962555,-0.033602692,0.031606764,-0.00010648229,-0.031278666,0.00035672102,-0.009521674,0.0025974417,-0.013916819,0.0012730882,0.007170306,-0.0015174528,0.0015909331,0.01062217,-0.02252939,-0.009460156,-0.018113738,0.052659713,0.02363672,0.027792627,-0.014313271,-0.024689367,0.004839444,0.0013551126,0.012078104,0.017334506,-0.012132787,-0.013909983,0.0029921846,-0.013677581,-0.0194398,-0.010143694,-0.0021463071,-0.0063124667,0.015256552,-0.014750735,0.010335084,-0.026999723,-0.024033172,-0.000059061895,-0.0022368757,-0.021025607,-0.013219611,-0.0017703616,0.012057598,-0.039317064,0.050308343,-0.023677731,0.04229729,-0.0060561406,-0.012290001,0.011127987,0.025919734,0.006572211,0.011579121,0.0035441408,0.009214083,-0.0052393135,0.010793054,-0.030075641,0.014873772,-0.010881914,-0.0047574197,0.008551052,0.0140261855,-0.026507577,-0.027081747,0.00107828,-0.001477295,-0.017443871,0.02036941,-0.0022437111,-0.0148054175,-0.008537381,0.0025273792,-0.005741713,-0.05446425,-0.013240118,0.018018043,-0.0028964893,-0.0022146609,-0.008530545,-0.17542301,0.015010479,0.004128565,-0.041504383,-0.002944337,-0.015160857,-0.011722664,-0.011408238,-0.0061860126,0.0063500614,0.008188777,-0.021955218,-0.038032014,-0.02125801,-0.0026435805,0.03130601,-0.006216772,0.00394401,0.018168421,0.016637297,0.017266152,-0.019945618,-0.022871157,0.002486367,0.013164928,-0.007313849,0.021476742,-0.005123112,-0.008879149,-0.0011919182,0.0123515185,-0.01264544,0.019002337,0.0071361293,0.009815595,0.017566908,0.0067738546,0.017320834,-0.008680924,0.01982258,0.024402281,0.026958711,-0.017156785,0.012802654,-0.00545121,0.023417987,0.00044002713,-0.017074762,0.0012534366,0.014395296,0.003455281,-0.043172214,0.053835396,0.0074300505,0.004261855,0.022310657,0.015639333,0.011155329,0.013875807,0.024156207,0.005471716,-0.026015429,-0.010362426,0.020670168,0.0043097027,0.0035133816,-0.013540873,0.009836102,-0.0065790466,0.011804689,-0.0035031287,-0.0024282662,0.018018043,0.0035167993,0.032673083,-0.003062247,-0.025796697,0.015133516,0.011743171,0.0018335888,-0.0055776644,0.027300479,-0.017512225,0.005769055,-0.018974995,0.017566908,0.040438067,-0.011661146,-0.0077581485,-0.014723393,0.025906064,-0.03811404,-0.00040093734,0.0042652725,-0.016459579,0.023664061,-0.025222527,0.006999422,-0.0093781315,-0.0038722388,-0.006596135,-0.0060014576,0.017211469,-0.014053526,0.0065585403,0.002180484,-0.00440198,0.0018182092,0.034751035,-0.02273445,-0.006093735,0.017143115,0.012023421,0.027546553,-0.00078478624,0.015871735,-0.0111826705,-0.036801647,0.029364763,0.0031528159,-0.0021087124,-0.022638755,0.00011919181,-0.007313849,-0.0021087124,-0.010697358,-0.07245495,-0.03753987,0.003937175,0.00014557208,-0.015461613,-0.0034313572,0.009726736,0.0029033246,-0.01793602,-0.00024735506,-0.018414496,-0.013684416,-0.017279822,0.0018660568,0.00545121,0.002332571,-0.0056426004,-0.017662603,-0.011667982,0.036172792,-0.007662453,-0.028708566,0.010868243,-0.023390647,-0.008571558,0.012775312,-0.0027939586,0.028571859,0.00769663,0.018359812,0.013657075,0.0075189103,0.00025440403,-0.016022114,-0.006264619,-0.0053657675,-0.04456663,-0.0025017464,0.031415373,-0.025441257,-0.010389767,0.004709572,0.0265896,-0.017430201,0.010765713,-0.0119619025,-0.022871157,0.020314729,-0.01099128,-0.006585882,-0.011736335,0.008735606,-0.008667253,-0.009193577,0.04082085,0.022556731,0.01834614,0.025345562,-0.0028794007,-0.0055400697,0.028681224,-0.035461914,-0.023541024,0.012884678,0.03264574,0.01779931,0.008263966,0.0027512377,-0.016404895,-0.0045797,-0.01997296,0.023664061,-0.0144089665,-0.003433066,-0.012946196,-0.009255095,-0.0013277712,-0.009015857,0.023144573,-0.04653522,-0.01793602,-0.0055400697,0.010888749,-0.0024265575,0.009425979,0.0081546,0.0033117381,-0.02731415,-0.0049077976,-0.025536953,-0.020547131,0.031087276,0.011223682,-0.0060356343,0.0074300505,0.005136783,-0.011155329,0.0064970218,-0.007095117,-0.0054888045,-0.007313849,-0.022283316,-0.07365798,0.020205362,-0.0054990575,0.0067465133,-0.006572211,-0.0095080035,0.00540678,-0.016938055,-0.012488226,0.0033407884,0.0017720704,0.0050855177,-0.014518332,0.005649436,-0.022884829,-0.017621592,0.010553815,-0.016623627,0.0017908677,0.023800768,-0.004101224,0.014190234,-0.00039773327,-0.002922122,0.012146458,0.00998648,-0.019180056,0.0314974,-0.017744629,0.0011842283,0.021422058,-0.040082626,0.01410821,0.017020078,-0.00087578216,-0.009391802,0.01758058,0.033356618,0.01119634,0.033165228,-0.013253788,-0.028626543,0.0017045711,0.0013790365,-0.009398637,0.009282436,-0.06047938,0.020929912,0.036036085,-0.035625964,0.008448521,0.023144573,-0.023609377,-0.003127183,-0.014326941,-0.013096575,0.02988425,0.016473249,-0.019521825,0.01703375,0.018605886,-0.015885407,0.014901113,-0.006097153,0.03204423,-0.013226447,-0.000496419,0.018264117,0.015653005,-0.014860101,-0.0040499587,0.0076897945,0.011408238,0.039289724,-0.00055152917,0.02914603,-0.012125951,-0.0019327017,-0.03259106,0.028380468,0.033766743,-0.020314729,0.0027734526,0.017088432,0.017143115,0.03278245,-0.003803885,0.0140261855,-0.0148054175,-0.0059775338,0.006661071,0.010799889,0.0002094401,0.013356319,0.019248411,0.009665217,-0.028161736,-0.012611263,0.0214494,0.011490262,0.0025137083,0.0068251197,0.0061757592,-0.00540678,-0.022242304,-0.0016404896,-0.051538713,-0.008216118,0.029829567,-0.0021394717,-0.008940668,0.0032843966,0.018373482,0.018961325,-0.028927298,0.008462192,0.022502048,-0.0096310405,-0.0265896,0.01997296,-0.0016763752,0.0111826705,0.03592672,-0.0023120649,0.027519211,0.02840781,-0.013855301,-0.03059513,0.017197799,-0.0071224584,0.010164199,-0.021599779,-0.02731415,-0.019453472,-0.01740286,0.012016586,-0.0034621165,0.024279244,-0.01980891,0.052331615,0.011025457,-0.018920312,0.007922197,0.0098839495,-0.009289272,0.007662453,-0.008024728,-0.024087854,0.018250445,0.01778564,-0.02421089,0.006073229,-0.0029357928,-0.02109396,-0.014203905,-0.0013491317,0.00778549,0.01292569,-0.0010757168,0.00899535,0.0068866382,0.015379589,0.001029578,-0.017717287,0.0055263992,0.012816324,-0.014135552,-0.01274797,-0.024388611,-0.008058905,0.0024060514,-0.029255396,-0.0061279116,0.009405473,-0.028243762,-0.0019361194,-0.02362305,0.0023923805,0.015735028,0.020137008,0.012365189,-0.0142859295,-0.016965395,0.010191541,-0.00051436183,-0.0045797,0.0004383183,-0.022433694]
[{role: assistant, content: [{type: text, text: 您好！我是您的回忆助手，很高兴与您一起回顾过去的时光。  
我想请您回忆一下，您有没有参加过一次难忘的聚会或活动？  
那次聚会的氛围让我至今难忘...  
聚会上有没有特别的表演或节目让您印象深刻...  
您是否和某位重要的人在那次活动中重聚...  }, {type: text, text: }, {type: text, text: }, {type: text, text: false}, {type: text, text: 您好！我是您的回忆助手，很高兴与您一起回顾过去的时光。  
我想请您回忆一下，您有没有参加过一次难忘的聚会或活动？  
那次聚会的氛围让我至今难忘...  
聚会上有没有特别的表演或节目让您印象深刻...  
您是否和某位重要的人在那次活动中重聚...  }]}, {role: assistant, content: [{type: text, text: 您好！我是您的回忆助手，很高兴与您一起回顾过去的时光。  
我想请您回忆一下，有没有一张照片让您想起某个特定的场景？  
那是和家人一起度假的时刻...  
那是我和朋友聚会时捕捉到的瞬间...  
那张照片里有我最喜欢的风景...  }, {type: text, text: }, {type: text, text: }, {type: text, text: false}, {type: text, text: 您好！我是您的回忆助手，很高兴与您一起回顾过去的时光。  
我想请您回忆一下，有没有一张照片让您想起某个特定的场景？  
那是和家人一起度假的时刻...  
那是我和朋友聚会时捕捉到的瞬间...  
那张照片里有我最喜欢的风景...  }]}],[]
[{role: assistant, content: [{type: text, text: 您好！我是您的回忆助手，很高兴与您一起回顾过去的时光。  
我想请您回忆一下，您有没有参加过一次难忘的聚会或活动？  
那次聚会的氛围让我至今难忘...  
聚会上有没有特别的表演或节目让您印象深刻...  
您是否和某位重要的人在那次活动中重聚...  }, {type: text, text: }, {type: text, text: }, {type: text, text: false}, {type: text, text: 您好！我是您的回忆助手，很高兴与您一起回顾过去的时光。  
我想请您回忆一下，您有没有参加过一次难忘的聚会或活动？  
那次聚会的氛围让我至今难忘...  
聚会上有没有特别的表演或节目让您印象深刻...  
您是否和某位重要的人在那次活动中重聚...  }]}, {role: assistant, content: [{type: text, text: 您好！我是您的回忆助手，很高兴与您一起回顾过去的时光。  
我想请您回忆一下，有没有一张照片让您想起某个特定的场景？  
那是和家人一起度假的时刻...  
那是我和朋友聚会时捕捉到的瞬间...  
那张照片里有我最喜欢的风景...  }, {type: text, text: }, {type: text, text: }, {type: text, text: false}, {type: text, text: 您好！我是您的回忆助手，很高兴与您一起回顾过去的时光。  
我想请您回忆一下，有没有一张照片让您想起某个特定的场景？  
那是和家人一起度假的时刻...  
那是我和朋友聚会时捕捉到的瞬间...  
那张照片里有我最喜欢的风景...  }]}],[-0.023410324,0.005292264,0.016932512,-0.015811877,-0.015060232,0.033892356,0.0009182027,-0.0032850301,-0.028945165,-0.03061245,-0.017315166,0.018709127,-0.012381643,-0.030694447,-0.017096506,-0.001208611,0.029191157,0.017807152,0.021319384,-0.0145409135,0.011069681,0.023055002,-0.002154146,0.015046566,-0.017902816,-0.0054938416,0.019378774,-0.018681794,0.020909397,-0.0013623565,0.023328327,-0.011110679,-0.0069185505,-0.027523872,-0.004885692,-0.028207187,-0.010564028,0.00097201363,0.026088914,0.011787159,0.013707271,0.008746414,0.012415809,0.02438063,-0.015101231,0.0207864,-0.0072021256,-0.04201012,0.02361532,0.016249198,0.020868398,0.038866878,-0.023150666,-0.009429728,-0.0026358822,-0.009518558,0.012347477,0.05728901,-0.0092998985,-0.026307574,-0.0015451428,0.009231566,-0.025678925,0.006429981,0.018545132,0.0024223467,-0.019952757,-0.010338535,0.023123333,0.014609245,-0.003987135,0.019857094,0.005791083,-0.014021595,0.04911658,-0.014978235,0.0136252735,-0.0051351017,0.009996878,0.00073541625,0.0026358822,-0.023082335,0.009511725,0.040124174,-0.00044842454,0.044169392,-0.00042728454,0.026444236,-0.034603,-0.02921849,0.015989538,0.013925931,0.012873628,0.019187447,0.021661041,0.03083111,-0.0014597287,0.031159101,-0.0033704443,-0.010058376,0.009388729,0.005528007,-0.040725492,-0.009211067,-0.019665767,0.0007264478,0.029027162,0.0031193267,0.012258646,0.014868904,-0.033291038,0.05920229,0.0017065757,-0.003758225,-0.062646195,-0.014827905,0.020144084,-0.017957482,-0.015265226,-0.030475788,-0.00472853,0.031159101,0.0038983042,-0.029409818,0.0044244556,0.016071536,0.014130926,-0.017615825,0.015661549,-0.0058013326,0.047667958,0.0074071195,0.018613463,0.01631753,-0.021729372,0.00993538,-0.007065463,0.008582419,-0.020103086,-0.0050189383,0.0046704486,0.021565378,-0.013105955,-0.01536089,0.019679433,0.031186434,-0.008705416,0.005756917,0.012361143,0.022891006,0.022057364,-0.0041852957,-0.0024189302,0.009812383,0.0036488946,-0.0011343006,-0.0022686012,0.011295174,-0.016768515,-0.03266239,0.006327484,0.025829254,0.013652606,0.0011445503,0.012607136,0.038839545,-0.0039837183,-0.012258646,0.02899983,-0.016208198,-0.035914965,0.018982451,-0.02734621,0.0015494137,-0.016303863,0.0009113695,0.027783532,0.016522523,-0.022002699,-0.011507001,-0.032389063,-0.025378268,0.006908301,0.008910409,-0.01525156,-0.007290956,-0.003536148,-0.017205836,-0.0065837265,-0.0065153954,0.0078034415,0.038839545,-0.006344567,-0.0072499574,-0.6192461,-0.0025641343,0.0016032245,-0.016508857,0.018763792,0.001311108,-0.0050086887,0.018135143,-0.013208452,-0.026990887,-0.02067707,0.025009278,0.008664416,-0.004342458,-0.018681794,-0.011165344,0.0036830604,0.0024155136,0.00048259023,0.0047763623,-0.018613463,0.024899948,-0.0037103929,0.004352708,-0.0127233,-0.0067477217,-0.010126708,-0.0009617639,-0.02815252,0.045071367,-0.031842414,-0.010529863,0.003378986,-0.0094775595,0.058382314,0.015101231,-0.033564363,0.023628986,0.008534587,0.032580394,-0.009211067,0.00041404535,0.012258646,0.0070996284,0.009183735,-0.0055314237,-0.019091783,0.011513834,0.016823182,-0.01455458,-0.003187658,-0.0026734646,-0.004239961,0.00782394,-0.006296735,-0.034657665,0.021620043,-0.030120464,-0.025583262,0.008828412,0.015374556,0.023574319,-0.014404251,-0.02254935,-0.027100218,0.02815252,-0.0024582208,-0.0014144592,-0.0014665618,-0.01756116,0.004492787,0.012825796,-0.0105776945,0.0051966,-0.0029279988,0.010953517,0.020075753,0.0051761004,-0.015183228,0.013843934,0.015893875,-0.018763792,-0.0007687278,-0.018121477,-0.012415809,0.00015257111,-0.03381036,-0.022563016,0.034821663,-0.0012111734,0.0060063265,-0.006330901,-0.000787946,0.0047831954,-0.019242112,0.043868735,-0.032088406,0.009593723,0.011110679,-0.0300658,0.013652606,0.00910857,0.010748523,0.026703896,0.0121629825,0.015456554,-0.029491816,0.004834444,0.03296305,-0.018463133,-0.0013555234,-0.0007290102,0.016440526,-0.031979077,-0.017205836,-0.022235025,0.023300994,0.022522017,0.022535684,-0.002622216,0.0015673506,-0.0070107975,0.0042126286,-0.005821832,0.0134407785,0.02533727,-0.0014050637,-0.0132631175,-0.011008183,0.014308587,0.012053652,-0.01525156,0.014841571,-0.012169816,0.017629491,-0.008240762,0.015497552,-0.005148768,0.030776445,-0.018668128,0.029409818,0.015401889,0.010680192,-0.04362274,-0.027728867,-0.023505988,-0.014089927,-0.0027383792,-0.027769865,0.0034900242,-0.0034678166,-0.0009643263,-0.008069933,0.0152105605,0.000032777698,0.0075096167,-0.0020072337,-0.0063343174,-0.027318878,-0.011520667,0.0034866077,-0.010126708,-0.015169562,-0.0024411378,-0.018449467,-0.028261852,0.0101540405,0.0145409135,-0.017397165,-0.01605787,-0.0173835,-0.0047763623,-0.018203475,-0.029683143,0.015688881,0.023820313,-0.022590348,-0.013891766,0.027305212,-0.016522523,-0.015852876,0.01564788,-0.0028528343,-0.008917242,0.011110679,-0.0019115699,0.010987683,0.012108318,-0.024722286,0.027797198,-0.0055109244,0.033154376,-0.014991901,-0.0080152685,-0.009655221,0.022084696,-0.012238147,0.010769023,0.004919858,0.009183735,0.009026573,-0.008186097,0.022330688,-0.012121984,-0.0039017207,-0.0037445587,0.015429221,-0.0017433038,0.024995612,-0.011746161,0.024681287,-0.020663403,-0.0027691284,-0.0071952925,0.0058867466,0.014964568,0.0042126286,0.010304369,-0.014896236,-0.02514594,0.004144297,-0.009286232,-0.010557195,0.0080152685,-0.013365614,0.009887548,0.013235785,0.016522523,-0.012176649,0.00086823537,0.015060232,0.0058491644,0.012060485,-0.00072303123,-0.008315926,-0.022139361,0.03566897,-0.027291546,0.032607727,-0.0019986923,-0.004325375,0.01784815,0.0015562468,-0.028316516,0.020007422,-0.0054938416,0.015128563,0.014007929,-0.0017526994,0.028097855,-0.009033406,0.026184577,-0.009545892,-0.019078117,0.0081997635,0.0049232747,-0.019447105,0.016344862,0.008739581,0.031131769,-0.011957988,-0.0025914668,0.024421629,0.0053161797,0.0017509911,-0.013837101,-0.00042899282,-0.004981356,-0.030229794,-0.019337775,0.018162476,-0.017684156,-0.009880715,-0.012033152,0.011076514,0.0011565083,0.0128941275,-0.015224228,-0.008281761,-0.0049164416,-0.021879701,-0.03490366,0.01928311,0.0025043443,-0.00023958684,-0.023000335,-0.03501299,0.017219502,-0.008281761,0.00854142,0.002688839,0.012190315,0.00031581902,0.001130884,-0.0016373902,0.027318878,0.0073456215,-0.0082612615,-0.0029279988,-0.015005567,-0.021251053,-0.0035942297,-0.009627889,-0.027441874,0.019365108,-0.0042843763,-0.021278385,0.022481019,-0.008794246,-0.0019713598,-0.017875483,-0.012258646,-0.0044483715,-0.0034848994,0.027264213,0.011356672,-0.018244473,-0.010960351,0.030202461,0.011992154,-0.011459169,-0.017315166,-0.01444525,0.02089573,0.024448961,0.06740206,0.000026798705,-0.013700438,0.019365108,0.014021595,-0.039495528,-0.016768515,0.017369833,-0.015661549,-0.018381136,0.013584275,0.017957482,-0.0034592752,0.020923063,0.002622216,-0.008001602,0.005941412,0.014062594,-0.0127028,-0.008520921,-0.00010730159,0.006669141,0.01631753,-0.0089924075,-0.013775602,0.018340137,0.03129576,0.0049881893,-0.03266239,0.012518305,0.025104942,0.03793757,0.006693057,-0.03211574,0.02815252,0.0018278639,0.014431584,0.026061581,0.0011821325,0.006412898,0.030967772,0.015798211,-0.014021595,0.01631753,-0.021210054,0.0074959504,0.013181119,-0.013112788,0.0016553273,0.004895942,0.027838197,-0.015169562,-0.029573813,0.011049181,-0.004735363,-0.010639193,-0.020376412,0.0014076261,-0.010755356,0.01998009,-0.02041741,-0.005432343,-0.018285472,-0.024517292,-0.022781676,-0.032580394,-0.022166694,-0.0043356246,0.014855238,-0.0064026485,0.0088694105,-0.0047421963,0.00039440006,0.0015656423,0.017957482,0.017807152,-0.03200641,0.00936823,0.002297642,0.016454192,-0.030229794,0.020854732,-0.009340897,-0.023218997,0.0086234175,-0.0016553273,-0.0056544202,-0.0030099964,0.004547452,0.0051385183,0.0028460012,0.02716855,0.012395309,0.010236038,-0.0033106545,-0.0015468511,0.014007929,-0.0024804284,-0.019993756,-0.0040793824,-0.04479804,-0.011445503,-0.022617681,0.017465496,-0.0058423313,0.010222372,0.032799054,0.0027212964,-0.017615825,0.0075096167,-0.020226084,0.0008865994,-0.008220263,0.0038504722,0.0019440273,-0.0024787202,0.026936222,0.005774,-0.01213565,0.0053810948,-0.03665294,0.023177998,0.025760923,-0.011343006,0.009573224,-0.010557195,-0.015128563,0.013884933,-0.0066964733,-0.007584781,0.0011197801,-0.0012504639,0.0033277373,-0.02921849,-0.016071536,0.00021716561,0.0071474602,0.004352708,-0.014226589,-0.031596422,-0.021606376,-0.009634722,0.005340096,0.042638768,-0.030311791,-0.02111439,0.0068433858,0.0065905596,0.019447105,-0.0010352201,0.0017168254,-0.04154547,-0.005972161,0.00496769,-0.02976514,-0.019447105,0.023177998,0.0144179175,0.0008814746,0.03643428,0.008438923,-0.0084457565,0.0015733296,0.0015673506,0.025132274,-0.0016664311,-0.008329593,-0.013823435,0.0080767665,-0.0037616414,0.01821714,0.012067318,-0.02390231,-0.021305718,0.0024804284,0.013652606,0.0028169604,-0.017410832,-0.04824194,-0.019583767,-0.026075248,-0.024831617,-0.010427366,-0.027633203,0.0030937023,-0.0010591361,-0.007741943,0.033127043,-0.00060302427,0.016208198,-0.019857094,0.005473342,-0.0071132947,0.011015016,-0.0038231397,-0.017943816,-0.013420279,-0.012764298,0.005015522,0.028617173,0.0067272224,-0.0036693942,0.0075574485,0.00980555,0.009272566,-0.03793757,-0.010823688,0.0033089463,-0.01627653,-0.01862713,0.003230365,-0.0065598106,-0.0196111,0.0031227432,0.0046226163,-0.010167707,0.020116752,-0.005774,-0.010666525,-0.022412686,-0.008596085,0.034630332,0.004752446,0.026498903,0.02159271,-0.0041237976,-0.024913615,-0.07035397,0.02331466,-0.0024291798,0.020608738,0.033045046,-0.019993756,0.008165598,0.034220345,0.014595578,-0.009190568,-0.039878182,0.0050975196,0.012183482,0.0076052803,-0.0012581511,-0.016686518,-0.014759574,0.012477307,-0.022098362,-0.010591361,-0.015962206,-0.0075437822,-0.042884763,0.013891766,-0.0043151253,0.011575333,0.012436308,-0.007905939,0.007940104,0.00021438964,-0.00043454475,0.015060232,-0.006286485,0.023587985,-0.023464989,0.009074405,-0.008842078,0.033755694,0.0042843763,-0.019091783,0.0031893663,0.037746243,-0.021100724,-0.01224498,0.01259347,0.004885692,0.011732494,0.0035873963,-0.007673612,0.006549561,-0.0026478402,-0.0048515266,0.02584292,0.0075642816,0.021879701,0.010823688,0.0077146105,-0.01638586,0.016221866,0.0057705836,-0.0196521,-0.016290197,-0.008746414,-0.026457902,0.0044176225,0.019857094,-0.01627653,-0.0024923864,0.016098868,0.0034319425,-0.014581912,0.025637927,-0.024421629,-0.005046271,-0.029737808,-0.00588333,0.0058559976,-0.014923569,0.01671385,-0.011629998,-0.02760587,0.0048515266,0.017998481,0.014691243,-0.0046636155,0.019078117,0.018394802,-0.0053537623,-0.013775602,0.011349839,-0.028261852,0.00040016553,-0.020923063,0.019337775,0.00067562633,-0.04307609,0.019255778,-0.0076052803,0.019091783,0.0015519761,-0.051658507,-0.019911759,0.0040144674,0.004772946,0.0032371983,-0.021469714,-0.022850007,-0.012367976,-0.006863885,0.022440018,0.025050277,-0.0054870085,0.021688374,0.028480511,0.015442887,0.015743546,-0.0080152685,0.0077214437,-0.010236038,-0.011705162,-0.01642686,-0.008568753,0.0014776657,0.034329675,-0.014868904,-0.008363758,-0.025501264,-0.0061634886,-0.03845689,-0.018722793,-0.026198244,0.019488104,0.017274167,0.0050667706,-0.012497806,0.009682554,-0.00795377,0.017260501,-0.021551711,-0.013119621,0.010406867,-0.01235431,0.010844187,0.033291038,-0.036789604,-0.017834485,0.0130171245,-0.013413446,0.008630251,0.029601146,-0.010092542,-0.019665767,-0.019296777,0.0064914795,-0.012313311,-0.0026000084,0.024817951,-0.03222507,0.000056640292,-0.0070517967,-0.008165598,0.008732748,0.011049181,0.010967184,0.00888991,0.010475198,0.0022463936,-0.0016066411,0.011588999,-0.0105161965,0.021879701,-0.00035938024,-0.019447105,0.037664246,0.011021849,-0.001136863,-0.005148768,0.008862577,-0.016672852,-0.018791124,0.020854732,-0.014226589,0.010974017,-0.0060644085,0.020267082,-0.027482873,-0.012142483,0.0036215622,-0.0014870613,-0.045372024,-0.00021107984,0.014226589,-0.022590348,0.00047533002,-0.01671385,-0.04813261,-0.013645773,-0.006628142,-0.008001602,-0.023642652,-0.0300658,0.02745554,-0.010133541,-0.0069732154,0.00069569866,0.00450987,0.008042601,0.023096,0.2521154,-0.023519654,-0.0032696556,0.0092589,-0.023519654,0.017588492,0.0066486415,-0.00024641998,0.002447971,-0.00046892397,-0.008343259,0.0130786225,-0.006265986,-0.01642686,0.011971654,-0.05789033,-0.0531618,-0.03050312,-0.008384258,-0.032279734,0.013358781,-0.0028938332,0.005312763,-0.025637927,0.030585118,-0.0060644085,0.011520667,-0.012080984,-0.00797427,0.030885775,-0.03651628,-0.0022634764,0.013468111,0.015606883,-0.021196388,-0.003867555,0.008924075,0.0035805632,0.03214307,0.009867049,0.009443394,-0.026594566,0.02372465,0.008186097,0.012982959,-0.0026290491,-0.01350911,-0.023806646,-0.011664163,0.023014002,-0.011425003,-0.01719217,0.022125695,0.03834756,0.008602918,0.009272566,0.015661549,0.012682301,-0.021155389,0.022713345,-0.025501264,0.03676227,-0.005370845,0.0007892272,-0.011315674,0.008022102,0.007236291,-0.023177998,0.028179854,-0.01642686,0.0037753077,-0.0056544202,-0.026881557,-0.012566137,-0.024585623,-0.021989033,0.01917378,0.012497806,0.007468618,0.025815587,-0.014212923,-0.0033584863,0.008343259,0.0033584863,0.00087976624,-0.03405635,0.03083111,0.00041255058,-0.030749112,0.00019741357,-0.009621056,0.0023659733,-0.013761936,0.0017629492,0.0070996284,-0.002154146,0.0013512527,0.010242871,-0.02218036,-0.009224733,-0.018394802,0.052505817,0.023710983,0.027428208,-0.014431584,-0.025159607,0.004690948,0.0019389024,0.012060485,0.017902816,-0.012094651,-0.014281254,0.0026683398,-0.013447612,-0.01902345,-0.0098465495,-0.002285684,-0.006423148,0.014964568,-0.014677577,0.010680192,-0.026731228,-0.024107303,0.0000506613,-0.0018210307,-0.021510713,-0.0138712665,-0.0013546692,0.012074151,-0.039085537,0.049881894,-0.023464989,0.04296676,-0.0058799135,-0.012566137,0.011302007,0.025856586,0.0062523196,0.011281508,0.0031483674,0.009047072,-0.0054596756,0.01098085,-0.029573813,0.015415555,-0.011097013,-0.0048891087,0.008356925,0.014048927,-0.026826892,-0.027359877,0.0010719482,-0.0014511873,-0.017315166,0.019624766,-0.002393306,-0.0142949205,-0.008582419,0.0029792474,-0.0059994934,-0.05395444,-0.012757465,0.01788915,-0.002929707,-0.0023984308,-0.008404758,-0.17536561,0.015060232,0.0045132865,-0.041736796,-0.0028938332,-0.015347224,-0.011643664,-0.01167783,-0.005955078,0.0055655893,0.008186097,-0.022098362,-0.038402226,-0.021688374,-0.0027879195,0.03129576,-0.006211321,0.0039188038,0.017725155,0.01671385,0.017164838,-0.020185083,-0.022959337,0.002941665,0.01363894,-0.0072567905,0.021155389,-0.0052239327,-0.008958241,-0.0013777311,0.012060485,-0.012402142,0.018750126,0.0071747927,0.010803188,0.017684156,0.0066315588,0.017096506,-0.008664416,0.020280749,0.024626622,0.027154883,-0.016481524,0.012026319,-0.005910663,0.023328327,0.00013431383,-0.017137505,0.0012316728,0.013351948,0.0035293149,-0.04293943,0.05411844,0.0076667788,0.0043151253,0.022112029,0.014909903,0.011233675,0.014622911,0.024189303,0.0053332625,-0.02555593,-0.009949046,0.02111439,0.004540619,0.0030988273,-0.01352961,0.009853383,-0.0068433858,0.011705162,-0.0038299728,-0.0023540154,0.017943816,0.003566897,0.03252573,-0.0032525728,-0.025719924,0.01536089,0.011486501,0.0014819364,-0.0054357597,0.026717562,-0.017315166,0.0053810948,-0.01917378,0.017629491,0.04069816,-0.01176666,-0.007687278,-0.014390585,0.026034249,-0.037992235,-0.00025517493,0.004246794,-0.017137505,0.023956975,-0.025282603,0.006501729,-0.00980555,-0.0038778048,-0.0061259065,-0.00578425,0.016891513,-0.014745908,0.0067203892,0.002603425,-0.0041477135,0.0018876538,0.034548335,-0.022508351,-0.0056305043,0.016754849,0.011541167,0.026635565,-0.0006884385,0.015319891,-0.011110679,-0.03717226,0.028945165,0.0026358822,-0.0029484981,-0.022508351,0.00041959726,-0.00762578,-0.002087523,-0.010557195,-0.07286856,-0.03793757,0.004451788,0.0003598073,-0.016003205,-0.003734309,0.009737219,0.0029963301,-0.017588492,-0.000112426445,-0.018135143,-0.013447612,-0.016891513,0.001738179,0.005042854,0.0029382484,-0.0064573134,-0.017807152,-0.011486501,0.036160957,-0.0068536354,-0.028398514,0.010803188,-0.023560653,-0.008999241,0.013420279,-0.0031944911,0.028671838,0.0077077774,0.017902816,0.013837101,0.007885439,0.0002387327,-0.015688881,-0.0058184154,-0.0051692673,-0.043950733,-0.0029638729,0.030913107,-0.02555593,-0.010680192,0.0046943645,0.026635565,-0.016768515,0.010639193,-0.011916989,-0.023082335,0.020226084,-0.010359034,-0.0068160533,-0.011513834,0.008712249,-0.008773747,-0.0091154035,0.040862154,0.02218036,0.017998481,0.02492728,-0.0033994853,-0.0060780747,0.028972497,-0.034357008,-0.023519654,0.013939598,0.032935716,0.017547494,0.007905939,0.0025163023,-0.016303863,-0.0044996203,-0.019816095,0.02372465,-0.014472582,-0.0037445587,-0.012689134,-0.008965075,-0.0013538151,-0.008575586,0.023137,-0.046929978,-0.017725155,-0.006050742,0.010564028,-0.0027964609,0.009040239,0.0074617844,0.0026837143,-0.026990887,-0.0046806983,-0.026006917,-0.021346718,0.031514425,0.011466002,-0.0060780747,0.008138265,0.005124852,-0.01132934,0.006682807,-0.0070244637,-0.004943774,-0.007120128,-0.022207692,-0.07385253,0.020431077,-0.0057056686,0.0072089587,-0.006669141,-0.009744052,0.0056680865,-0.016959844,-0.012518305,0.003206449,0.0017356166,0.005528007,-0.015046566,0.0053435126,-0.022850007,-0.017998481,0.01085102,-0.016850514,0.0022788509,0.024025306,-0.0037001432,0.0145409135,-0.00008060965,-0.0032269484,0.0119784875,0.009928547,-0.018927786,0.031487092,-0.017998481,0.0014657077,0.02170204,-0.04020617,0.013802935,0.01679585,-0.00028250748,-0.0091154035,0.017902816,0.03331837,0.0105776945,0.032826386,-0.013317782,-0.028343849,0.001978193,0.0008391945,-0.009067572,0.008999241,-0.060240928,0.020950396,0.036379617,-0.035477642,0.008766914,0.022645013,-0.022822674,-0.003127868,-0.0137482695,-0.013126454,0.029792473,0.016768515,-0.01939244,0.017137505,0.018982451,-0.016249198,0.015005567,-0.00648123,0.03181508,-0.013338282,-0.000001152758,0.017971149,0.016563522,-0.015538552,-0.0043117087,0.0076394463,0.011240509,0.038839545,-0.001088177,0.0288905,-0.012197148,-0.0017749071,-0.033236373,0.028234519,0.033482365,-0.019624766,0.0037992236,0.017260501,0.017533828,0.03252573,-0.0038197231,0.013891766,-0.014827905,-0.0061259065,0.0064402306,0.011001349,0.0006717827,0.0135022765,0.019091783,0.009778217,-0.028425846,-0.012695967,0.021756705,0.011226842,0.0023898894,0.0068468023,0.0058867466,-0.005514341,-0.022713345,-0.0011334465,-0.051549178,-0.007960604,0.029737808,-0.002791336,-0.008520921,0.0037855573,0.01869546,0.019132782,-0.029355153,0.009375063,0.021879701,-0.009996878,-0.02690889,0.020034755,-0.002116564,0.011206343,0.0357783,-0.0022771426,0.027154883,0.02878117,-0.013796101,-0.030967772,0.017123839,-0.00773511,0.010208705,-0.021524379,-0.027687868,-0.019515436,-0.017916482,0.012197148,-0.0037206425,0.023833979,-0.019679433,0.052232493,0.011172177,-0.019310443,0.0075506154,0.010290703,-0.0099080475,0.007673612,-0.007919605,-0.023820313,0.017943816,0.017260501,-0.023806646,0.006990298,-0.0025128857,-0.021743039,-0.014103593,-0.0016331195,0.0075506154,0.0127711315,-0.0021917284,0.008787413,0.0068297195,0.015306225,0.0011582166,-0.018299138,0.005941412,0.013433945,-0.014035261,-0.013133287,-0.024394296,-0.00782394,0.0022036864,-0.029327821,-0.0064983126,0.0096620545,-0.028125187,-0.0014409376,-0.023642652,0.0024103888,0.015565884,0.020280749,0.012422642,-0.014472582,-0.017096506,0.010229205,-0.00089428667,-0.004950607,-0.00019912186,-0.022166694]
[{role: assistant, content: [{type: text, text: 您好！我是您的回忆助手，很高兴与您一起回顾过去的时光。  
我想请您回忆一下，您有没有参加过一次难忘的聚会或活动？  
那次聚会的氛围让我至今难忘...  
聚会上有没有特别的表演或节目让您印象深刻...  
您是否和某位重要的人在那次活动中重聚...  }, {type: text, text: }, {type: text, text: }, {type: text, text: false}, {type: text, text: 您好！我是您的回忆助手，很高兴与您一起回顾过去的时光。  
我想请您回忆一下，您有没有参加过一次难忘的聚会或活动？  
那次聚会的氛围让我至今难忘...  
聚会上有没有特别的表演或节目让您印象深刻...  
您是否和某位重要的人在那次活动中重聚...  }]}, {role: assistant, content: [{type: text, text: 您好！我是您的回忆助手，很高兴与您一起回顾过去的时光。  
我想请您回忆一下，有没有一张照片让您想起某个特定的场景？  
那是和家人一起度假的时刻...  
那是我和朋友聚会时捕捉到的瞬间...  
那张照片里有我最喜欢的风景...  }, {type: text, text: }, {type: text, text: }, {type: text, text: false}, {type: text, text: 您好！我是您的回忆助手，很高兴与您一起回顾过去的时光。  
我想请您回忆一下，有没有一张照片让您想起某个特定的场景？  
那是和家人一起度假的时刻...  
那是我和朋友聚会时捕捉到的瞬间...  
那张照片里有我最喜欢的风景...  }]}],[-0.023410324,0.005292264,0.016932512,-0.015811877,-0.015060232,0.033892356,0.0009182027,-0.0032850301,-0.028945165,-0.03061245,-0.017315166,0.018709127,-0.012381643,-0.030694447,-0.017096506,-0.001208611,0.029191157,0.017807152,0.021319384,-0.0145409135,0.011069681,0.023055002,-0.002154146,0.015046566,-0.017902816,-0.0054938416,0.019378774,-0.018681794,0.020909397,-0.0013623565,0.023328327,-0.011110679,-0.0069185505,-0.027523872,-0.004885692,-0.028207187,-0.010564028,0.00097201363,0.026088914,0.011787159,0.013707271,0.008746414,0.012415809,0.02438063,-0.015101231,0.0207864,-0.0072021256,-0.04201012,0.02361532,0.016249198,0.020868398,0.038866878,-0.023150666,-0.009429728,-0.0026358822,-0.009518558,0.012347477,0.05728901,-0.0092998985,-0.026307574,-0.0015451428,0.009231566,-0.025678925,0.006429981,0.018545132,0.0024223467,-0.019952757,-0.010338535,0.023123333,0.014609245,-0.003987135,0.019857094,0.005791083,-0.014021595,0.04911658,-0.014978235,0.0136252735,-0.0051351017,0.009996878,0.00073541625,0.0026358822,-0.023082335,0.009511725,0.040124174,-0.00044842454,0.044169392,-0.00042728454,0.026444236,-0.034603,-0.02921849,0.015989538,0.013925931,0.012873628,0.019187447,0.021661041,0.03083111,-0.0014597287,0.031159101,-0.0033704443,-0.010058376,0.009388729,0.005528007,-0.040725492,-0.009211067,-0.019665767,0.0007264478,0.029027162,0.0031193267,0.012258646,0.014868904,-0.033291038,0.05920229,0.0017065757,-0.003758225,-0.062646195,-0.014827905,0.020144084,-0.017957482,-0.015265226,-0.030475788,-0.00472853,0.031159101,0.0038983042,-0.029409818,0.0044244556,0.016071536,0.014130926,-0.017615825,0.015661549,-0.0058013326,0.047667958,0.0074071195,0.018613463,0.01631753,-0.021729372,0.00993538,-0.007065463,0.008582419,-0.020103086,-0.0050189383,0.0046704486,0.021565378,-0.013105955,-0.01536089,0.019679433,0.031186434,-0.008705416,0.005756917,0.012361143,0.022891006,0.022057364,-0.0041852957,-0.0024189302,0.009812383,0.0036488946,-0.0011343006,-0.0022686012,0.011295174,-0.016768515,-0.03266239,0.006327484,0.025829254,0.013652606,0.0011445503,0.012607136,0.038839545,-0.0039837183,-0.012258646,0.02899983,-0.016208198,-0.035914965,0.018982451,-0.02734621,0.0015494137,-0.016303863,0.0009113695,0.027783532,0.016522523,-0.022002699,-0.011507001,-0.032389063,-0.025378268,0.006908301,0.008910409,-0.01525156,-0.007290956,-0.003536148,-0.017205836,-0.0065837265,-0.0065153954,0.0078034415,0.038839545,-0.006344567,-0.0072499574,-0.6192461,-0.0025641343,0.0016032245,-0.016508857,0.018763792,0.001311108,-0.0050086887,0.018135143,-0.013208452,-0.026990887,-0.02067707,0.025009278,0.008664416,-0.004342458,-0.018681794,-0.011165344,0.0036830604,0.0024155136,0.00048259023,0.0047763623,-0.018613463,0.024899948,-0.0037103929,0.004352708,-0.0127233,-0.0067477217,-0.010126708,-0.0009617639,-0.02815252,0.045071367,-0.031842414,-0.010529863,0.003378986,-0.0094775595,0.058382314,0.015101231,-0.033564363,0.023628986,0.008534587,0.032580394,-0.009211067,0.00041404535,0.012258646,0.0070996284,0.009183735,-0.0055314237,-0.019091783,0.011513834,0.016823182,-0.01455458,-0.003187658,-0.0026734646,-0.004239961,0.00782394,-0.006296735,-0.034657665,0.021620043,-0.030120464,-0.025583262,0.008828412,0.015374556,0.023574319,-0.014404251,-0.02254935,-0.027100218,0.02815252,-0.0024582208,-0.0014144592,-0.0014665618,-0.01756116,0.004492787,0.012825796,-0.0105776945,0.0051966,-0.0029279988,0.010953517,0.020075753,0.0051761004,-0.015183228,0.013843934,0.015893875,-0.018763792,-0.0007687278,-0.018121477,-0.012415809,0.00015257111,-0.03381036,-0.022563016,0.034821663,-0.0012111734,0.0060063265,-0.006330901,-0.000787946,0.0047831954,-0.019242112,0.043868735,-0.032088406,0.009593723,0.011110679,-0.0300658,0.013652606,0.00910857,0.010748523,0.026703896,0.0121629825,0.015456554,-0.029491816,0.004834444,0.03296305,-0.018463133,-0.0013555234,-0.0007290102,0.016440526,-0.031979077,-0.017205836,-0.022235025,0.023300994,0.022522017,0.022535684,-0.002622216,0.0015673506,-0.0070107975,0.0042126286,-0.005821832,0.0134407785,0.02533727,-0.0014050637,-0.0132631175,-0.011008183,0.014308587,0.012053652,-0.01525156,0.014841571,-0.012169816,0.017629491,-0.008240762,0.015497552,-0.005148768,0.030776445,-0.018668128,0.029409818,0.015401889,0.010680192,-0.04362274,-0.027728867,-0.023505988,-0.014089927,-0.0027383792,-0.027769865,0.0034900242,-0.0034678166,-0.0009643263,-0.008069933,0.0152105605,0.000032777698,0.0075096167,-0.0020072337,-0.0063343174,-0.027318878,-0.011520667,0.0034866077,-0.010126708,-0.015169562,-0.0024411378,-0.018449467,-0.028261852,0.0101540405,0.0145409135,-0.017397165,-0.01605787,-0.0173835,-0.0047763623,-0.018203475,-0.029683143,0.015688881,0.023820313,-0.022590348,-0.013891766,0.027305212,-0.016522523,-0.015852876,0.01564788,-0.0028528343,-0.008917242,0.011110679,-0.0019115699,0.010987683,0.012108318,-0.024722286,0.027797198,-0.0055109244,0.033154376,-0.014991901,-0.0080152685,-0.009655221,0.022084696,-0.012238147,0.010769023,0.004919858,0.009183735,0.009026573,-0.008186097,0.022330688,-0.012121984,-0.0039017207,-0.0037445587,0.015429221,-0.0017433038,0.024995612,-0.011746161,0.024681287,-0.020663403,-0.0027691284,-0.0071952925,0.0058867466,0.014964568,0.0042126286,0.010304369,-0.014896236,-0.02514594,0.004144297,-0.009286232,-0.010557195,0.0080152685,-0.013365614,0.009887548,0.013235785,0.016522523,-0.012176649,0.00086823537,0.015060232,0.0058491644,0.012060485,-0.00072303123,-0.008315926,-0.022139361,0.03566897,-0.027291546,0.032607727,-0.0019986923,-0.004325375,0.01784815,0.0015562468,-0.028316516,0.020007422,-0.0054938416,0.015128563,0.014007929,-0.0017526994,0.028097855,-0.009033406,0.026184577,-0.009545892,-0.019078117,0.0081997635,0.0049232747,-0.019447105,0.016344862,0.008739581,0.031131769,-0.011957988,-0.0025914668,0.024421629,0.0053161797,0.0017509911,-0.013837101,-0.00042899282,-0.004981356,-0.030229794,-0.019337775,0.018162476,-0.017684156,-0.009880715,-0.012033152,0.011076514,0.0011565083,0.0128941275,-0.015224228,-0.008281761,-0.0049164416,-0.021879701,-0.03490366,0.01928311,0.0025043443,-0.00023958684,-0.023000335,-0.03501299,0.017219502,-0.008281761,0.00854142,0.002688839,0.012190315,0.00031581902,0.001130884,-0.0016373902,0.027318878,0.0073456215,-0.0082612615,-0.0029279988,-0.015005567,-0.021251053,-0.0035942297,-0.009627889,-0.027441874,0.019365108,-0.0042843763,-0.021278385,0.022481019,-0.008794246,-0.0019713598,-0.017875483,-0.012258646,-0.0044483715,-0.0034848994,0.027264213,0.011356672,-0.018244473,-0.010960351,0.030202461,0.011992154,-0.011459169,-0.017315166,-0.01444525,0.02089573,0.024448961,0.06740206,0.000026798705,-0.013700438,0.019365108,0.014021595,-0.039495528,-0.016768515,0.017369833,-0.015661549,-0.018381136,0.013584275,0.017957482,-0.0034592752,0.020923063,0.002622216,-0.008001602,0.005941412,0.014062594,-0.0127028,-0.008520921,-0.00010730159,0.006669141,0.01631753,-0.0089924075,-0.013775602,0.018340137,0.03129576,0.0049881893,-0.03266239,0.012518305,0.025104942,0.03793757,0.006693057,-0.03211574,0.02815252,0.0018278639,0.014431584,0.026061581,0.0011821325,0.006412898,0.030967772,0.015798211,-0.014021595,0.01631753,-0.021210054,0.0074959504,0.013181119,-0.013112788,0.0016553273,0.004895942,0.027838197,-0.015169562,-0.029573813,0.011049181,-0.004735363,-0.010639193,-0.020376412,0.0014076261,-0.010755356,0.01998009,-0.02041741,-0.005432343,-0.018285472,-0.024517292,-0.022781676,-0.032580394,-0.022166694,-0.0043356246,0.014855238,-0.0064026485,0.0088694105,-0.0047421963,0.00039440006,0.0015656423,0.017957482,0.017807152,-0.03200641,0.00936823,0.002297642,0.016454192,-0.030229794,0.020854732,-0.009340897,-0.023218997,0.0086234175,-0.0016553273,-0.0056544202,-0.0030099964,0.004547452,0.0051385183,0.0028460012,0.02716855,0.012395309,0.010236038,-0.0033106545,-0.0015468511,0.014007929,-0.0024804284,-0.019993756,-0.0040793824,-0.04479804,-0.011445503,-0.022617681,0.017465496,-0.0058423313,0.010222372,0.032799054,0.0027212964,-0.017615825,0.0075096167,-0.020226084,0.0008865994,-0.008220263,0.0038504722,0.0019440273,-0.0024787202,0.026936222,0.005774,-0.01213565,0.0053810948,-0.03665294,0.023177998,0.025760923,-0.011343006,0.009573224,-0.010557195,-0.015128563,0.013884933,-0.0066964733,-0.007584781,0.0011197801,-0.0012504639,0.0033277373,-0.02921849,-0.016071536,0.00021716561,0.0071474602,0.004352708,-0.014226589,-0.031596422,-0.021606376,-0.009634722,0.005340096,0.042638768,-0.030311791,-0.02111439,0.0068433858,0.0065905596,0.019447105,-0.0010352201,0.0017168254,-0.04154547,-0.005972161,0.00496769,-0.02976514,-0.019447105,0.023177998,0.0144179175,0.0008814746,0.03643428,0.008438923,-0.0084457565,0.0015733296,0.0015673506,0.025132274,-0.0016664311,-0.008329593,-0.013823435,0.0080767665,-0.0037616414,0.01821714,0.012067318,-0.02390231,-0.021305718,0.0024804284,0.013652606,0.0028169604,-0.017410832,-0.04824194,-0.019583767,-0.026075248,-0.024831617,-0.010427366,-0.027633203,0.0030937023,-0.0010591361,-0.007741943,0.033127043,-0.00060302427,0.016208198,-0.019857094,0.005473342,-0.0071132947,0.011015016,-0.0038231397,-0.017943816,-0.013420279,-0.012764298,0.005015522,0.028617173,0.0067272224,-0.0036693942,0.0075574485,0.00980555,0.009272566,-0.03793757,-0.010823688,0.0033089463,-0.01627653,-0.01862713,0.003230365,-0.0065598106,-0.0196111,0.0031227432,0.0046226163,-0.010167707,0.020116752,-0.005774,-0.010666525,-0.022412686,-0.008596085,0.034630332,0.004752446,0.026498903,0.02159271,-0.0041237976,-0.024913615,-0.07035397,0.02331466,-0.0024291798,0.020608738,0.033045046,-0.019993756,0.008165598,0.034220345,0.014595578,-0.009190568,-0.039878182,0.0050975196,0.012183482,0.0076052803,-0.0012581511,-0.016686518,-0.014759574,0.012477307,-0.022098362,-0.010591361,-0.015962206,-0.0075437822,-0.042884763,0.013891766,-0.0043151253,0.011575333,0.012436308,-0.007905939,0.007940104,0.00021438964,-0.00043454475,0.015060232,-0.006286485,0.023587985,-0.023464989,0.009074405,-0.008842078,0.033755694,0.0042843763,-0.019091783,0.0031893663,0.037746243,-0.021100724,-0.01224498,0.01259347,0.004885692,0.011732494,0.0035873963,-0.007673612,0.006549561,-0.0026478402,-0.0048515266,0.02584292,0.0075642816,0.021879701,0.010823688,0.0077146105,-0.01638586,0.016221866,0.0057705836,-0.0196521,-0.016290197,-0.008746414,-0.026457902,0.0044176225,0.019857094,-0.01627653,-0.0024923864,0.016098868,0.0034319425,-0.014581912,0.025637927,-0.024421629,-0.005046271,-0.029737808,-0.00588333,0.0058559976,-0.014923569,0.01671385,-0.011629998,-0.02760587,0.0048515266,0.017998481,0.014691243,-0.0046636155,0.019078117,0.018394802,-0.0053537623,-0.013775602,0.011349839,-0.028261852,0.00040016553,-0.020923063,0.019337775,0.00067562633,-0.04307609,0.019255778,-0.0076052803,0.019091783,0.0015519761,-0.051658507,-0.019911759,0.0040144674,0.004772946,0.0032371983,-0.021469714,-0.022850007,-0.012367976,-0.006863885,0.022440018,0.025050277,-0.0054870085,0.021688374,0.028480511,0.015442887,0.015743546,-0.0080152685,0.0077214437,-0.010236038,-0.011705162,-0.01642686,-0.008568753,0.0014776657,0.034329675,-0.014868904,-0.008363758,-0.025501264,-0.0061634886,-0.03845689,-0.018722793,-0.026198244,0.019488104,0.017274167,0.0050667706,-0.012497806,0.009682554,-0.00795377,0.017260501,-0.021551711,-0.013119621,0.010406867,-0.01235431,0.010844187,0.033291038,-0.036789604,-0.017834485,0.0130171245,-0.013413446,0.008630251,0.029601146,-0.010092542,-0.019665767,-0.019296777,0.0064914795,-0.012313311,-0.0026000084,0.024817951,-0.03222507,0.000056640292,-0.0070517967,-0.008165598,0.008732748,0.011049181,0.010967184,0.00888991,0.010475198,0.0022463936,-0.0016066411,0.011588999,-0.0105161965,0.021879701,-0.00035938024,-0.019447105,0.037664246,0.011021849,-0.001136863,-0.005148768,0.008862577,-0.016672852,-0.018791124,0.020854732,-0.014226589,0.010974017,-0.0060644085,0.020267082,-0.027482873,-0.012142483,0.0036215622,-0.0014870613,-0.045372024,-0.00021107984,0.014226589,-0.022590348,0.00047533002,-0.01671385,-0.04813261,-0.013645773,-0.006628142,-0.008001602,-0.023642652,-0.0300658,0.02745554,-0.010133541,-0.0069732154,0.00069569866,0.00450987,0.008042601,0.023096,0.2521154,-0.023519654,-0.0032696556,0.0092589,-0.023519654,0.017588492,0.0066486415,-0.00024641998,0.002447971,-0.00046892397,-0.008343259,0.0130786225,-0.006265986,-0.01642686,0.011971654,-0.05789033,-0.0531618,-0.03050312,-0.008384258,-0.032279734,0.013358781,-0.0028938332,0.005312763,-0.025637927,0.030585118,-0.0060644085,0.011520667,-0.012080984,-0.00797427,0.030885775,-0.03651628,-0.0022634764,0.013468111,0.015606883,-0.021196388,-0.003867555,0.008924075,0.0035805632,0.03214307,0.009867049,0.009443394,-0.026594566,0.02372465,0.008186097,0.012982959,-0.0026290491,-0.01350911,-0.023806646,-0.011664163,0.023014002,-0.011425003,-0.01719217,0.022125695,0.03834756,0.008602918,0.009272566,0.015661549,0.012682301,-0.021155389,0.022713345,-0.025501264,0.03676227,-0.005370845,0.0007892272,-0.011315674,0.008022102,0.007236291,-0.023177998,0.028179854,-0.01642686,0.0037753077,-0.0056544202,-0.026881557,-0.012566137,-0.024585623,-0.021989033,0.01917378,0.012497806,0.007468618,0.025815587,-0.014212923,-0.0033584863,0.008343259,0.0033584863,0.00087976624,-0.03405635,0.03083111,0.00041255058,-0.030749112,0.00019741357,-0.009621056,0.0023659733,-0.013761936,0.0017629492,0.0070996284,-0.002154146,0.0013512527,0.010242871,-0.02218036,-0.009224733,-0.018394802,0.052505817,0.023710983,0.027428208,-0.014431584,-0.025159607,0.004690948,0.0019389024,0.012060485,0.017902816,-0.012094651,-0.014281254,0.0026683398,-0.013447612,-0.01902345,-0.0098465495,-0.002285684,-0.006423148,0.014964568,-0.014677577,0.010680192,-0.026731228,-0.024107303,0.0000506613,-0.0018210307,-0.021510713,-0.0138712665,-0.0013546692,0.012074151,-0.039085537,0.049881894,-0.023464989,0.04296676,-0.0058799135,-0.012566137,0.011302007,0.025856586,0.0062523196,0.011281508,0.0031483674,0.009047072,-0.0054596756,0.01098085,-0.029573813,0.015415555,-0.011097013,-0.0048891087,0.008356925,0.014048927,-0.026826892,-0.027359877,0.0010719482,-0.0014511873,-0.017315166,0.019624766,-0.002393306,-0.0142949205,-0.008582419,0.0029792474,-0.0059994934,-0.05395444,-0.012757465,0.01788915,-0.002929707,-0.0023984308,-0.008404758,-0.17536561,0.015060232,0.0045132865,-0.041736796,-0.0028938332,-0.015347224,-0.011643664,-0.01167783,-0.005955078,0.0055655893,0.008186097,-0.022098362,-0.038402226,-0.021688374,-0.0027879195,0.03129576,-0.006211321,0.0039188038,0.017725155,0.01671385,0.017164838,-0.020185083,-0.022959337,0.002941665,0.01363894,-0.0072567905,0.021155389,-0.0052239327,-0.008958241,-0.0013777311,0.012060485,-0.012402142,0.018750126,0.0071747927,0.010803188,0.017684156,0.0066315588,0.017096506,-0.008664416,0.020280749,0.024626622,0.027154883,-0.016481524,0.012026319,-0.005910663,0.023328327,0.00013431383,-0.017137505,0.0012316728,0.013351948,0.0035293149,-0.04293943,0.05411844,0.0076667788,0.0043151253,0.022112029,0.014909903,0.011233675,0.014622911,0.024189303,0.0053332625,-0.02555593,-0.009949046,0.02111439,0.004540619,0.0030988273,-0.01352961,0.009853383,-0.0068433858,0.011705162,-0.0038299728,-0.0023540154,0.017943816,0.003566897,0.03252573,-0.0032525728,-0.025719924,0.01536089,0.011486501,0.0014819364,-0.0054357597,0.026717562,-0.017315166,0.0053810948,-0.01917378,0.017629491,0.04069816,-0.01176666,-0.007687278,-0.014390585,0.026034249,-0.037992235,-0.00025517493,0.004246794,-0.017137505,0.023956975,-0.025282603,0.006501729,-0.00980555,-0.0038778048,-0.0061259065,-0.00578425,0.016891513,-0.014745908,0.0067203892,0.002603425,-0.0041477135,0.0018876538,0.034548335,-0.022508351,-0.0056305043,0.016754849,0.011541167,0.026635565,-0.0006884385,0.015319891,-0.011110679,-0.03717226,0.028945165,0.0026358822,-0.0029484981,-0.022508351,0.00041959726,-0.00762578,-0.002087523,-0.010557195,-0.07286856,-0.03793757,0.004451788,0.0003598073,-0.016003205,-0.003734309,0.009737219,0.0029963301,-0.017588492,-0.000112426445,-0.018135143,-0.013447612,-0.016891513,0.001738179,0.005042854,0.0029382484,-0.0064573134,-0.017807152,-0.011486501,0.036160957,-0.0068536354,-0.028398514,0.010803188,-0.023560653,-0.008999241,0.013420279,-0.0031944911,0.028671838,0.0077077774,0.017902816,0.013837101,0.007885439,0.0002387327,-0.015688881,-0.0058184154,-0.0051692673,-0.043950733,-0.0029638729,0.030913107,-0.02555593,-0.010680192,0.0046943645,0.026635565,-0.016768515,0.010639193,-0.011916989,-0.023082335,0.020226084,-0.010359034,-0.0068160533,-0.011513834,0.008712249,-0.008773747,-0.0091154035,0.040862154,0.02218036,0.017998481,0.02492728,-0.0033994853,-0.0060780747,0.028972497,-0.034357008,-0.023519654,0.013939598,0.032935716,0.017547494,0.007905939,0.0025163023,-0.016303863,-0.0044996203,-0.019816095,0.02372465,-0.014472582,-0.0037445587,-0.012689134,-0.008965075,-0.0013538151,-0.008575586,0.023137,-0.046929978,-0.017725155,-0.006050742,0.010564028,-0.0027964609,0.009040239,0.0074617844,0.0026837143,-0.026990887,-0.0046806983,-0.026006917,-0.021346718,0.031514425,0.011466002,-0.0060780747,0.008138265,0.005124852,-0.01132934,0.006682807,-0.0070244637,-0.004943774,-0.007120128,-0.022207692,-0.07385253,0.020431077,-0.0057056686,0.0072089587,-0.006669141,-0.009744052,0.0056680865,-0.016959844,-0.012518305,0.003206449,0.0017356166,0.005528007,-0.015046566,0.0053435126,-0.022850007,-0.017998481,0.01085102,-0.016850514,0.0022788509,0.024025306,-0.0037001432,0.0145409135,-0.00008060965,-0.0032269484,0.0119784875,0.009928547,-0.018927786,0.031487092,-0.017998481,0.0014657077,0.02170204,-0.04020617,0.013802935,0.01679585,-0.00028250748,-0.0091154035,0.017902816,0.03331837,0.0105776945,0.032826386,-0.013317782,-0.028343849,0.001978193,0.0008391945,-0.009067572,0.008999241,-0.060240928,0.020950396,0.036379617,-0.035477642,0.008766914,0.022645013,-0.022822674,-0.003127868,-0.0137482695,-0.013126454,0.029792473,0.016768515,-0.01939244,0.017137505,0.018982451,-0.016249198,0.015005567,-0.00648123,0.03181508,-0.013338282,-0.000001152758,0.017971149,0.016563522,-0.015538552,-0.0043117087,0.0076394463,0.011240509,0.038839545,-0.001088177,0.0288905,-0.012197148,-0.0017749071,-0.033236373,0.028234519,0.033482365,-0.019624766,0.0037992236,0.017260501,0.017533828,0.03252573,-0.0038197231,0.013891766,-0.014827905,-0.0061259065,0.0064402306,0.011001349,0.0006717827,0.0135022765,0.019091783,0.009778217,-0.028425846,-0.012695967,0.021756705,0.011226842,0.0023898894,0.0068468023,0.0058867466,-0.005514341,-0.022713345,-0.0011334465,-0.051549178,-0.007960604,0.029737808,-0.002791336,-0.008520921,0.0037855573,0.01869546,0.019132782,-0.029355153,0.009375063,0.021879701,-0.009996878,-0.02690889,0.020034755,-0.002116564,0.011206343,0.0357783,-0.0022771426,0.027154883,0.02878117,-0.013796101,-0.030967772,0.017123839,-0.00773511,0.010208705,-0.021524379,-0.027687868,-0.019515436,-0.017916482,0.012197148,-0.0037206425,0.023833979,-0.019679433,0.052232493,0.011172177,-0.019310443,0.0075506154,0.010290703,-0.0099080475,0.007673612,-0.007919605,-0.023820313,0.017943816,0.017260501,-0.023806646,0.006990298,-0.0025128857,-0.021743039,-0.014103593,-0.0016331195,0.0075506154,0.0127711315,-0.0021917284,0.008787413,0.0068297195,0.015306225,0.0011582166,-0.018299138,0.005941412,0.013433945,-0.014035261,-0.013133287,-0.024394296,-0.00782394,0.0022036864,-0.029327821,-0.0064983126,0.0096620545,-0.028125187,-0.0014409376,-0.023642652,0.0024103888,0.015565884,0.020280749,0.012422642,-0.014472582,-0.017096506,0.010229205,-0.00089428667,-0.004950607,-0.00019912186,-0.022166694]
[{role: assistant, content: [{type: text, text: 您好！我是您的回忆助手，很高兴与您一起回顾过去的时光。  
我想请您回忆一下，您有没有参加过一次难忘的聚会或活动？  
那次聚会的氛围让我至今难忘...  
聚会上有没有特别的表演或节目让您印象深刻...  
您是否和某位重要的人在那次活动中重聚...  }, {type: text, text: }, {type: text, text: }, {type: text, text: false}, {type: text, text: 您好！我是您的回忆助手，很高兴与您一起回顾过去的时光。  
我想请您回忆一下，您有没有参加过一次难忘的聚会或活动？  
那次聚会的氛围让我至今难忘...  
聚会上有没有特别的表演或节目让您印象深刻...  
您是否和某位重要的人在那次活动中重聚...  }]}, {role: assistant, content: [{type: text, text: 您好！我是您的回忆助手，很高兴与您一起回顾过去的时光。  
我想请您回忆一下，有没有一张照片让您想起某个特定的场景？  
那是和家人一起度假的时刻...  
那是我和朋友聚会时捕捉到的瞬间...  
那张照片里有我最喜欢的风景...  }, {type: text, text: }, {type: text, text: }, {type: text, text: false}, {type: text, text: 您好！我是您的回忆助手，很高兴与您一起回顾过去的时光。  
我想请您回忆一下，有没有一张照片让您想起某个特定的场景？  
那是和家人一起度假的时刻...  
那是我和朋友聚会时捕捉到的瞬间...  
那张照片里有我最喜欢的风景...  }]}],[-0.023410324,0.005292264,0.016932512,-0.015811877,-0.015060232,0.033892356,0.0009182027,-0.0032850301,-0.028945165,-0.03061245,-0.017315166,0.018709127,-0.012381643,-0.030694447,-0.017096506,-0.001208611,0.029191157,0.017807152,0.021319384,-0.0145409135,0.011069681,0.023055002,-0.002154146,0.015046566,-0.017902816,-0.0054938416,0.019378774,-0.018681794,0.020909397,-0.0013623565,0.023328327,-0.011110679,-0.0069185505,-0.027523872,-0.004885692,-0.028207187,-0.010564028,0.00097201363,0.026088914,0.011787159,0.013707271,0.008746414,0.012415809,0.02438063,-0.015101231,0.0207864,-0.0072021256,-0.04201012,0.02361532,0.016249198,0.020868398,0.038866878,-0.023150666,-0.009429728,-0.0026358822,-0.009518558,0.012347477,0.05728901,-0.0092998985,-0.026307574,-0.0015451428,0.009231566,-0.025678925,0.006429981,0.018545132,0.0024223467,-0.019952757,-0.010338535,0.023123333,0.014609245,-0.003987135,0.019857094,0.005791083,-0.014021595,0.04911658,-0.014978235,0.0136252735,-0.0051351017,0.009996878,0.00073541625,0.0026358822,-0.023082335,0.009511725,0.040124174,-0.00044842454,0.044169392,-0.00042728454,0.026444236,-0.034603,-0.02921849,0.015989538,0.013925931,0.012873628,0.019187447,0.021661041,0.03083111,-0.0014597287,0.031159101,-0.0033704443,-0.010058376,0.009388729,0.005528007,-0.040725492,-0.009211067,-0.019665767,0.0007264478,0.029027162,0.0031193267,0.012258646,0.014868904,-0.033291038,0.05920229,0.0017065757,-0.003758225,-0.062646195,-0.014827905,0.020144084,-0.017957482,-0.015265226,-0.030475788,-0.00472853,0.031159101,0.0038983042,-0.029409818,0.0044244556,0.016071536,0.014130926,-0.017615825,0.015661549,-0.0058013326,0.047667958,0.0074071195,0.018613463,0.01631753,-0.021729372,0.00993538,-0.007065463,0.008582419,-0.020103086,-0.0050189383,0.0046704486,0.021565378,-0.013105955,-0.01536089,0.019679433,0.031186434,-0.008705416,0.005756917,0.012361143,0.022891006,0.022057364,-0.0041852957,-0.0024189302,0.009812383,0.0036488946,-0.0011343006,-0.0022686012,0.011295174,-0.016768515,-0.03266239,0.006327484,0.025829254,0.013652606,0.0011445503,0.012607136,0.038839545,-0.0039837183,-0.012258646,0.02899983,-0.016208198,-0.035914965,0.018982451,-0.02734621,0.0015494137,-0.016303863,0.0009113695,0.027783532,0.016522523,-0.022002699,-0.011507001,-0.032389063,-0.025378268,0.006908301,0.008910409,-0.01525156,-0.007290956,-0.003536148,-0.017205836,-0.0065837265,-0.0065153954,0.0078034415,0.038839545,-0.006344567,-0.0072499574,-0.6192461,-0.0025641343,0.0016032245,-0.016508857,0.018763792,0.001311108,-0.0050086887,0.018135143,-0.013208452,-0.026990887,-0.02067707,0.025009278,0.008664416,-0.004342458,-0.018681794,-0.011165344,0.0036830604,0.0024155136,0.00048259023,0.0047763623,-0.018613463,0.024899948,-0.0037103929,0.004352708,-0.0127233,-0.0067477217,-0.010126708,-0.0009617639,-0.02815252,0.045071367,-0.031842414,-0.010529863,0.003378986,-0.0094775595,0.058382314,0.015101231,-0.033564363,0.023628986,0.008534587,0.032580394,-0.009211067,0.00041404535,0.012258646,0.0070996284,0.009183735,-0.0055314237,-0.019091783,0.011513834,0.016823182,-0.01455458,-0.003187658,-0.0026734646,-0.004239961,0.00782394,-0.006296735,-0.034657665,0.021620043,-0.030120464,-0.025583262,0.008828412,0.015374556,0.023574319,-0.014404251,-0.02254935,-0.027100218,0.02815252,-0.0024582208,-0.0014144592,-0.0014665618,-0.01756116,0.004492787,0.012825796,-0.0105776945,0.0051966,-0.0029279988,0.010953517,0.020075753,0.0051761004,-0.015183228,0.013843934,0.015893875,-0.018763792,-0.0007687278,-0.018121477,-0.012415809,0.00015257111,-0.03381036,-0.022563016,0.034821663,-0.0012111734,0.0060063265,-0.006330901,-0.000787946,0.0047831954,-0.019242112,0.043868735,-0.032088406,0.009593723,0.011110679,-0.0300658,0.013652606,0.00910857,0.010748523,0.026703896,0.0121629825,0.015456554,-0.029491816,0.004834444,0.03296305,-0.018463133,-0.0013555234,-0.0007290102,0.016440526,-0.031979077,-0.017205836,-0.022235025,0.023300994,0.022522017,0.022535684,-0.002622216,0.0015673506,-0.0070107975,0.0042126286,-0.005821832,0.0134407785,0.02533727,-0.0014050637,-0.0132631175,-0.011008183,0.014308587,0.012053652,-0.01525156,0.014841571,-0.012169816,0.017629491,-0.008240762,0.015497552,-0.005148768,0.030776445,-0.018668128,0.029409818,0.015401889,0.010680192,-0.04362274,-0.027728867,-0.023505988,-0.014089927,-0.0027383792,-0.027769865,0.0034900242,-0.0034678166,-0.0009643263,-0.008069933,0.0152105605,0.000032777698,0.0075096167,-0.0020072337,-0.0063343174,-0.027318878,-0.011520667,0.0034866077,-0.010126708,-0.015169562,-0.0024411378,-0.018449467,-0.028261852,0.0101540405,0.0145409135,-0.017397165,-0.01605787,-0.0173835,-0.0047763623,-0.018203475,-0.029683143,0.015688881,0.023820313,-0.022590348,-0.013891766,0.027305212,-0.016522523,-0.015852876,0.01564788,-0.0028528343,-0.008917242,0.011110679,-0.0019115699,0.010987683,0.012108318,-0.024722286,0.027797198,-0.0055109244,0.033154376,-0.014991901,-0.0080152685,-0.009655221,0.022084696,-0.012238147,0.010769023,0.004919858,0.009183735,0.009026573,-0.008186097,0.022330688,-0.012121984,-0.0039017207,-0.0037445587,0.015429221,-0.0017433038,0.024995612,-0.011746161,0.024681287,-0.020663403,-0.0027691284,-0.0071952925,0.0058867466,0.014964568,0.0042126286,0.010304369,-0.014896236,-0.02514594,0.004144297,-0.009286232,-0.010557195,0.0080152685,-0.013365614,0.009887548,0.013235785,0.016522523,-0.012176649,0.00086823537,0.015060232,0.0058491644,0.012060485,-0.00072303123,-0.008315926,-0.022139361,0.03566897,-0.027291546,0.032607727,-0.0019986923,-0.004325375,0.01784815,0.0015562468,-0.028316516,0.020007422,-0.0054938416,0.015128563,0.014007929,-0.0017526994,0.028097855,-0.009033406,0.026184577,-0.009545892,-0.019078117,0.0081997635,0.0049232747,-0.019447105,0.016344862,0.008739581,0.031131769,-0.011957988,-0.0025914668,0.024421629,0.0053161797,0.0017509911,-0.013837101,-0.00042899282,-0.004981356,-0.030229794,-0.019337775,0.018162476,-0.017684156,-0.009880715,-0.012033152,0.011076514,0.0011565083,0.0128941275,-0.015224228,-0.008281761,-0.0049164416,-0.021879701,-0.03490366,0.01928311,0.0025043443,-0.00023958684,-0.023000335,-0.03501299,0.017219502,-0.008281761,0.00854142,0.002688839,0.012190315,0.00031581902,0.001130884,-0.0016373902,0.027318878,0.0073456215,-0.0082612615,-0.0029279988,-0.015005567,-0.021251053,-0.0035942297,-0.009627889,-0.027441874,0.019365108,-0.0042843763,-0.021278385,0.022481019,-0.008794246,-0.0019713598,-0.017875483,-0.012258646,-0.0044483715,-0.0034848994,0.027264213,0.011356672,-0.018244473,-0.010960351,0.030202461,0.011992154,-0.011459169,-0.017315166,-0.01444525,0.02089573,0.024448961,0.06740206,0.000026798705,-0.013700438,0.019365108,0.014021595,-0.039495528,-0.016768515,0.017369833,-0.015661549,-0.018381136,0.013584275,0.017957482,-0.0034592752,0.020923063,0.002622216,-0.008001602,0.005941412,0.014062594,-0.0127028,-0.008520921,-0.00010730159,0.006669141,0.01631753,-0.0089924075,-0.013775602,0.018340137,0.03129576,0.0049881893,-0.03266239,0.012518305,0.025104942,0.03793757,0.006693057,-0.03211574,0.02815252,0.0018278639,0.014431584,0.026061581,0.0011821325,0.006412898,0.030967772,0.015798211,-0.014021595,0.01631753,-0.021210054,0.0074959504,0.013181119,-0.013112788,0.0016553273,0.004895942,0.027838197,-0.015169562,-0.029573813,0.011049181,-0.004735363,-0.010639193,-0.020376412,0.0014076261,-0.010755356,0.01998009,-0.02041741,-0.005432343,-0.018285472,-0.024517292,-0.022781676,-0.032580394,-0.022166694,-0.0043356246,0.014855238,-0.0064026485,0.0088694105,-0.0047421963,0.00039440006,0.0015656423,0.017957482,0.017807152,-0.03200641,0.00936823,0.002297642,0.016454192,-0.030229794,0.020854732,-0.009340897,-0.023218997,0.0086234175,-0.0016553273,-0.0056544202,-0.0030099964,0.004547452,0.0051385183,0.0028460012,0.02716855,0.012395309,0.010236038,-0.0033106545,-0.0015468511,0.014007929,-0.0024804284,-0.019993756,-0.0040793824,-0.04479804,-0.011445503,-0.022617681,0.017465496,-0.0058423313,0.010222372,0.032799054,0.0027212964,-0.017615825,0.0075096167,-0.020226084,0.0008865994,-0.008220263,0.0038504722,0.0019440273,-0.0024787202,0.026936222,0.005774,-0.01213565,0.0053810948,-0.03665294,0.023177998,0.025760923,-0.011343006,0.009573224,-0.010557195,-0.015128563,0.013884933,-0.0066964733,-0.007584781,0.0011197801,-0.0012504639,0.0033277373,-0.02921849,-0.016071536,0.00021716561,0.0071474602,0.004352708,-0.014226589,-0.031596422,-0.021606376,-0.009634722,0.005340096,0.042638768,-0.030311791,-0.02111439,0.0068433858,0.0065905596,0.019447105,-0.0010352201,0.0017168254,-0.04154547,-0.005972161,0.00496769,-0.02976514,-0.019447105,0.023177998,0.0144179175,0.0008814746,0.03643428,0.008438923,-0.0084457565,0.0015733296,0.0015673506,0.025132274,-0.0016664311,-0.008329593,-0.013823435,0.0080767665,-0.0037616414,0.01821714,0.012067318,-0.02390231,-0.021305718,0.0024804284,0.013652606,0.0028169604,-0.017410832,-0.04824194,-0.019583767,-0.026075248,-0.024831617,-0.010427366,-0.027633203,0.0030937023,-0.0010591361,-0.007741943,0.033127043,-0.00060302427,0.016208198,-0.019857094,0.005473342,-0.0071132947,0.011015016,-0.0038231397,-0.017943816,-0.013420279,-0.012764298,0.005015522,0.028617173,0.0067272224,-0.0036693942,0.0075574485,0.00980555,0.009272566,-0.03793757,-0.010823688,0.0033089463,-0.01627653,-0.01862713,0.003230365,-0.0065598106,-0.0196111,0.0031227432,0.0046226163,-0.010167707,0.020116752,-0.005774,-0.010666525,-0.022412686,-0.008596085,0.034630332,0.004752446,0.026498903,0.02159271,-0.0041237976,-0.024913615,-0.07035397,0.02331466,-0.0024291798,0.020608738,0.033045046,-0.019993756,0.008165598,0.034220345,0.014595578,-0.009190568,-0.039878182,0.0050975196,0.012183482,0.0076052803,-0.0012581511,-0.016686518,-0.014759574,0.012477307,-0.022098362,-0.010591361,-0.015962206,-0.0075437822,-0.042884763,0.013891766,-0.0043151253,0.011575333,0.012436308,-0.007905939,0.007940104,0.00021438964,-0.00043454475,0.015060232,-0.006286485,0.023587985,-0.023464989,0.009074405,-0.008842078,0.033755694,0.0042843763,-0.019091783,0.0031893663,0.037746243,-0.021100724,-0.01224498,0.01259347,0.004885692,0.011732494,0.0035873963,-0.007673612,0.006549561,-0.0026478402,-0.0048515266,0.02584292,0.0075642816,0.021879701,0.010823688,0.0077146105,-0.01638586,0.016221866,0.0057705836,-0.0196521,-0.016290197,-0.008746414,-0.026457902,0.0044176225,0.019857094,-0.01627653,-0.0024923864,0.016098868,0.0034319425,-0.014581912,0.025637927,-0.024421629,-0.005046271,-0.029737808,-0.00588333,0.0058559976,-0.014923569,0.01671385,-0.011629998,-0.02760587,0.0048515266,0.017998481,0.014691243,-0.0046636155,0.019078117,0.018394802,-0.0053537623,-0.013775602,0.011349839,-0.028261852,0.00040016553,-0.020923063,0.019337775,0.00067562633,-0.04307609,0.019255778,-0.0076052803,0.019091783,0.0015519761,-0.051658507,-0.019911759,0.0040144674,0.004772946,0.0032371983,-0.021469714,-0.022850007,-0.012367976,-0.006863885,0.022440018,0.025050277,-0.0054870085,0.021688374,0.028480511,0.015442887,0.015743546,-0.0080152685,0.0077214437,-0.010236038,-0.011705162,-0.01642686,-0.008568753,0.0014776657,0.034329675,-0.014868904,-0.008363758,-0.025501264,-0.0061634886,-0.03845689,-0.018722793,-0.026198244,0.019488104,0.017274167,0.0050667706,-0.012497806,0.009682554,-0.00795377,0.017260501,-0.021551711,-0.013119621,0.010406867,-0.01235431,0.010844187,0.033291038,-0.036789604,-0.017834485,0.0130171245,-0.013413446,0.008630251,0.029601146,-0.010092542,-0.019665767,-0.019296777,0.0064914795,-0.012313311,-0.0026000084,0.024817951,-0.03222507,0.000056640292,-0.0070517967,-0.008165598,0.008732748,0.011049181,0.010967184,0.00888991,0.010475198,0.0022463936,-0.0016066411,0.011588999,-0.0105161965,0.021879701,-0.00035938024,-0.019447105,0.037664246,0.011021849,-0.001136863,-0.005148768,0.008862577,-0.016672852,-0.018791124,0.020854732,-0.014226589,0.010974017,-0.0060644085,0.020267082,-0.027482873,-0.012142483,0.0036215622,-0.0014870613,-0.045372024,-0.00021107984,0.014226589,-0.022590348,0.00047533002,-0.01671385,-0.04813261,-0.013645773,-0.006628142,-0.008001602,-0.023642652,-0.0300658,0.02745554,-0.010133541,-0.0069732154,0.00069569866,0.00450987,0.008042601,0.023096,0.2521154,-0.023519654,-0.0032696556,0.0092589,-0.023519654,0.017588492,0.0066486415,-0.00024641998,0.002447971,-0.00046892397,-0.008343259,0.0130786225,-0.006265986,-0.01642686,0.011971654,-0.05789033,-0.0531618,-0.03050312,-0.008384258,-0.032279734,0.013358781,-0.0028938332,0.005312763,-0.025637927,0.030585118,-0.0060644085,0.011520667,-0.012080984,-0.00797427,0.030885775,-0.03651628,-0.0022634764,0.013468111,0.015606883,-0.021196388,-0.003867555,0.008924075,0.0035805632,0.03214307,0.009867049,0.009443394,-0.026594566,0.02372465,0.008186097,0.012982959,-0.0026290491,-0.01350911,-0.023806646,-0.011664163,0.023014002,-0.011425003,-0.01719217,0.022125695,0.03834756,0.008602918,0.009272566,0.015661549,0.012682301,-0.021155389,0.022713345,-0.025501264,0.03676227,-0.005370845,0.0007892272,-0.011315674,0.008022102,0.007236291,-0.023177998,0.028179854,-0.01642686,0.0037753077,-0.0056544202,-0.026881557,-0.012566137,-0.024585623,-0.021989033,0.01917378,0.012497806,0.007468618,0.025815587,-0.014212923,-0.0033584863,0.008343259,0.0033584863,0.00087976624,-0.03405635,0.03083111,0.00041255058,-0.030749112,0.00019741357,-0.009621056,0.0023659733,-0.013761936,0.0017629492,0.0070996284,-0.002154146,0.0013512527,0.010242871,-0.02218036,-0.009224733,-0.018394802,0.052505817,0.023710983,0.027428208,-0.014431584,-0.025159607,0.004690948,0.0019389024,0.012060485,0.017902816,-0.012094651,-0.014281254,0.0026683398,-0.013447612,-0.01902345,-0.0098465495,-0.002285684,-0.006423148,0.014964568,-0.014677577,0.010680192,-0.026731228,-0.024107303,0.0000506613,-0.0018210307,-0.021510713,-0.0138712665,-0.0013546692,0.012074151,-0.039085537,0.049881894,-0.023464989,0.04296676,-0.0058799135,-0.012566137,0.011302007,0.025856586,0.0062523196,0.011281508,0.0031483674,0.009047072,-0.0054596756,0.01098085,-0.029573813,0.015415555,-0.011097013,-0.0048891087,0.008356925,0.014048927,-0.026826892,-0.027359877,0.0010719482,-0.0014511873,-0.017315166,0.019624766,-0.002393306,-0.0142949205,-0.008582419,0.0029792474,-0.0059994934,-0.05395444,-0.012757465,0.01788915,-0.002929707,-0.0023984308,-0.008404758,-0.17536561,0.015060232,0.0045132865,-0.041736796,-0.0028938332,-0.015347224,-0.011643664,-0.01167783,-0.005955078,0.0055655893,0.008186097,-0.022098362,-0.038402226,-0.021688374,-0.0027879195,0.03129576,-0.006211321,0.0039188038,0.017725155,0.01671385,0.017164838,-0.020185083,-0.022959337,0.002941665,0.01363894,-0.0072567905,0.021155389,-0.0052239327,-0.008958241,-0.0013777311,0.012060485,-0.012402142,0.018750126,0.0071747927,0.010803188,0.017684156,0.0066315588,0.017096506,-0.008664416,0.020280749,0.024626622,0.027154883,-0.016481524,0.012026319,-0.005910663,0.023328327,0.00013431383,-0.017137505,0.0012316728,0.013351948,0.0035293149,-0.04293943,0.05411844,0.0076667788,0.0043151253,0.022112029,0.014909903,0.011233675,0.014622911,0.024189303,0.0053332625,-0.02555593,-0.009949046,0.02111439,0.004540619,0.0030988273,-0.01352961,0.009853383,-0.0068433858,0.011705162,-0.0038299728,-0.0023540154,0.017943816,0.003566897,0.03252573,-0.0032525728,-0.025719924,0.01536089,0.011486501,0.0014819364,-0.0054357597,0.026717562,-0.017315166,0.0053810948,-0.01917378,0.017629491,0.04069816,-0.01176666,-0.007687278,-0.014390585,0.026034249,-0.037992235,-0.00025517493,0.004246794,-0.017137505,0.023956975,-0.025282603,0.006501729,-0.00980555,-0.0038778048,-0.0061259065,-0.00578425,0.016891513,-0.014745908,0.0067203892,0.002603425,-0.0041477135,0.0018876538,0.034548335,-0.022508351,-0.0056305043,0.016754849,0.011541167,0.026635565,-0.0006884385,0.015319891,-0.011110679,-0.03717226,0.028945165,0.0026358822,-0.0029484981,-0.022508351,0.00041959726,-0.00762578,-0.002087523,-0.010557195,-0.07286856,-0.03793757,0.004451788,0.0003598073,-0.016003205,-0.003734309,0.009737219,0.0029963301,-0.017588492,-0.000112426445,-0.018135143,-0.013447612,-0.016891513,0.001738179,0.005042854,0.0029382484,-0.0064573134,-0.017807152,-0.011486501,0.036160957,-0.0068536354,-0.028398514,0.010803188,-0.023560653,-0.008999241,0.013420279,-0.0031944911,0.028671838,0.0077077774,0.017902816,0.013837101,0.007885439,0.0002387327,-0.015688881,-0.0058184154,-0.0051692673,-0.043950733,-0.0029638729,0.030913107,-0.02555593,-0.010680192,0.0046943645,0.026635565,-0.016768515,0.010639193,-0.011916989,-0.023082335,0.020226084,-0.010359034,-0.0068160533,-0.011513834,0.008712249,-0.008773747,-0.0091154035,0.040862154,0.02218036,0.017998481,0.02492728,-0.0033994853,-0.0060780747,0.028972497,-0.034357008,-0.023519654,0.013939598,0.032935716,0.017547494,0.007905939,0.0025163023,-0.016303863,-0.0044996203,-0.019816095,0.02372465,-0.014472582,-0.0037445587,-0.012689134,-0.008965075,-0.0013538151,-0.008575586,0.023137,-0.046929978,-0.017725155,-0.006050742,0.010564028,-0.0027964609,0.009040239,0.0074617844,0.0026837143,-0.026990887,-0.0046806983,-0.026006917,-0.021346718,0.031514425,0.011466002,-0.0060780747,0.008138265,0.005124852,-0.01132934,0.006682807,-0.0070244637,-0.004943774,-0.007120128,-0.022207692,-0.07385253,0.020431077,-0.0057056686,0.0072089587,-0.006669141,-0.009744052,0.0056680865,-0.016959844,-0.012518305,0.003206449,0.0017356166,0.005528007,-0.015046566,0.0053435126,-0.022850007,-0.017998481,0.01085102,-0.016850514,0.0022788509,0.024025306,-0.0037001432,0.0145409135,-0.00008060965,-0.0032269484,0.0119784875,0.009928547,-0.018927786,0.031487092,-0.017998481,0.0014657077,0.02170204,-0.04020617,0.013802935,0.01679585,-0.00028250748,-0.0091154035,0.017902816,0.03331837,0.0105776945,0.032826386,-0.013317782,-0.028343849,0.001978193,0.0008391945,-0.009067572,0.008999241,-0.060240928,0.020950396,0.036379617,-0.035477642,0.008766914,0.022645013,-0.022822674,-0.003127868,-0.0137482695,-0.013126454,0.029792473,0.016768515,-0.01939244,0.017137505,0.018982451,-0.016249198,0.015005567,-0.00648123,0.03181508,-0.013338282,-0.000001152758,0.017971149,0.016563522,-0.015538552,-0.0043117087,0.0076394463,0.011240509,0.038839545,-0.001088177,0.0288905,-0.012197148,-0.0017749071,-0.033236373,0.028234519,0.033482365,-0.019624766,0.0037992236,0.017260501,0.017533828,0.03252573,-0.0038197231,0.013891766,-0.014827905,-0.0061259065,0.0064402306,0.011001349,0.0006717827,0.0135022765,0.019091783,0.009778217,-0.028425846,-0.012695967,0.021756705,0.011226842,0.0023898894,0.0068468023,0.0058867466,-0.005514341,-0.022713345,-0.0011334465,-0.051549178,-0.007960604,0.029737808,-0.002791336,-0.008520921,0.0037855573,0.01869546,0.019132782,-0.029355153,0.009375063,0.021879701,-0.009996878,-0.02690889,0.020034755,-0.002116564,0.011206343,0.0357783,-0.0022771426,0.027154883,0.02878117,-0.013796101,-0.030967772,0.017123839,-0.00773511,0.010208705,-0.021524379,-0.027687868,-0.019515436,-0.017916482,0.012197148,-0.0037206425,0.023833979,-0.019679433,0.052232493,0.011172177,-0.019310443,0.0075506154,0.010290703,-0.0099080475,0.007673612,-0.007919605,-0.023820313,0.017943816,0.017260501,-0.023806646,0.006990298,-0.0025128857,-0.021743039,-0.014103593,-0.0016331195,0.0075506154,0.0127711315,-0.0021917284,0.008787413,0.0068297195,0.015306225,0.0011582166,-0.018299138,0.005941412,0.013433945,-0.014035261,-0.013133287,-0.024394296,-0.00782394,0.0022036864,-0.029327821,-0.0064983126,0.0096620545,-0.028125187,-0.0014409376,-0.023642652,0.0024103888,0.015565884,0.020280749,0.012422642,-0.014472582,-0.017096506,0.010229205,-0.00089428667,-0.004950607,-0.00019912186,-0.022166694]
[{role: assistant, content: [{type: text, text: 您好！我是您的回忆助手，很高兴与您一起回顾过去的时光。  
我想请您回忆一下，您有没有参加过一次难忘的聚会或活动？  
那次聚会的氛围让我至今难忘...  
聚会上有没有特别的表演或节目让您印象深刻...  
您是否和某位重要的人在那次活动中重聚...  }, {type: text, text: }, {type: text, text: }, {type: text, text: false}, {type: text, text: 您好！我是您的回忆助手，很高兴与您一起回顾过去的时光。  
我想请您回忆一下，您有没有参加过一次难忘的聚会或活动？  
那次聚会的氛围让我至今难忘...  
聚会上有没有特别的表演或节目让您印象深刻...  
您是否和某位重要的人在那次活动中重聚...  }]}, {role: assistant, content: [{type: text, text: 您好！我是您的回忆助手，很高兴与您一起回顾过去的时光。  
我想请您回忆一下，有没有一张照片让您想起某个特定的场景？  
那是和家人一起度假的时刻...  
那是我和朋友聚会时捕捉到的瞬间...  
那张照片里有我最喜欢的风景...  }, {type: text, text: }, {type: text, text: }, {type: text, text: false}, {type: text, text: 您好！我是您的回忆助手，很高兴与您一起回顾过去的时光。  
我想请您回忆一下，有没有一张照片让您想起某个特定的场景？  
那是和家人一起度假的时刻...  
那是我和朋友聚会时捕捉到的瞬间...  
那张照片里有我最喜欢的风景...  }]}],[-0.023368297,0.005298864,0.016849773,-0.015852178,-0.015032238,0.033918194,0.0009275574,-0.0032438887,-0.02894389,-0.030583771,-0.01732807,0.018708304,-0.012442593,-0.03074776,-0.01708209,-0.0012504089,0.029162543,0.017779037,0.021359444,-0.014526608,0.011055528,0.02304032,-0.0021660088,0.015032238,-0.01792936,-0.0054936,0.019336924,-0.018680973,0.020922143,-0.0014135429,0.023354633,-0.0111238565,-0.006942161,-0.02752266,-0.0048957267,-0.028260607,-0.010563564,0.00095488876,0.026060434,0.011800307,0.013727167,0.008732364,0.01240843,0.02440689,-0.015100567,0.02079915,-0.0072086416,-0.042008273,0.02364161,0.01626215,0.020853814,0.038810506,-0.02310865,-0.00942248,-0.00265114,-0.0095454715,0.012381098,0.057286493,-0.009347319,-0.026306417,-0.0015228682,0.009244827,-0.02569146,0.0064296983,0.018571647,0.002420532,-0.019965546,-0.010317582,0.023094984,0.014581271,-0.0039937925,0.019815223,0.00580791,-0.013986815,0.049141753,-0.015018572,0.0136178415,-0.0051382924,0.009989605,0.0007434979,0.0026203925,-0.023094984,0.009483975,0.040067747,-0.00044456136,0.044112787,-0.00041082423,0.026429407,-0.034546815,-0.029217204,0.015961504,0.013918486,0.012838898,0.01915927,0.021673754,0.030802423,-0.0014485611,0.031212393,-0.0033344238,-0.010037435,0.00937465,0.005544846,-0.04077836,-0.009224328,-0.019678567,0.00072001,0.029025886,0.0030406117,0.01231277,0.014895582,-0.033289574,0.059199687,0.001726145,-0.0037443938,-0.06264344,-0.014881915,0.020129533,-0.01792936,-0.015264555,-0.030474447,-0.004735155,0.03115773,0.003908382,-0.029435856,0.00443451,0.01609816,0.014130304,-0.017628716,0.01568819,-0.0058113267,0.047693193,0.0074136266,0.01865364,0.016344143,-0.02168742,0.009941775,-0.007058319,0.008568375,-0.020102203,-0.005011885,0.004677076,0.02159176,-0.013125877,-0.01537388,0.019705897,0.03118506,-0.008643537,0.0057293326,0.012381098,0.022862667,0.022056393,-0.0041885283,-0.0024102828,0.009825617,0.0036521505,-0.0011641444,-0.0022838754,0.011308343,-0.01682244,-0.032660954,0.0063203727,0.02588278,0.013658838,0.0011316884,0.012640745,0.03883784,-0.003990376,-0.012258107,0.028998554,-0.016207486,-0.035968047,0.018981617,-0.027317677,0.0015664275,-0.01628948,0.0009369526,0.02780964,0.016549127,-0.021960733,-0.011513328,-0.03238764,-0.025404483,0.006870416,0.0088826865,-0.015237223,-0.0072906357,-0.0035462417,-0.01717775,-0.006617601,-0.006532191,0.007768934,0.038865168,-0.006327206,-0.007263304,-0.6192189,-0.0025537722,0.001611695,-0.01650813,0.018803963,0.0012914059,-0.004974304,0.018161677,-0.0132078715,-0.02696237,-0.020621497,0.025021844,0.008657203,-0.0043491,-0.018680973,-0.011199017,0.0036726492,0.0024239484,0.00045566473,0.0047283224,-0.018639976,0.024898853,-0.0037068133,0.004376431,-0.012729572,-0.0067269267,-0.01011943,-0.0009634298,-0.028151283,0.04506938,-0.03181368,-0.010522567,0.003336132,-0.00947031,0.058325086,0.015073235,-0.033562887,0.023627946,0.008534212,0.032551628,-0.00923116,0.00039972088,0.012258107,0.007099316,0.009183331,-0.005568761,-0.019104607,0.01152016,0.016836107,-0.014512943,-0.0032011834,-0.002657973,-0.0042261085,0.007809931,-0.00636137,-0.034710806,0.02161909,-0.03011914,-0.0256368,0.008848522,0.015387545,0.023600614,-0.014403617,-0.022548357,-0.02711269,0.028205944,-0.0024546962,-0.0013896279,-0.0015314092,-0.01754672,0.004472091,0.012838898,-0.0106113935,0.0051861224,-0.002903955,0.010953035,0.02007487,0.0051417085,-0.01518256,0.013843325,0.015893176,-0.0187493,-0.00075673655,-0.01812068,-0.0123606,0.00011445,-0.03378154,-0.022562023,0.03482013,-0.0012273481,0.006012895,-0.006330622,-0.00081011804,0.0047624866,-0.019282263,0.043894134,-0.032086994,0.009606967,0.011089692,-0.030064477,0.013652005,0.009149167,0.010809545,0.02677105,0.012148782,0.015442208,-0.029463187,0.004841064,0.033043593,-0.018448656,-0.0013306948,-0.00071915594,0.016439803,-0.031977672,-0.01720508,-0.022247713,0.023313634,0.022493694,0.02250736,-0.002634058,0.0015929048,-0.0070104892,0.0042090267,-0.0058010775,0.013481185,0.025336154,-0.0014255003,-0.013283032,-0.011055528,0.01426696,0.012005292,-0.015237223,0.014813587,-0.012162447,0.017669713,-0.008247232,0.015496871,-0.005158791,0.030829754,-0.01865364,0.02935386,0.015401212,0.010672889,-0.04362082,-0.02771398,-0.02351862,-0.014116638,-0.0027416754,-0.02771398,0.0034625395,-0.0034676641,-0.0009779496,-0.008110575,0.015223557,0.000053648437,0.007475122,-0.0020105618,-0.0063340385,-0.027331343,-0.0115269935,0.0034967037,-0.010139928,-0.015168895,-0.0024512797,-0.018448656,-0.02828794,0.010126262,0.01455394,-0.017369067,-0.016084494,-0.017341737,-0.004776152,-0.018230006,-0.02970917,0.015674524,0.02383293,-0.022548357,-0.013884322,0.02730401,-0.016521797,-0.015893176,0.015606197,-0.00286125,-0.00891685,0.011103358,-0.0019097775,0.011021364,0.012066787,-0.024734864,0.027754977,-0.0054765176,0.03315292,-0.015018572,-0.008014916,-0.009647964,0.02209739,-0.012203445,0.010775382,0.0049435566,0.009121835,0.009067173,-0.008185737,0.022343373,-0.012087286,-0.0039220476,-0.0037512267,0.015387545,-0.0016919809,0.024994513,-0.01171148,0.024666537,-0.020717157,-0.0027843805,-0.00718131,0.0059104026,0.014977575,0.0041885283,0.010303916,-0.014881915,-0.0251585,0.004123616,-0.009285823,-0.010590895,0.008035415,-0.013385525,0.009907612,0.013194205,0.016494464,-0.012223943,0.00087204063,0.01505957,0.005838658,0.01207362,-0.0007187289,-0.0083223935,-0.022138387,0.0356674,-0.02730401,0.03257896,-0.0019934797,-0.0043491,0.017820034,0.0015433667,-0.02831527,0.020020207,-0.005473101,0.015114232,0.013979982,-0.0017560387,0.028151283,-0.009067173,0.026128763,-0.009552304,-0.01906361,0.008233567,0.0049367235,-0.019405253,0.01641247,0.008732364,0.0311304,-0.011957462,-0.0025964775,0.02440689,0.005298864,0.0017346861,-0.013829659,-0.00041360006,-0.0049674716,-0.030201133,-0.01941892,0.01812068,-0.01764238,-0.009893945,-0.0120394565,0.011103358,0.0011761019,0.012873062,-0.015209892,-0.008301895,-0.0049333074,-0.021865074,-0.034902126,0.019268597,0.002511067,-0.00024363329,-0.02301299,-0.035066113,0.017259743,-0.008247232,0.00850688,0.0027126358,0.012223943,0.00030320708,0.0011402294,-0.0015903425,0.027317677,0.0073452983,-0.008247232,-0.0029176208,-0.015018572,-0.02125012,-0.0035530746,-0.009579635,-0.027468,0.019405253,-0.0043286015,-0.02127745,0.022493694,-0.008807525,-0.00201227,-0.01790203,-0.012271773,-0.004448176,-0.0034932871,0.02730401,0.011328842,-0.018189007,-0.01093937,0.030228464,0.011971128,-0.011431334,-0.017287074,-0.0144309485,0.02089481,0.024502547,0.06734443,0.000031334956,-0.013699835,0.019364256,0.014034644,-0.039493788,-0.016713116,0.017355403,-0.015647193,-0.018312,0.013611008,0.017943026,-0.003483038,0.020922143,0.0026186842,-0.007994418,0.005927485,0.014061975,-0.012709074,-0.008472716,-0.00015790256,0.0067166775,0.016357807,-0.008998845,-0.013788662,0.01833933,0.031239724,0.004974304,-0.032660954,0.012504089,0.025103837,0.0379359,0.0067166775,-0.032114327,0.028178614,0.001815826,0.014471945,0.026060434,0.0011812265,0.006412616,0.03093908,0.01581118,-0.0140209785,0.016303146,-0.02125012,0.007509286,0.013173707,-0.01308488,0.0016817317,0.00494014,0.027864303,-0.015155229,-0.02954518,0.0110691935,-0.004752237,-0.010672889,-0.020375516,0.0014032936,-0.01074805,0.01995188,-0.02038918,-0.0054013566,-0.018298334,-0.024516214,-0.022808004,-0.03257896,-0.022179384,-0.0043491,0.014827253,-0.006347704,0.008855355,-0.0047044074,0.00040740782,0.0015655734,0.017943026,0.01780637,-0.032005,0.00937465,0.002265085,0.016453467,-0.030228464,0.020812817,-0.0093404865,-0.023272637,0.008582042,-0.0016766071,-0.005702001,-0.0030081559,0.0045506684,0.0051246267,0.0028732074,0.02718102,0.012381098,0.010262919,-0.00333784,-0.0015553242,0.013966315,-0.0024427387,-0.01997921,-0.0040792027,-0.044741407,-0.011424501,-0.02257569,0.01749206,-0.0058762385,0.010228755,0.032797612,0.0026972617,-0.017601384,0.0075366176,-0.020211527,0.00087631115,-0.008254065,0.0038639684,0.0019576075,-0.0024512797,0.02689404,0.005756664,-0.012135115,0.0053945235,-0.03667866,0.023176977,0.025773456,-0.011363005,0.009579635,-0.010570397,-0.0151415635,0.013891155,-0.0067064282,-0.0075502833,0.0011180227,-0.0012546794,0.00331905,-0.029217204,-0.016084494,0.00019665755,0.0071403133,0.0043149358,-0.014184967,-0.031595033,-0.02159176,-0.009559137,0.0053671924,0.042691555,-0.030310458,-0.021072464,0.006877249,0.0066381,0.019459916,-0.0010565271,0.0017269992,-0.04154364,-0.006009479,0.004974304,-0.02976383,-0.019432584,0.023176977,0.014417283,0.0008891227,0.03643268,0.008479549,-0.0084248865,0.0016014458,0.0015664275,0.025144834,-0.0017082089,-0.00833606,-0.013822827,0.008062746,-0.0038127222,0.018230006,0.012094119,-0.02392859,-0.021332113,0.0024786112,0.013665671,0.0028219612,-0.01742373,-0.04823982,-0.01963757,-0.0260741,-0.024830524,-0.010426907,-0.027672984,0.0030679433,-0.0010830044,-0.007775767,0.03315292,-0.0005705418,0.016139157,-0.019869886,0.005497016,-0.007106149,0.011000865,-0.0038161387,-0.017970357,-0.013433355,-0.012804734,0.005028967,0.02869791,0.0067200935,-0.003679482,0.0075366176,0.00973679,0.0092379935,-0.037908573,-0.01079588,0.0033088005,-0.016275814,-0.018639976,0.0032455968,-0.0065697716,-0.01963757,0.0031208976,0.00466341,-0.010180925,0.020115867,-0.005756664,-0.01060456,-0.022398034,-0.008643537,0.03465614,0.0047454042,0.026470404,0.021550763,-0.0041406984,-0.024912518,-0.07035088,0.023286304,-0.0024085746,0.020635163,0.03301626,-0.020006543,0.008124242,0.03421884,0.014567605,-0.009210662,-0.039876428,0.0051075444,0.012176113,0.00763911,-0.0012418679,-0.016740447,-0.0147862565,0.012442593,-0.02209739,-0.010522567,-0.01597517,-0.007557116,-0.042910207,0.013891155,-0.0042978534,0.0115816565,0.012449427,-0.007871427,0.007926089,0.00018192425,-0.00046335167,0.015032238,-0.0062862085,0.023573283,-0.023477623,0.00910817,-0.008841689,0.033754207,0.004260273,-0.019090943,0.0032148492,0.037717253,-0.021127127,-0.012203445,0.012592915,0.00485473,0.011745645,0.0036248192,-0.0077074384,0.006566355,-0.002640891,-0.0048786444,0.025841784,0.0075502833,0.02181041,0.01084371,0.0077142715,-0.01641247,0.01619382,0.0057669133,-0.0196649,-0.01628948,-0.008718698,-0.026511401,0.0044276775,0.01985622,-0.01626215,-0.0024751946,0.01609816,0.0033907946,-0.014526608,0.02566413,-0.024393223,-0.005046049,-0.029818494,-0.005896737,0.005869406,-0.014950244,0.01669945,-0.011690982,-0.027604656,0.004800067,0.017970357,0.014690597,-0.0046429117,0.019118274,0.018366663,-0.0053296117,-0.0137681635,0.011315175,-0.028260607,0.00040036146,-0.020935807,0.01935059,0.0006794401,-0.0429922,0.019200267,-0.0075844475,0.019104607,0.0015074944,-0.051628906,-0.019965546,0.00407237,0.0047727358,0.0032609708,-0.021482434,-0.022849003,-0.012333268,-0.006877249,0.0224117,0.02503551,-0.00544577,0.021701086,0.028424596,0.01546954,0.015770184,-0.008028582,0.0077142715,-0.01024242,-0.011725145,-0.016398806,-0.00855471,0.0014852877,0.034328166,-0.01486825,-0.008370223,-0.025513807,-0.006149552,-0.038427867,-0.018694637,-0.02619709,0.01947358,0.017246077,0.00508363,-0.012524587,0.00968896,-0.007994418,0.017259743,-0.021578094,-0.013139543,0.010420074,-0.012319602,0.010823212,0.033316907,-0.03681532,-0.017861033,0.013043883,-0.0134128565,0.00860254,0.029572513,-0.010092098,-0.019678567,-0.019282263,0.0065390235,-0.0122922715,-0.0025998938,0.024803193,-0.032223653,0.00005031209,-0.0070788176,-0.008172072,0.008718698,0.011007698,0.010980367,0.008937349,0.0104610715,0.0022616687,-0.0016065704,0.011588489,-0.010495235,0.021865074,-0.00036577022,-0.019432584,0.037662588,0.0109872,-0.0011291261,-0.0051280432,0.008862188,-0.01667212,-0.018831294,0.020840148,-0.014198632,0.010966701,-0.0060402267,0.020279856,-0.027468,-0.01212145,0.0036111537,-0.0014904123,-0.045370027,-0.00025046614,0.014184967,-0.022589354,0.00047616323,-0.016740447,-0.048212487,-0.013658838,-0.0065971026,-0.00795342,-0.023655277,-0.030037144,0.027454333,-0.010160427,-0.0069934074,0.00069566804,0.004540419,0.008035415,0.02310865,0.2521043,-0.023532286,-0.0032199738,0.009244827,-0.023504954,0.01758772,0.006672264,-0.000245555,0.0024717783,-0.00048299605,-0.00833606,0.013098545,-0.0062759593,-0.01641247,0.012005292,-0.057942446,-0.053132128,-0.030501777,-0.008356558,-0.032223653,0.013392358,-0.0028578334,0.0053193625,-0.025650464,0.030583771,-0.0060641416,0.011499662,-0.012107785,-0.007932922,0.030884417,-0.036514673,-0.0022497112,0.013488017,0.015647193,-0.021236453,-0.003867385,0.008944182,0.0035701566,0.032114327,0.00988028,0.009477143,-0.02657973,0.023723604,0.008233567,0.012948223,-0.0026238088,-0.013535847,-0.0238056,-0.011656817,0.022999324,-0.011438167,-0.01723241,0.022179384,0.03831854,0.008588875,0.009272158,0.01566086,0.0126475785,-0.02118179,0.02272601,-0.025486477,0.036787987,-0.0053945235,0.00079773355,-0.01130151,0.0079670865,0.00722914,-0.023190644,0.028260607,-0.01641247,0.0037580596,-0.0056200074,-0.026853044,-0.012545086,-0.024570877,-0.021988064,0.01915927,0.0124972565,0.007468289,0.025814453,-0.014212298,-0.0033070925,0.008383889,0.0034044604,0.0008630725,-0.034054853,0.030857086,0.00040847546,-0.03074776,0.00021865073,-0.009627465,0.0024154074,-0.013788662,0.0017850783,0.0071198144,-0.0021660088,0.0013511932,0.01024242,-0.022206716,-0.009258492,-0.018380327,0.05253084,0.02370994,0.027427,-0.014444615,-0.025144834,0.0047044074,0.0019285679,0.01207362,0.017943026,-0.012114617,-0.014253295,0.0026648059,-0.01344702,-0.018995283,-0.009846116,-0.0022565438,-0.0064160326,0.014936578,-0.014690597,0.010659223,-0.026730053,-0.024133574,0.0000045240845,-0.0018312,-0.021537097,-0.013891155,-0.0013341111,0.012100952,-0.039165813,0.04993436,-0.023436626,0.0429922,-0.0058591566,-0.012510922,0.011342507,0.025896447,0.006241795,0.011322008,0.0030986909,0.0090876715,-0.0054491865,0.011007698,-0.029572513,0.015387545,-0.0111238565,-0.004888894,0.008370223,0.014089307,-0.026784716,-0.02737234,0.0010710469,-0.0014203757,-0.017287074,0.019596573,-0.0023932008,-0.014294292,-0.008513713,0.0029791163,-0.0059582326,-0.053952068,-0.012756904,0.01790203,-0.0029569096,-0.0023573283,-0.008438552,-0.1753579,0.015018572,0.0045609176,-0.041816954,-0.0029022468,-0.0153465485,-0.011697815,-0.011690982,-0.005954816,0.0055995085,0.008199403,-0.02209739,-0.038400535,-0.02168742,-0.0028082954,0.03132172,-0.006231546,0.003908382,0.017656047,0.016713116,0.01717775,-0.0201432,-0.02298566,0.00292787,0.01363834,-0.0072564716,0.02115446,-0.00516904,-0.008985179,-0.0014272085,0.012094119,-0.012401597,0.018776633,0.007188143,0.010802713,0.017628716,0.006641516,0.017123086,-0.00865037,0.02023886,0.024611874,0.027153688,-0.01650813,0.012053122,-0.0058864877,0.023313634,0.00014252868,-0.017164083,0.0012273481,0.013385525,0.003549658,-0.04296487,0.05411606,0.0076732743,0.0042739385,0.02209739,0.014922913,0.011246847,0.014635934,0.024201903,0.0052851983,-0.02556847,-0.009982773,0.021140793,0.0045233374,0.0030935663,-0.0135631785,0.009825617,-0.006829419,0.0117319785,-0.0037888072,-0.0023248722,0.017943026,0.003573573,0.0325243,-0.0032848858,-0.025677796,0.015401212,0.011451832,0.0015023698,-0.0054286877,0.02670272,-0.017355403,0.0053432775,-0.01915927,0.01758772,0.040696368,-0.011725145,-0.00773477,-0.01436262,0.02604677,-0.037990566,-0.00024256566,0.004236358,-0.01717775,0.023942256,-0.025267826,0.0064741117,-0.009770955,-0.0038400535,-0.006122221,-0.00580791,0.016904434,-0.014745259,0.0066859294,0.002608435,-0.004144115,0.0019080694,0.034546815,-0.022452697,-0.005640506,0.016754113,0.011547492,0.02664806,-0.00065210875,0.015332883,-0.011144355,-0.037225287,0.028998554,0.0025947692,-0.0029398275,-0.02248003,0.00044413432,-0.0076117786,-0.0020891395,-0.01057723,-0.07286536,-0.0379359,0.00443451,0.000384347,-0.016016167,-0.0036931476,0.009750457,0.0029979066,-0.01761505,-0.00013793787,-0.01814801,-0.013426522,-0.016877104,0.0017287073,0.0050084684,0.002886873,-0.0064501967,-0.0178337,-0.01149283,0.0361867,-0.0068840818,-0.028397264,0.010802713,-0.023586947,-0.008998845,0.013440187,-0.0031704358,0.028643247,0.0077416026,0.017970357,0.013822827,0.007926089,0.00021373964,-0.015647193,-0.0057942444,-0.0051485416,-0.043921467,-0.0029859492,0.030884417,-0.025554804,-0.010645558,0.0047044074,0.026661724,-0.01679511,0.0106113935,-0.011957462,-0.023081318,0.020225193,-0.010372245,-0.00681917,-0.01156799,0.008705032,-0.00877336,-0.009128668,0.040833026,0.022206716,0.01799769,0.02487152,-0.0034420409,-0.006050476,0.02894389,-0.034328166,-0.02354595,0.013938985,0.032934267,0.017574053,0.00790559,0.0025811037,-0.016275814,-0.004547252,-0.019869886,0.023778267,-0.014444615,-0.0037580596,-0.012661244,-0.00896468,-0.0013383817,-0.008561543,0.023163313,-0.046927914,-0.017751707,-0.00603681,0.010508901,-0.0027809641,0.009094504,0.007447791,0.0026545567,-0.027003367,-0.00466341,-0.026005773,-0.02130478,0.031540368,0.011445,-0.006026561,0.008158405,0.005093879,-0.011328842,0.0067200935,-0.007051486,-0.004923058,-0.0071744774,-0.022179384,-0.07384928,0.020430177,-0.005715667,0.0072496384,-0.0066551818,-0.009729958,0.0057054176,-0.016945433,-0.012538253,0.0032131409,0.0017509141,0.005497016,-0.015073235,0.0053535267,-0.022849003,-0.018011354,0.010823212,-0.016904434,0.002290708,0.02405158,-0.0037068133,0.014581271,-0.0000858375,-0.003230223,0.011909632,0.009914445,-0.01891329,0.031485707,-0.017984023,0.0014835794,0.021701086,-0.040231735,0.013781829,0.01682244,-0.0002871926,-0.009094504,0.0178337,0.033316907,0.01055673,0.032852273,-0.0133103635,-0.028369933,0.0019900633,0.00084257405,-0.00906034,0.008998845,-0.06023828,0.020949474,0.03643268,-0.03547608,0.008739197,0.022644017,-0.022849003,-0.0031055238,-0.0137681635,-0.013119044,0.029845826,0.01682244,-0.019391587,0.01713675,0.01891329,-0.016207486,0.0149912415,-0.00644678,0.031841014,-0.01330353,0.0000381411,0.017984023,0.016562793,-0.015524202,-0.00430127,0.0076322774,0.011240015,0.03883784,-0.0010360287,0.02891656,-0.012155615,-0.0017697044,-0.03320758,0.028233277,0.033508226,-0.019582907,0.0038127222,0.017287074,0.017560387,0.032496966,-0.003826388,0.013891155,-0.014840919,-0.0061358865,0.006460446,0.0109872,0.00065936864,0.013467519,0.019118274,0.009764122,-0.028424596,-0.012709074,0.021769414,0.011226349,0.0023846596,0.00681917,0.0058864877,-0.005497016,-0.02269868,-0.0011282719,-0.051546913,-0.007973919,0.02970917,-0.0027741313,-0.008547877,0.003802473,0.018680973,0.01915927,-0.029381193,0.009360985,0.021865074,-0.009982773,-0.026907707,0.020006543,-0.0021164708,0.011219516,0.035776727,-0.0022958328,0.027167354,0.028779903,-0.013843325,-0.03096641,0.017095754,-0.007721104,0.010228755,-0.021455104,-0.02771398,-0.019528244,-0.017888363,0.012210277,-0.0036726492,0.0238056,-0.0196649,0.052230194,0.011171686,-0.01932326,0.0075366176,0.010303916,-0.009907612,0.007680107,-0.00795342,-0.0238056,0.017970357,0.017191414,-0.02383293,0.006976325,-0.002493985,-0.021769414,-0.014102972,-0.0016390264,0.00759128,0.0128184,-0.002232629,0.008814358,0.00685675,0.015332883,0.0011513327,-0.018284667,0.005927485,0.013467519,-0.014007313,-0.013125877,-0.024393223,-0.007871427,0.0022206716,-0.0292992,-0.0064911935,0.00966163,-0.02809662,-0.0014434365,-0.023668943,0.0024598208,0.015578865,0.020279856,0.01243576,-0.014444615,-0.017095754,0.010249253,-0.0008942473,-0.0049435566,-0.00016195956,-0.022179384]
[{role: assistant, content: [{type: text, text: 您好！我是您的回忆助手，很高兴与您一起回顾过去的时光。  
我想请您回忆一下，您有没有参加过一次难忘的聚会或活动？  
那次聚会的氛围让我至今难忘...  
聚会上有没有特别的表演或节目让您印象深刻...  
您是否和某位重要的人在那次活动中重聚...  }, {type: text, text: }, {type: text, text: }, {type: text, text: false}, {type: text, text: 您好！我是您的回忆助手，很高兴与您一起回顾过去的时光。  
我想请您回忆一下，您有没有参加过一次难忘的聚会或活动？  
那次聚会的氛围让我至今难忘...  
聚会上有没有特别的表演或节目让您印象深刻...  
您是否和某位重要的人在那次活动中重聚...  }]}, {role: assistant, content: [{type: text, text: 您好！我是您的回忆助手，很高兴与您一起回顾过去的时光。  
我想请您回忆一下，有没有一张照片让您想起某个特定的场景？  
那是和家人一起度假的时刻...  
那是我和朋友聚会时捕捉到的瞬间...  
那张照片里有我最喜欢的风景...  }, {type: text, text: }, {type: text, text: }, {type: text, text: false}, {type: text, text: 您好！我是您的回忆助手，很高兴与您一起回顾过去的时光。  
我想请您回忆一下，有没有一张照片让您想起某个特定的场景？  
那是和家人一起度假的时刻...  
那是我和朋友聚会时捕捉到的瞬间...  
那张照片里有我最喜欢的风景...  }]}],[-0.023410324,0.005292264,0.016932512,-0.015811877,-0.015060232,0.033892356,0.0009182027,-0.0032850301,-0.028945165,-0.03061245,-0.017315166,0.018709127,-0.012381643,-0.030694447,-0.017096506,-0.001208611,0.029191157,0.017807152,0.021319384,-0.0145409135,0.011069681,0.023055002,-0.002154146,0.015046566,-0.017902816,-0.0054938416,0.019378774,-0.018681794,0.020909397,-0.0013623565,0.023328327,-0.011110679,-0.0069185505,-0.027523872,-0.004885692,-0.028207187,-0.010564028,0.00097201363,0.026088914,0.011787159,0.013707271,0.008746414,0.012415809,0.02438063,-0.015101231,0.0207864,-0.0072021256,-0.04201012,0.02361532,0.016249198,0.020868398,0.038866878,-0.023150666,-0.009429728,-0.0026358822,-0.009518558,0.012347477,0.05728901,-0.0092998985,-0.026307574,-0.0015451428,0.009231566,-0.025678925,0.006429981,0.018545132,0.0024223467,-0.019952757,-0.010338535,0.023123333,0.014609245,-0.003987135,0.019857094,0.005791083,-0.014021595,0.04911658,-0.014978235,0.0136252735,-0.0051351017,0.009996878,0.00073541625,0.0026358822,-0.023082335,0.009511725,0.040124174,-0.00044842454,0.044169392,-0.00042728454,0.026444236,-0.034603,-0.02921849,0.015989538,0.013925931,0.012873628,0.019187447,0.021661041,0.03083111,-0.0014597287,0.031159101,-0.0033704443,-0.010058376,0.009388729,0.005528007,-0.040725492,-0.009211067,-0.019665767,0.0007264478,0.029027162,0.0031193267,0.012258646,0.014868904,-0.033291038,0.05920229,0.0017065757,-0.003758225,-0.062646195,-0.014827905,0.020144084,-0.017957482,-0.015265226,-0.030475788,-0.00472853,0.031159101,0.0038983042,-0.029409818,0.0044244556,0.016071536,0.014130926,-0.017615825,0.015661549,-0.0058013326,0.047667958,0.0074071195,0.018613463,0.01631753,-0.021729372,0.00993538,-0.007065463,0.008582419,-0.020103086,-0.0050189383,0.0046704486,0.021565378,-0.013105955,-0.01536089,0.019679433,0.031186434,-0.008705416,0.005756917,0.012361143,0.022891006,0.022057364,-0.0041852957,-0.0024189302,0.009812383,0.0036488946,-0.0011343006,-0.0022686012,0.011295174,-0.016768515,-0.03266239,0.006327484,0.025829254,0.013652606,0.0011445503,0.012607136,0.038839545,-0.0039837183,-0.012258646,0.02899983,-0.016208198,-0.035914965,0.018982451,-0.02734621,0.0015494137,-0.016303863,0.0009113695,0.027783532,0.016522523,-0.022002699,-0.011507001,-0.032389063,-0.025378268,0.006908301,0.008910409,-0.01525156,-0.007290956,-0.003536148,-0.017205836,-0.0065837265,-0.0065153954,0.0078034415,0.038839545,-0.006344567,-0.0072499574,-0.6192461,-0.0025641343,0.0016032245,-0.016508857,0.018763792,0.001311108,-0.0050086887,0.018135143,-0.013208452,-0.026990887,-0.02067707,0.025009278,0.008664416,-0.004342458,-0.018681794,-0.011165344,0.0036830604,0.0024155136,0.00048259023,0.0047763623,-0.018613463,0.024899948,-0.0037103929,0.004352708,-0.0127233,-0.0067477217,-0.010126708,-0.0009617639,-0.02815252,0.045071367,-0.031842414,-0.010529863,0.003378986,-0.0094775595,0.058382314,0.015101231,-0.033564363,0.023628986,0.008534587,0.032580394,-0.009211067,0.00041404535,0.012258646,0.0070996284,0.009183735,-0.0055314237,-0.019091783,0.011513834,0.016823182,-0.01455458,-0.003187658,-0.0026734646,-0.004239961,0.00782394,-0.006296735,-0.034657665,0.021620043,-0.030120464,-0.025583262,0.008828412,0.015374556,0.023574319,-0.014404251,-0.02254935,-0.027100218,0.02815252,-0.0024582208,-0.0014144592,-0.0014665618,-0.01756116,0.004492787,0.012825796,-0.0105776945,0.0051966,-0.0029279988,0.010953517,0.020075753,0.0051761004,-0.015183228,0.013843934,0.015893875,-0.018763792,-0.0007687278,-0.018121477,-0.012415809,0.00015257111,-0.03381036,-0.022563016,0.034821663,-0.0012111734,0.0060063265,-0.006330901,-0.000787946,0.0047831954,-0.019242112,0.043868735,-0.032088406,0.009593723,0.011110679,-0.0300658,0.013652606,0.00910857,0.010748523,0.026703896,0.0121629825,0.015456554,-0.029491816,0.004834444,0.03296305,-0.018463133,-0.0013555234,-0.0007290102,0.016440526,-0.031979077,-0.017205836,-0.022235025,0.023300994,0.022522017,0.022535684,-0.002622216,0.0015673506,-0.0070107975,0.0042126286,-0.005821832,0.0134407785,0.02533727,-0.0014050637,-0.0132631175,-0.011008183,0.014308587,0.012053652,-0.01525156,0.014841571,-0.012169816,0.017629491,-0.008240762,0.015497552,-0.005148768,0.030776445,-0.018668128,0.029409818,0.015401889,0.010680192,-0.04362274,-0.027728867,-0.023505988,-0.014089927,-0.0027383792,-0.027769865,0.0034900242,-0.0034678166,-0.0009643263,-0.008069933,0.0152105605,0.000032777698,0.0075096167,-0.0020072337,-0.0063343174,-0.027318878,-0.011520667,0.0034866077,-0.010126708,-0.015169562,-0.0024411378,-0.018449467,-0.028261852,0.0101540405,0.0145409135,-0.017397165,-0.01605787,-0.0173835,-0.0047763623,-0.018203475,-0.029683143,0.015688881,0.023820313,-0.022590348,-0.013891766,0.027305212,-0.016522523,-0.015852876,0.01564788,-0.0028528343,-0.008917242,0.011110679,-0.0019115699,0.010987683,0.012108318,-0.024722286,0.027797198,-0.0055109244,0.033154376,-0.014991901,-0.0080152685,-0.009655221,0.022084696,-0.012238147,0.010769023,0.004919858,0.009183735,0.009026573,-0.008186097,0.022330688,-0.012121984,-0.0039017207,-0.0037445587,0.015429221,-0.0017433038,0.024995612,-0.011746161,0.024681287,-0.020663403,-0.0027691284,-0.0071952925,0.0058867466,0.014964568,0.0042126286,0.010304369,-0.014896236,-0.02514594,0.004144297,-0.009286232,-0.010557195,0.0080152685,-0.013365614,0.009887548,0.013235785,0.016522523,-0.012176649,0.00086823537,0.015060232,0.0058491644,0.012060485,-0.00072303123,-0.008315926,-0.022139361,0.03566897,-0.027291546,0.032607727,-0.0019986923,-0.004325375,0.01784815,0.0015562468,-0.028316516,0.020007422,-0.0054938416,0.015128563,0.014007929,-0.0017526994,0.028097855,-0.009033406,0.026184577,-0.009545892,-0.019078117,0.0081997635,0.0049232747,-0.019447105,0.016344862,0.008739581,0.031131769,-0.011957988,-0.0025914668,0.024421629,0.0053161797,0.0017509911,-0.013837101,-0.00042899282,-0.004981356,-0.030229794,-0.019337775,0.018162476,-0.017684156,-0.009880715,-0.012033152,0.011076514,0.0011565083,0.0128941275,-0.015224228,-0.008281761,-0.0049164416,-0.021879701,-0.03490366,0.01928311,0.0025043443,-0.00023958684,-0.023000335,-0.03501299,0.017219502,-0.008281761,0.00854142,0.002688839,0.012190315,0.00031581902,0.001130884,-0.0016373902,0.027318878,0.0073456215,-0.0082612615,-0.0029279988,-0.015005567,-0.021251053,-0.0035942297,-0.009627889,-0.027441874,0.019365108,-0.0042843763,-0.021278385,0.022481019,-0.008794246,-0.0019713598,-0.017875483,-0.012258646,-0.0044483715,-0.0034848994,0.027264213,0.011356672,-0.018244473,-0.010960351,0.030202461,0.011992154,-0.011459169,-0.017315166,-0.01444525,0.02089573,0.024448961,0.06740206,0.000026798705,-0.013700438,0.019365108,0.014021595,-0.039495528,-0.016768515,0.017369833,-0.015661549,-0.018381136,0.013584275,0.017957482,-0.0034592752,0.020923063,0.002622216,-0.008001602,0.005941412,0.014062594,-0.0127028,-0.008520921,-0.00010730159,0.006669141,0.01631753,-0.0089924075,-0.013775602,0.018340137,0.03129576,0.0049881893,-0.03266239,0.012518305,0.025104942,0.03793757,0.006693057,-0.03211574,0.02815252,0.0018278639,0.014431584,0.026061581,0.0011821325,0.006412898,0.030967772,0.015798211,-0.014021595,0.01631753,-0.021210054,0.0074959504,0.013181119,-0.013112788,0.0016553273,0.004895942,0.027838197,-0.015169562,-0.029573813,0.011049181,-0.004735363,-0.010639193,-0.020376412,0.0014076261,-0.010755356,0.01998009,-0.02041741,-0.005432343,-0.018285472,-0.024517292,-0.022781676,-0.032580394,-0.022166694,-0.0043356246,0.014855238,-0.0064026485,0.0088694105,-0.0047421963,0.00039440006,0.0015656423,0.017957482,0.017807152,-0.03200641,0.00936823,0.002297642,0.016454192,-0.030229794,0.020854732,-0.009340897,-0.023218997,0.0086234175,-0.0016553273,-0.0056544202,-0.0030099964,0.004547452,0.0051385183,0.0028460012,0.02716855,0.012395309,0.010236038,-0.0033106545,-0.0015468511,0.014007929,-0.0024804284,-0.019993756,-0.0040793824,-0.04479804,-0.011445503,-0.022617681,0.017465496,-0.0058423313,0.010222372,0.032799054,0.0027212964,-0.017615825,0.0075096167,-0.020226084,0.0008865994,-0.008220263,0.0038504722,0.0019440273,-0.0024787202,0.026936222,0.005774,-0.01213565,0.0053810948,-0.03665294,0.023177998,0.025760923,-0.011343006,0.009573224,-0.010557195,-0.015128563,0.013884933,-0.0066964733,-0.007584781,0.0011197801,-0.0012504639,0.0033277373,-0.02921849,-0.016071536,0.00021716561,0.0071474602,0.004352708,-0.014226589,-0.031596422,-0.021606376,-0.009634722,0.005340096,0.042638768,-0.030311791,-0.02111439,0.0068433858,0.0065905596,0.019447105,-0.0010352201,0.0017168254,-0.04154547,-0.005972161,0.00496769,-0.02976514,-0.019447105,0.023177998,0.0144179175,0.0008814746,0.03643428,0.008438923,-0.0084457565,0.0015733296,0.0015673506,0.025132274,-0.0016664311,-0.008329593,-0.013823435,0.0080767665,-0.0037616414,0.01821714,0.012067318,-0.02390231,-0.021305718,0.0024804284,0.013652606,0.0028169604,-0.017410832,-0.04824194,-0.019583767,-0.026075248,-0.024831617,-0.010427366,-0.027633203,0.0030937023,-0.0010591361,-0.007741943,0.033127043,-0.00060302427,0.016208198,-0.019857094,0.005473342,-0.0071132947,0.011015016,-0.0038231397,-0.017943816,-0.013420279,-0.012764298,0.005015522,0.028617173,0.0067272224,-0.0036693942,0.0075574485,0.00980555,0.009272566,-0.03793757,-0.010823688,0.0033089463,-0.01627653,-0.01862713,0.003230365,-0.0065598106,-0.0196111,0.0031227432,0.0046226163,-0.010167707,0.020116752,-0.005774,-0.010666525,-0.022412686,-0.008596085,0.034630332,0.004752446,0.026498903,0.02159271,-0.0041237976,-0.024913615,-0.07035397,0.02331466,-0.0024291798,0.020608738,0.033045046,-0.019993756,0.008165598,0.034220345,0.014595578,-0.009190568,-0.039878182,0.0050975196,0.012183482,0.0076052803,-0.0012581511,-0.016686518,-0.014759574,0.012477307,-0.022098362,-0.010591361,-0.015962206,-0.0075437822,-0.042884763,0.013891766,-0.0043151253,0.011575333,0.012436308,-0.007905939,0.007940104,0.00021438964,-0.00043454475,0.015060232,-0.006286485,0.023587985,-0.023464989,0.009074405,-0.008842078,0.033755694,0.0042843763,-0.019091783,0.0031893663,0.037746243,-0.021100724,-0.01224498,0.01259347,0.004885692,0.011732494,0.0035873963,-0.007673612,0.006549561,-0.0026478402,-0.0048515266,0.02584292,0.0075642816,0.021879701,0.010823688,0.0077146105,-0.01638586,0.016221866,0.0057705836,-0.0196521,-0.016290197,-0.008746414,-0.026457902,0.0044176225,0.019857094,-0.01627653,-0.0024923864,0.016098868,0.0034319425,-0.014581912,0.025637927,-0.024421629,-0.005046271,-0.029737808,-0.00588333,0.0058559976,-0.014923569,0.01671385,-0.011629998,-0.02760587,0.0048515266,0.017998481,0.014691243,-0.0046636155,0.019078117,0.018394802,-0.0053537623,-0.013775602,0.011349839,-0.028261852,0.00040016553,-0.020923063,0.019337775,0.00067562633,-0.04307609,0.019255778,-0.0076052803,0.019091783,0.0015519761,-0.051658507,-0.019911759,0.0040144674,0.004772946,0.0032371983,-0.021469714,-0.022850007,-0.012367976,-0.006863885,0.022440018,0.025050277,-0.0054870085,0.021688374,0.028480511,0.015442887,0.015743546,-0.0080152685,0.0077214437,-0.010236038,-0.011705162,-0.01642686,-0.008568753,0.0014776657,0.034329675,-0.014868904,-0.008363758,-0.025501264,-0.0061634886,-0.03845689,-0.018722793,-0.026198244,0.019488104,0.017274167,0.0050667706,-0.012497806,0.009682554,-0.00795377,0.017260501,-0.021551711,-0.013119621,0.010406867,-0.01235431,0.010844187,0.033291038,-0.036789604,-0.017834485,0.0130171245,-0.013413446,0.008630251,0.029601146,-0.010092542,-0.019665767,-0.019296777,0.0064914795,-0.012313311,-0.0026000084,0.024817951,-0.03222507,0.000056640292,-0.0070517967,-0.008165598,0.008732748,0.011049181,0.010967184,0.00888991,0.010475198,0.0022463936,-0.0016066411,0.011588999,-0.0105161965,0.021879701,-0.00035938024,-0.019447105,0.037664246,0.011021849,-0.001136863,-0.005148768,0.008862577,-0.016672852,-0.018791124,0.020854732,-0.014226589,0.010974017,-0.0060644085,0.020267082,-0.027482873,-0.012142483,0.0036215622,-0.0014870613,-0.045372024,-0.00021107984,0.014226589,-0.022590348,0.00047533002,-0.01671385,-0.04813261,-0.013645773,-0.006628142,-0.008001602,-0.023642652,-0.0300658,0.02745554,-0.010133541,-0.0069732154,0.00069569866,0.00450987,0.008042601,0.023096,0.2521154,-0.023519654,-0.0032696556,0.0092589,-0.023519654,0.017588492,0.0066486415,-0.00024641998,0.002447971,-0.00046892397,-0.008343259,0.0130786225,-0.006265986,-0.01642686,0.011971654,-0.05789033,-0.0531618,-0.03050312,-0.008384258,-0.032279734,0.013358781,-0.0028938332,0.005312763,-0.025637927,0.030585118,-0.0060644085,0.011520667,-0.012080984,-0.00797427,0.030885775,-0.03651628,-0.0022634764,0.013468111,0.015606883,-0.021196388,-0.003867555,0.008924075,0.0035805632,0.03214307,0.009867049,0.009443394,-0.026594566,0.02372465,0.008186097,0.012982959,-0.0026290491,-0.01350911,-0.023806646,-0.011664163,0.023014002,-0.011425003,-0.01719217,0.022125695,0.03834756,0.008602918,0.009272566,0.015661549,0.012682301,-0.021155389,0.022713345,-0.025501264,0.03676227,-0.005370845,0.0007892272,-0.011315674,0.008022102,0.007236291,-0.023177998,0.028179854,-0.01642686,0.0037753077,-0.0056544202,-0.026881557,-0.012566137,-0.024585623,-0.021989033,0.01917378,0.012497806,0.007468618,0.025815587,-0.014212923,-0.0033584863,0.008343259,0.0033584863,0.00087976624,-0.03405635,0.03083111,0.00041255058,-0.030749112,0.00019741357,-0.009621056,0.0023659733,-0.013761936,0.0017629492,0.0070996284,-0.002154146,0.0013512527,0.010242871,-0.02218036,-0.009224733,-0.018394802,0.052505817,0.023710983,0.027428208,-0.014431584,-0.025159607,0.004690948,0.0019389024,0.012060485,0.017902816,-0.012094651,-0.014281254,0.0026683398,-0.013447612,-0.01902345,-0.0098465495,-0.002285684,-0.006423148,0.014964568,-0.014677577,0.010680192,-0.026731228,-0.024107303,0.0000506613,-0.0018210307,-0.021510713,-0.0138712665,-0.0013546692,0.012074151,-0.039085537,0.049881894,-0.023464989,0.04296676,-0.0058799135,-0.012566137,0.011302007,0.025856586,0.0062523196,0.011281508,0.0031483674,0.009047072,-0.0054596756,0.01098085,-0.029573813,0.015415555,-0.011097013,-0.0048891087,0.008356925,0.014048927,-0.026826892,-0.027359877,0.0010719482,-0.0014511873,-0.017315166,0.019624766,-0.002393306,-0.0142949205,-0.008582419,0.0029792474,-0.0059994934,-0.05395444,-0.012757465,0.01788915,-0.002929707,-0.0023984308,-0.008404758,-0.17536561,0.015060232,0.0045132865,-0.041736796,-0.0028938332,-0.015347224,-0.011643664,-0.01167783,-0.005955078,0.0055655893,0.008186097,-0.022098362,-0.038402226,-0.021688374,-0.0027879195,0.03129576,-0.006211321,0.0039188038,0.017725155,0.01671385,0.017164838,-0.020185083,-0.022959337,0.002941665,0.01363894,-0.0072567905,0.021155389,-0.0052239327,-0.008958241,-0.0013777311,0.012060485,-0.012402142,0.018750126,0.0071747927,0.010803188,0.017684156,0.0066315588,0.017096506,-0.008664416,0.020280749,0.024626622,0.027154883,-0.016481524,0.012026319,-0.005910663,0.023328327,0.00013431383,-0.017137505,0.0012316728,0.013351948,0.0035293149,-0.04293943,0.05411844,0.0076667788,0.0043151253,0.022112029,0.014909903,0.011233675,0.014622911,0.024189303,0.0053332625,-0.02555593,-0.009949046,0.02111439,0.004540619,0.0030988273,-0.01352961,0.009853383,-0.0068433858,0.011705162,-0.0038299728,-0.0023540154,0.017943816,0.003566897,0.03252573,-0.0032525728,-0.025719924,0.01536089,0.011486501,0.0014819364,-0.0054357597,0.026717562,-0.017315166,0.0053810948,-0.01917378,0.017629491,0.04069816,-0.01176666,-0.007687278,-0.014390585,0.026034249,-0.037992235,-0.00025517493,0.004246794,-0.017137505,0.023956975,-0.025282603,0.006501729,-0.00980555,-0.0038778048,-0.0061259065,-0.00578425,0.016891513,-0.014745908,0.0067203892,0.002603425,-0.0041477135,0.0018876538,0.034548335,-0.022508351,-0.0056305043,0.016754849,0.011541167,0.026635565,-0.0006884385,0.015319891,-0.011110679,-0.03717226,0.028945165,0.0026358822,-0.0029484981,-0.022508351,0.00041959726,-0.00762578,-0.002087523,-0.010557195,-0.07286856,-0.03793757,0.004451788,0.0003598073,-0.016003205,-0.003734309,0.009737219,0.0029963301,-0.017588492,-0.000112426445,-0.018135143,-0.013447612,-0.016891513,0.001738179,0.005042854,0.0029382484,-0.0064573134,-0.017807152,-0.011486501,0.036160957,-0.0068536354,-0.028398514,0.010803188,-0.023560653,-0.008999241,0.013420279,-0.0031944911,0.028671838,0.0077077774,0.017902816,0.013837101,0.007885439,0.0002387327,-0.015688881,-0.0058184154,-0.0051692673,-0.043950733,-0.0029638729,0.030913107,-0.02555593,-0.010680192,0.0046943645,0.026635565,-0.016768515,0.010639193,-0.011916989,-0.023082335,0.020226084,-0.010359034,-0.0068160533,-0.011513834,0.008712249,-0.008773747,-0.0091154035,0.040862154,0.02218036,0.017998481,0.02492728,-0.0033994853,-0.0060780747,0.028972497,-0.034357008,-0.023519654,0.013939598,0.032935716,0.017547494,0.007905939,0.0025163023,-0.016303863,-0.0044996203,-0.019816095,0.02372465,-0.014472582,-0.0037445587,-0.012689134,-0.008965075,-0.0013538151,-0.008575586,0.023137,-0.046929978,-0.017725155,-0.006050742,0.010564028,-0.0027964609,0.009040239,0.0074617844,0.0026837143,-0.026990887,-0.0046806983,-0.026006917,-0.021346718,0.031514425,0.011466002,-0.0060780747,0.008138265,0.005124852,-0.01132934,0.006682807,-0.0070244637,-0.004943774,-0.007120128,-0.022207692,-0.07385253,0.020431077,-0.0057056686,0.0072089587,-0.006669141,-0.009744052,0.0056680865,-0.016959844,-0.012518305,0.003206449,0.0017356166,0.005528007,-0.015046566,0.0053435126,-0.022850007,-0.017998481,0.01085102,-0.016850514,0.0022788509,0.024025306,-0.0037001432,0.0145409135,-0.00008060965,-0.0032269484,0.0119784875,0.009928547,-0.018927786,0.031487092,-0.017998481,0.0014657077,0.02170204,-0.04020617,0.013802935,0.01679585,-0.00028250748,-0.0091154035,0.017902816,0.03331837,0.0105776945,0.032826386,-0.013317782,-0.028343849,0.001978193,0.0008391945,-0.009067572,0.008999241,-0.060240928,0.020950396,0.036379617,-0.035477642,0.008766914,0.022645013,-0.022822674,-0.003127868,-0.0137482695,-0.013126454,0.029792473,0.016768515,-0.01939244,0.017137505,0.018982451,-0.016249198,0.015005567,-0.00648123,0.03181508,-0.013338282,-0.000001152758,0.017971149,0.016563522,-0.015538552,-0.0043117087,0.0076394463,0.011240509,0.038839545,-0.001088177,0.0288905,-0.012197148,-0.0017749071,-0.033236373,0.028234519,0.033482365,-0.019624766,0.0037992236,0.017260501,0.017533828,0.03252573,-0.0038197231,0.013891766,-0.014827905,-0.0061259065,0.0064402306,0.011001349,0.0006717827,0.0135022765,0.019091783,0.009778217,-0.028425846,-0.012695967,0.021756705,0.011226842,0.0023898894,0.0068468023,0.0058867466,-0.005514341,-0.022713345,-0.0011334465,-0.051549178,-0.007960604,0.029737808,-0.002791336,-0.008520921,0.0037855573,0.01869546,0.019132782,-0.029355153,0.009375063,0.021879701,-0.009996878,-0.02690889,0.020034755,-0.002116564,0.011206343,0.0357783,-0.0022771426,0.027154883,0.02878117,-0.013796101,-0.030967772,0.017123839,-0.00773511,0.010208705,-0.021524379,-0.027687868,-0.019515436,-0.017916482,0.012197148,-0.0037206425,0.023833979,-0.019679433,0.052232493,0.011172177,-0.019310443,0.0075506154,0.010290703,-0.0099080475,0.007673612,-0.007919605,-0.023820313,0.017943816,0.017260501,-0.023806646,0.006990298,-0.0025128857,-0.021743039,-0.014103593,-0.0016331195,0.0075506154,0.0127711315,-0.0021917284,0.008787413,0.0068297195,0.015306225,0.0011582166,-0.018299138,0.005941412,0.013433945,-0.014035261,-0.013133287,-0.024394296,-0.00782394,0.0022036864,-0.029327821,-0.0064983126,0.0096620545,-0.028125187,-0.0014409376,-0.023642652,0.0024103888,0.015565884,0.020280749,0.012422642,-0.014472582,-0.017096506,0.010229205,-0.00089428667,-0.004950607,-0.00019912186,-0.022166694]
[{role: assistant, content: [{type: text, text: 您好！我是您的回忆助手，很高兴与您一起回顾过去的时光。  
我想请您回忆一下，您有没有参加过一次难忘的聚会或活动？  
那次聚会的氛围让我至今难忘...  
聚会上有没有特别的表演或节目让您印象深刻...  
您是否和某位重要的人在那次活动中重聚...  }, {type: text, text: }, {type: text, text: }, {type: text, text: false}, {type: text, text: 您好！我是您的回忆助手，很高兴与您一起回顾过去的时光。  
我想请您回忆一下，您有没有参加过一次难忘的聚会或活动？  
那次聚会的氛围让我至今难忘...  
聚会上有没有特别的表演或节目让您印象深刻...  
您是否和某位重要的人在那次活动中重聚...  }]}, {role: assistant, content: [{type: text, text: 您好！我是您的回忆助手，很高兴与您一起回顾过去的时光。  
我想请您回忆一下，有没有一张照片让您想起某个特定的场景？  
那是和家人一起度假的时刻...  
那是我和朋友聚会时捕捉到的瞬间...  
那张照片里有我最喜欢的风景...  }, {type: text, text: }, {type: text, text: }, {type: text, text: false}, {type: text, text: 您好！我是您的回忆助手，很高兴与您一起回顾过去的时光。  
我想请您回忆一下，有没有一张照片让您想起某个特定的场景？  
那是和家人一起度假的时刻...  
那是我和朋友聚会时捕捉到的瞬间...  
那张照片里有我最喜欢的风景...  }]}],[-0.023410324,0.005292264,0.016932512,-0.015811877,-0.015060232,0.033892356,0.0009182027,-0.0032850301,-0.028945165,-0.03061245,-0.017315166,0.018709127,-0.012381643,-0.030694447,-0.017096506,-0.001208611,0.029191157,0.017807152,0.021319384,-0.0145409135,0.011069681,0.023055002,-0.002154146,0.015046566,-0.017902816,-0.0054938416,0.019378774,-0.018681794,0.020909397,-0.0013623565,0.023328327,-0.011110679,-0.0069185505,-0.027523872,-0.004885692,-0.028207187,-0.010564028,0.00097201363,0.026088914,0.011787159,0.013707271,0.008746414,0.012415809,0.02438063,-0.015101231,0.0207864,-0.0072021256,-0.04201012,0.02361532,0.016249198,0.020868398,0.038866878,-0.023150666,-0.009429728,-0.0026358822,-0.009518558,0.012347477,0.05728901,-0.0092998985,-0.026307574,-0.0015451428,0.009231566,-0.025678925,0.006429981,0.018545132,0.0024223467,-0.019952757,-0.010338535,0.023123333,0.014609245,-0.003987135,0.019857094,0.005791083,-0.014021595,0.04911658,-0.014978235,0.0136252735,-0.0051351017,0.009996878,0.00073541625,0.0026358822,-0.023082335,0.009511725,0.040124174,-0.00044842454,0.044169392,-0.00042728454,0.026444236,-0.034603,-0.02921849,0.015989538,0.013925931,0.012873628,0.019187447,0.021661041,0.03083111,-0.0014597287,0.031159101,-0.0033704443,-0.010058376,0.009388729,0.005528007,-0.040725492,-0.009211067,-0.019665767,0.0007264478,0.029027162,0.0031193267,0.012258646,0.014868904,-0.033291038,0.05920229,0.0017065757,-0.003758225,-0.062646195,-0.014827905,0.020144084,-0.017957482,-0.015265226,-0.030475788,-0.00472853,0.031159101,0.0038983042,-0.029409818,0.0044244556,0.016071536,0.014130926,-0.017615825,0.015661549,-0.0058013326,0.047667958,0.0074071195,0.018613463,0.01631753,-0.021729372,0.00993538,-0.007065463,0.008582419,-0.020103086,-0.0050189383,0.0046704486,0.021565378,-0.013105955,-0.01536089,0.019679433,0.031186434,-0.008705416,0.005756917,0.012361143,0.022891006,0.022057364,-0.0041852957,-0.0024189302,0.009812383,0.0036488946,-0.0011343006,-0.0022686012,0.011295174,-0.016768515,-0.03266239,0.006327484,0.025829254,0.013652606,0.0011445503,0.012607136,0.038839545,-0.0039837183,-0.012258646,0.02899983,-0.016208198,-0.035914965,0.018982451,-0.02734621,0.0015494137,-0.016303863,0.0009113695,0.027783532,0.016522523,-0.022002699,-0.011507001,-0.032389063,-0.025378268,0.006908301,0.008910409,-0.01525156,-0.007290956,-0.003536148,-0.017205836,-0.0065837265,-0.0065153954,0.0078034415,0.038839545,-0.006344567,-0.0072499574,-0.6192461,-0.0025641343,0.0016032245,-0.016508857,0.018763792,0.001311108,-0.0050086887,0.018135143,-0.013208452,-0.026990887,-0.02067707,0.025009278,0.008664416,-0.004342458,-0.018681794,-0.011165344,0.0036830604,0.0024155136,0.00048259023,0.0047763623,-0.018613463,0.024899948,-0.0037103929,0.004352708,-0.0127233,-0.0067477217,-0.010126708,-0.0009617639,-0.02815252,0.045071367,-0.031842414,-0.010529863,0.003378986,-0.0094775595,0.058382314,0.015101231,-0.033564363,0.023628986,0.008534587,0.032580394,-0.009211067,0.00041404535,0.012258646,0.0070996284,0.009183735,-0.0055314237,-0.019091783,0.011513834,0.016823182,-0.01455458,-0.003187658,-0.0026734646,-0.004239961,0.00782394,-0.006296735,-0.034657665,0.021620043,-0.030120464,-0.025583262,0.008828412,0.015374556,0.023574319,-0.014404251,-0.02254935,-0.027100218,0.02815252,-0.0024582208,-0.0014144592,-0.0014665618,-0.01756116,0.004492787,0.012825796,-0.0105776945,0.0051966,-0.0029279988,0.010953517,0.020075753,0.0051761004,-0.015183228,0.013843934,0.015893875,-0.018763792,-0.0007687278,-0.018121477,-0.012415809,0.00015257111,-0.03381036,-0.022563016,0.034821663,-0.0012111734,0.0060063265,-0.006330901,-0.000787946,0.0047831954,-0.019242112,0.043868735,-0.032088406,0.009593723,0.011110679,-0.0300658,0.013652606,0.00910857,0.010748523,0.026703896,0.0121629825,0.015456554,-0.029491816,0.004834444,0.03296305,-0.018463133,-0.0013555234,-0.0007290102,0.016440526,-0.031979077,-0.017205836,-0.022235025,0.023300994,0.022522017,0.022535684,-0.002622216,0.0015673506,-0.0070107975,0.0042126286,-0.005821832,0.0134407785,0.02533727,-0.0014050637,-0.0132631175,-0.011008183,0.014308587,0.012053652,-0.01525156,0.014841571,-0.012169816,0.017629491,-0.008240762,0.015497552,-0.005148768,0.030776445,-0.018668128,0.029409818,0.015401889,0.010680192,-0.04362274,-0.027728867,-0.023505988,-0.014089927,-0.0027383792,-0.027769865,0.0034900242,-0.0034678166,-0.0009643263,-0.008069933,0.0152105605,0.000032777698,0.0075096167,-0.0020072337,-0.0063343174,-0.027318878,-0.011520667,0.0034866077,-0.010126708,-0.015169562,-0.0024411378,-0.018449467,-0.028261852,0.0101540405,0.0145409135,-0.017397165,-0.01605787,-0.0173835,-0.0047763623,-0.018203475,-0.029683143,0.015688881,0.023820313,-0.022590348,-0.013891766,0.027305212,-0.016522523,-0.015852876,0.01564788,-0.0028528343,-0.008917242,0.011110679,-0.0019115699,0.010987683,0.012108318,-0.024722286,0.027797198,-0.0055109244,0.033154376,-0.014991901,-0.0080152685,-0.009655221,0.022084696,-0.012238147,0.010769023,0.004919858,0.009183735,0.009026573,-0.008186097,0.022330688,-0.012121984,-0.0039017207,-0.0037445587,0.015429221,-0.0017433038,0.024995612,-0.011746161,0.024681287,-0.020663403,-0.0027691284,-0.0071952925,0.0058867466,0.014964568,0.0042126286,0.010304369,-0.014896236,-0.02514594,0.004144297,-0.009286232,-0.010557195,0.0080152685,-0.013365614,0.009887548,0.013235785,0.016522523,-0.012176649,0.00086823537,0.015060232,0.0058491644,0.012060485,-0.00072303123,-0.008315926,-0.022139361,0.03566897,-0.027291546,0.032607727,-0.0019986923,-0.004325375,0.01784815,0.0015562468,-0.028316516,0.020007422,-0.0054938416,0.015128563,0.014007929,-0.0017526994,0.028097855,-0.009033406,0.026184577,-0.009545892,-0.019078117,0.0081997635,0.0049232747,-0.019447105,0.016344862,0.008739581,0.031131769,-0.011957988,-0.0025914668,0.024421629,0.0053161797,0.0017509911,-0.013837101,-0.00042899282,-0.004981356,-0.030229794,-0.019337775,0.018162476,-0.017684156,-0.009880715,-0.012033152,0.011076514,0.0011565083,0.0128941275,-0.015224228,-0.008281761,-0.0049164416,-0.021879701,-0.03490366,0.01928311,0.0025043443,-0.00023958684,-0.023000335,-0.03501299,0.017219502,-0.008281761,0.00854142,0.002688839,0.012190315,0.00031581902,0.001130884,-0.0016373902,0.027318878,0.0073456215,-0.0082612615,-0.0029279988,-0.015005567,-0.021251053,-0.0035942297,-0.009627889,-0.027441874,0.019365108,-0.0042843763,-0.021278385,0.022481019,-0.008794246,-0.0019713598,-0.017875483,-0.012258646,-0.0044483715,-0.0034848994,0.027264213,0.011356672,-0.018244473,-0.010960351,0.030202461,0.011992154,-0.011459169,-0.017315166,-0.01444525,0.02089573,0.024448961,0.06740206,0.000026798705,-0.013700438,0.019365108,0.014021595,-0.039495528,-0.016768515,0.017369833,-0.015661549,-0.018381136,0.013584275,0.017957482,-0.0034592752,0.020923063,0.002622216,-0.008001602,0.005941412,0.014062594,-0.0127028,-0.008520921,-0.00010730159,0.006669141,0.01631753,-0.0089924075,-0.013775602,0.018340137,0.03129576,0.0049881893,-0.03266239,0.012518305,0.025104942,0.03793757,0.006693057,-0.03211574,0.02815252,0.0018278639,0.014431584,0.026061581,0.0011821325,0.006412898,0.030967772,0.015798211,-0.014021595,0.01631753,-0.021210054,0.0074959504,0.013181119,-0.013112788,0.0016553273,0.004895942,0.027838197,-0.015169562,-0.029573813,0.011049181,-0.004735363,-0.010639193,-0.020376412,0.0014076261,-0.010755356,0.01998009,-0.02041741,-0.005432343,-0.018285472,-0.024517292,-0.022781676,-0.032580394,-0.022166694,-0.0043356246,0.014855238,-0.0064026485,0.0088694105,-0.0047421963,0.00039440006,0.0015656423,0.017957482,0.017807152,-0.03200641,0.00936823,0.002297642,0.016454192,-0.030229794,0.020854732,-0.009340897,-0.023218997,0.0086234175,-0.0016553273,-0.0056544202,-0.0030099964,0.004547452,0.0051385183,0.0028460012,0.02716855,0.012395309,0.010236038,-0.0033106545,-0.0015468511,0.014007929,-0.0024804284,-0.019993756,-0.0040793824,-0.04479804,-0.011445503,-0.022617681,0.017465496,-0.0058423313,0.010222372,0.032799054,0.0027212964,-0.017615825,0.0075096167,-0.020226084,0.0008865994,-0.008220263,0.0038504722,0.0019440273,-0.0024787202,0.026936222,0.005774,-0.01213565,0.0053810948,-0.03665294,0.023177998,0.025760923,-0.011343006,0.009573224,-0.010557195,-0.015128563,0.013884933,-0.0066964733,-0.007584781,0.0011197801,-0.0012504639,0.0033277373,-0.02921849,-0.016071536,0.00021716561,0.0071474602,0.004352708,-0.014226589,-0.031596422,-0.021606376,-0.009634722,0.005340096,0.042638768,-0.030311791,-0.02111439,0.0068433858,0.0065905596,0.019447105,-0.0010352201,0.0017168254,-0.04154547,-0.005972161,0.00496769,-0.02976514,-0.019447105,0.023177998,0.0144179175,0.0008814746,0.03643428,0.008438923,-0.0084457565,0.0015733296,0.0015673506,0.025132274,-0.0016664311,-0.008329593,-0.013823435,0.0080767665,-0.0037616414,0.01821714,0.012067318,-0.02390231,-0.021305718,0.0024804284,0.013652606,0.0028169604,-0.017410832,-0.04824194,-0.019583767,-0.026075248,-0.024831617,-0.010427366,-0.027633203,0.0030937023,-0.0010591361,-0.007741943,0.033127043,-0.00060302427,0.016208198,-0.019857094,0.005473342,-0.0071132947,0.011015016,-0.0038231397,-0.017943816,-0.013420279,-0.012764298,0.005015522,0.028617173,0.0067272224,-0.0036693942,0.0075574485,0.00980555,0.009272566,-0.03793757,-0.010823688,0.0033089463,-0.01627653,-0.01862713,0.003230365,-0.0065598106,-0.0196111,0.0031227432,0.0046226163,-0.010167707,0.020116752,-0.005774,-0.010666525,-0.022412686,-0.008596085,0.034630332,0.004752446,0.026498903,0.02159271,-0.0041237976,-0.024913615,-0.07035397,0.02331466,-0.0024291798,0.020608738,0.033045046,-0.019993756,0.008165598,0.034220345,0.014595578,-0.009190568,-0.039878182,0.0050975196,0.012183482,0.0076052803,-0.0012581511,-0.016686518,-0.014759574,0.012477307,-0.022098362,-0.010591361,-0.015962206,-0.0075437822,-0.042884763,0.013891766,-0.0043151253,0.011575333,0.012436308,-0.007905939,0.007940104,0.00021438964,-0.00043454475,0.015060232,-0.006286485,0.023587985,-0.023464989,0.009074405,-0.008842078,0.033755694,0.0042843763,-0.019091783,0.0031893663,0.037746243,-0.021100724,-0.01224498,0.01259347,0.004885692,0.011732494,0.0035873963,-0.007673612,0.006549561,-0.0026478402,-0.0048515266,0.02584292,0.0075642816,0.021879701,0.010823688,0.0077146105,-0.01638586,0.016221866,0.0057705836,-0.0196521,-0.016290197,-0.008746414,-0.026457902,0.0044176225,0.019857094,-0.01627653,-0.0024923864,0.016098868,0.0034319425,-0.014581912,0.025637927,-0.024421629,-0.005046271,-0.029737808,-0.00588333,0.0058559976,-0.014923569,0.01671385,-0.011629998,-0.02760587,0.0048515266,0.017998481,0.014691243,-0.0046636155,0.019078117,0.018394802,-0.0053537623,-0.013775602,0.011349839,-0.028261852,0.00040016553,-0.020923063,0.019337775,0.00067562633,-0.04307609,0.019255778,-0.0076052803,0.019091783,0.0015519761,-0.051658507,-0.019911759,0.0040144674,0.004772946,0.0032371983,-0.021469714,-0.022850007,-0.012367976,-0.006863885,0.022440018,0.025050277,-0.0054870085,0.021688374,0.028480511,0.015442887,0.015743546,-0.0080152685,0.0077214437,-0.010236038,-0.011705162,-0.01642686,-0.008568753,0.0014776657,0.034329675,-0.014868904,-0.008363758,-0.025501264,-0.0061634886,-0.03845689,-0.018722793,-0.026198244,0.019488104,0.017274167,0.0050667706,-0.012497806,0.009682554,-0.00795377,0.017260501,-0.021551711,-0.013119621,0.010406867,-0.01235431,0.010844187,0.033291038,-0.036789604,-0.017834485,0.0130171245,-0.013413446,0.008630251,0.029601146,-0.010092542,-0.019665767,-0.019296777,0.0064914795,-0.012313311,-0.0026000084,0.024817951,-0.03222507,0.000056640292,-0.0070517967,-0.008165598,0.008732748,0.011049181,0.010967184,0.00888991,0.010475198,0.0022463936,-0.0016066411,0.011588999,-0.0105161965,0.021879701,-0.00035938024,-0.019447105,0.037664246,0.011021849,-0.001136863,-0.005148768,0.008862577,-0.016672852,-0.018791124,0.020854732,-0.014226589,0.010974017,-0.0060644085,0.020267082,-0.027482873,-0.012142483,0.0036215622,-0.0014870613,-0.045372024,-0.00021107984,0.014226589,-0.022590348,0.00047533002,-0.01671385,-0.04813261,-0.013645773,-0.006628142,-0.008001602,-0.023642652,-0.0300658,0.02745554,-0.010133541,-0.0069732154,0.00069569866,0.00450987,0.008042601,0.023096,0.2521154,-0.023519654,-0.0032696556,0.0092589,-0.023519654,0.017588492,0.0066486415,-0.00024641998,0.002447971,-0.00046892397,-0.008343259,0.0130786225,-0.006265986,-0.01642686,0.011971654,-0.05789033,-0.0531618,-0.03050312,-0.008384258,-0.032279734,0.013358781,-0.0028938332,0.005312763,-0.025637927,0.030585118,-0.0060644085,0.011520667,-0.012080984,-0.00797427,0.030885775,-0.03651628,-0.0022634764,0.013468111,0.015606883,-0.021196388,-0.003867555,0.008924075,0.0035805632,0.03214307,0.009867049,0.009443394,-0.026594566,0.02372465,0.008186097,0.012982959,-0.0026290491,-0.01350911,-0.023806646,-0.011664163,0.023014002,-0.011425003,-0.01719217,0.022125695,0.03834756,0.008602918,0.009272566,0.015661549,0.012682301,-0.021155389,0.022713345,-0.025501264,0.03676227,-0.005370845,0.0007892272,-0.011315674,0.008022102,0.007236291,-0.023177998,0.028179854,-0.01642686,0.0037753077,-0.0056544202,-0.026881557,-0.012566137,-0.024585623,-0.021989033,0.01917378,0.012497806,0.007468618,0.025815587,-0.014212923,-0.0033584863,0.008343259,0.0033584863,0.00087976624,-0.03405635,0.03083111,0.00041255058,-0.030749112,0.00019741357,-0.009621056,0.0023659733,-0.013761936,0.0017629492,0.0070996284,-0.002154146,0.0013512527,0.010242871,-0.02218036,-0.009224733,-0.018394802,0.052505817,0.023710983,0.027428208,-0.014431584,-0.025159607,0.004690948,0.0019389024,0.012060485,0.017902816,-0.012094651,-0.014281254,0.0026683398,-0.013447612,-0.01902345,-0.0098465495,-0.002285684,-0.006423148,0.014964568,-0.014677577,0.010680192,-0.026731228,-0.024107303,0.0000506613,-0.0018210307,-0.021510713,-0.0138712665,-0.0013546692,0.012074151,-0.039085537,0.049881894,-0.023464989,0.04296676,-0.0058799135,-0.012566137,0.011302007,0.025856586,0.0062523196,0.011281508,0.0031483674,0.009047072,-0.0054596756,0.01098085,-0.029573813,0.015415555,-0.011097013,-0.0048891087,0.008356925,0.014048927,-0.026826892,-0.027359877,0.0010719482,-0.0014511873,-0.017315166,0.019624766,-0.002393306,-0.0142949205,-0.008582419,0.0029792474,-0.0059994934,-0.05395444,-0.012757465,0.01788915,-0.002929707,-0.0023984308,-0.008404758,-0.17536561,0.015060232,0.0045132865,-0.041736796,-0.0028938332,-0.015347224,-0.011643664,-0.01167783,-0.005955078,0.0055655893,0.008186097,-0.022098362,-0.038402226,-0.021688374,-0.0027879195,0.03129576,-0.006211321,0.0039188038,0.017725155,0.01671385,0.017164838,-0.020185083,-0.022959337,0.002941665,0.01363894,-0.0072567905,0.021155389,-0.0052239327,-0.008958241,-0.0013777311,0.012060485,-0.012402142,0.018750126,0.0071747927,0.010803188,0.017684156,0.0066315588,0.017096506,-0.008664416,0.020280749,0.024626622,0.027154883,-0.016481524,0.012026319,-0.005910663,0.023328327,0.00013431383,-0.017137505,0.0012316728,0.013351948,0.0035293149,-0.04293943,0.05411844,0.0076667788,0.0043151253,0.022112029,0.014909903,0.011233675,0.014622911,0.024189303,0.0053332625,-0.02555593,-0.009949046,0.02111439,0.004540619,0.0030988273,-0.01352961,0.009853383,-0.0068433858,0.011705162,-0.0038299728,-0.0023540154,0.017943816,0.003566897,0.03252573,-0.0032525728,-0.025719924,0.01536089,0.011486501,0.0014819364,-0.0054357597,0.026717562,-0.017315166,0.0053810948,-0.01917378,0.017629491,0.04069816,-0.01176666,-0.007687278,-0.014390585,0.026034249,-0.037992235,-0.00025517493,0.004246794,-0.017137505,0.023956975,-0.025282603,0.006501729,-0.00980555,-0.0038778048,-0.0061259065,-0.00578425,0.016891513,-0.014745908,0.0067203892,0.002603425,-0.0041477135,0.0018876538,0.034548335,-0.022508351,-0.0056305043,0.016754849,0.011541167,0.026635565,-0.0006884385,0.015319891,-0.011110679,-0.03717226,0.028945165,0.0026358822,-0.0029484981,-0.022508351,0.00041959726,-0.00762578,-0.002087523,-0.010557195,-0.07286856,-0.03793757,0.004451788,0.0003598073,-0.016003205,-0.003734309,0.009737219,0.0029963301,-0.017588492,-0.000112426445,-0.018135143,-0.013447612,-0.016891513,0.001738179,0.005042854,0.0029382484,-0.0064573134,-0.017807152,-0.011486501,0.036160957,-0.0068536354,-0.028398514,0.010803188,-0.023560653,-0.008999241,0.013420279,-0.0031944911,0.028671838,0.0077077774,0.017902816,0.013837101,0.007885439,0.0002387327,-0.015688881,-0.0058184154,-0.0051692673,-0.043950733,-0.0029638729,0.030913107,-0.02555593,-0.010680192,0.0046943645,0.026635565,-0.016768515,0.010639193,-0.011916989,-0.023082335,0.020226084,-0.010359034,-0.0068160533,-0.011513834,0.008712249,-0.008773747,-0.0091154035,0.040862154,0.02218036,0.017998481,0.02492728,-0.0033994853,-0.0060780747,0.028972497,-0.034357008,-0.023519654,0.013939598,0.032935716,0.017547494,0.007905939,0.0025163023,-0.016303863,-0.0044996203,-0.019816095,0.02372465,-0.014472582,-0.0037445587,-0.012689134,-0.008965075,-0.0013538151,-0.008575586,0.023137,-0.046929978,-0.017725155,-0.006050742,0.010564028,-0.0027964609,0.009040239,0.0074617844,0.0026837143,-0.026990887,-0.0046806983,-0.026006917,-0.021346718,0.031514425,0.011466002,-0.0060780747,0.008138265,0.005124852,-0.01132934,0.006682807,-0.0070244637,-0.004943774,-0.007120128,-0.022207692,-0.07385253,0.020431077,-0.0057056686,0.0072089587,-0.006669141,-0.009744052,0.0056680865,-0.016959844,-0.012518305,0.003206449,0.0017356166,0.005528007,-0.015046566,0.0053435126,-0.022850007,-0.017998481,0.01085102,-0.016850514,0.0022788509,0.024025306,-0.0037001432,0.0145409135,-0.00008060965,-0.0032269484,0.0119784875,0.009928547,-0.018927786,0.031487092,-0.017998481,0.0014657077,0.02170204,-0.04020617,0.013802935,0.01679585,-0.00028250748,-0.0091154035,0.017902816,0.03331837,0.0105776945,0.032826386,-0.013317782,-0.028343849,0.001978193,0.0008391945,-0.009067572,0.008999241,-0.060240928,0.020950396,0.036379617,-0.035477642,0.008766914,0.022645013,-0.022822674,-0.003127868,-0.0137482695,-0.013126454,0.029792473,0.016768515,-0.01939244,0.017137505,0.018982451,-0.016249198,0.015005567,-0.00648123,0.03181508,-0.013338282,-0.000001152758,0.017971149,0.016563522,-0.015538552,-0.0043117087,0.0076394463,0.011240509,0.038839545,-0.001088177,0.0288905,-0.012197148,-0.0017749071,-0.033236373,0.028234519,0.033482365,-0.019624766,0.0037992236,0.017260501,0.017533828,0.03252573,-0.0038197231,0.013891766,-0.014827905,-0.0061259065,0.0064402306,0.011001349,0.0006717827,0.0135022765,0.019091783,0.009778217,-0.028425846,-0.012695967,0.021756705,0.011226842,0.0023898894,0.0068468023,0.0058867466,-0.005514341,-0.022713345,-0.0011334465,-0.051549178,-0.007960604,0.029737808,-0.002791336,-0.008520921,0.0037855573,0.01869546,0.019132782,-0.029355153,0.009375063,0.021879701,-0.009996878,-0.02690889,0.020034755,-0.002116564,0.011206343,0.0357783,-0.0022771426,0.027154883,0.02878117,-0.013796101,-0.030967772,0.017123839,-0.00773511,0.010208705,-0.021524379,-0.027687868,-0.019515436,-0.017916482,0.012197148,-0.0037206425,0.023833979,-0.019679433,0.052232493,0.011172177,-0.019310443,0.0075506154,0.010290703,-0.0099080475,0.007673612,-0.007919605,-0.023820313,0.017943816,0.017260501,-0.023806646,0.006990298,-0.0025128857,-0.021743039,-0.014103593,-0.0016331195,0.0075506154,0.0127711315,-0.0021917284,0.008787413,0.0068297195,0.015306225,0.0011582166,-0.018299138,0.005941412,0.013433945,-0.014035261,-0.013133287,-0.024394296,-0.00782394,0.0022036864,-0.029327821,-0.0064983126,0.0096620545,-0.028125187,-0.0014409376,-0.023642652,0.0024103888,0.015565884,0.020280749,0.012422642,-0.014472582,-0.017096506,0.010229205,-0.00089428667,-0.004950607,-0.00019912186,-0.022166694]
[{role: assistant, content: [{type: text, text: 您好！我是您的回忆助手，很高兴与您一起回顾过去的时光。  
我想请您回忆一下，您有没有参加过一次难忘的聚会或活动？  
那次聚会的氛围让我至今难忘...  
聚会上有没有特别的表演或节目让您印象深刻...  
您是否和某位重要的人在那次活动中重聚...  }, {type: text, text: }, {type: text, text: }, {type: text, text: false}, {type: text, text: 您好！我是您的回忆助手，很高兴与您一起回顾过去的时光。  
我想请您回忆一下，您有没有参加过一次难忘的聚会或活动？  
那次聚会的氛围让我至今难忘...  
聚会上有没有特别的表演或节目让您印象深刻...  
您是否和某位重要的人在那次活动中重聚...  }]}, {role: assistant, content: [{type: text, text: 您好！我是您的回忆助手，很高兴与您一起回顾过去的时光。  
我想请您回忆一下，有没有一张照片让您想起某个特定的场景？  
那是和家人一起度假的时刻...  
那是我和朋友聚会时捕捉到的瞬间...  
那张照片里有我最喜欢的风景...  }, {type: text, text: }, {type: text, text: }, {type: text, text: false}, {type: text, text: 您好！我是您的回忆助手，很高兴与您一起回顾过去的时光。  
我想请您回忆一下，有没有一张照片让您想起某个特定的场景？  
那是和家人一起度假的时刻...  
那是我和朋友聚会时捕捉到的瞬间...  
那张照片里有我最喜欢的风景...  }]}],[-0.023410324,0.005292264,0.016932512,-0.015811877,-0.015060232,0.033892356,0.0009182027,-0.0032850301,-0.028945165,-0.03061245,-0.017315166,0.018709127,-0.012381643,-0.030694447,-0.017096506,-0.001208611,0.029191157,0.017807152,0.021319384,-0.0145409135,0.011069681,0.023055002,-0.002154146,0.015046566,-0.017902816,-0.0054938416,0.019378774,-0.018681794,0.020909397,-0.0013623565,0.023328327,-0.011110679,-0.0069185505,-0.027523872,-0.004885692,-0.028207187,-0.010564028,0.00097201363,0.026088914,0.011787159,0.013707271,0.008746414,0.012415809,0.02438063,-0.015101231,0.0207864,-0.0072021256,-0.04201012,0.02361532,0.016249198,0.020868398,0.038866878,-0.023150666,-0.009429728,-0.0026358822,-0.009518558,0.012347477,0.05728901,-0.0092998985,-0.026307574,-0.0015451428,0.009231566,-0.025678925,0.006429981,0.018545132,0.0024223467,-0.019952757,-0.010338535,0.023123333,0.014609245,-0.003987135,0.019857094,0.005791083,-0.014021595,0.04911658,-0.014978235,0.0136252735,-0.0051351017,0.009996878,0.00073541625,0.0026358822,-0.023082335,0.009511725,0.040124174,-0.00044842454,0.044169392,-0.00042728454,0.026444236,-0.034603,-0.02921849,0.015989538,0.013925931,0.012873628,0.019187447,0.021661041,0.03083111,-0.0014597287,0.031159101,-0.0033704443,-0.010058376,0.009388729,0.005528007,-0.040725492,-0.009211067,-0.019665767,0.0007264478,0.029027162,0.0031193267,0.012258646,0.014868904,-0.033291038,0.05920229,0.0017065757,-0.003758225,-0.062646195,-0.014827905,0.020144084,-0.017957482,-0.015265226,-0.030475788,-0.00472853,0.031159101,0.0038983042,-0.029409818,0.0044244556,0.016071536,0.014130926,-0.017615825,0.015661549,-0.0058013326,0.047667958,0.0074071195,0.018613463,0.01631753,-0.021729372,0.00993538,-0.007065463,0.008582419,-0.020103086,-0.0050189383,0.0046704486,0.021565378,-0.013105955,-0.01536089,0.019679433,0.031186434,-0.008705416,0.005756917,0.012361143,0.022891006,0.022057364,-0.0041852957,-0.0024189302,0.009812383,0.0036488946,-0.0011343006,-0.0022686012,0.011295174,-0.016768515,-0.03266239,0.006327484,0.025829254,0.013652606,0.0011445503,0.012607136,0.038839545,-0.0039837183,-0.012258646,0.02899983,-0.016208198,-0.035914965,0.018982451,-0.02734621,0.0015494137,-0.016303863,0.0009113695,0.027783532,0.016522523,-0.022002699,-0.011507001,-0.032389063,-0.025378268,0.006908301,0.008910409,-0.01525156,-0.007290956,-0.003536148,-0.017205836,-0.0065837265,-0.0065153954,0.0078034415,0.038839545,-0.006344567,-0.0072499574,-0.6192461,-0.0025641343,0.0016032245,-0.016508857,0.018763792,0.001311108,-0.0050086887,0.018135143,-0.013208452,-0.026990887,-0.02067707,0.025009278,0.008664416,-0.004342458,-0.018681794,-0.011165344,0.0036830604,0.0024155136,0.00048259023,0.0047763623,-0.018613463,0.024899948,-0.0037103929,0.004352708,-0.0127233,-0.0067477217,-0.010126708,-0.0009617639,-0.02815252,0.045071367,-0.031842414,-0.010529863,0.003378986,-0.0094775595,0.058382314,0.015101231,-0.033564363,0.023628986,0.008534587,0.032580394,-0.009211067,0.00041404535,0.012258646,0.0070996284,0.009183735,-0.0055314237,-0.019091783,0.011513834,0.016823182,-0.01455458,-0.003187658,-0.0026734646,-0.004239961,0.00782394,-0.006296735,-0.034657665,0.021620043,-0.030120464,-0.025583262,0.008828412,0.015374556,0.023574319,-0.014404251,-0.02254935,-0.027100218,0.02815252,-0.0024582208,-0.0014144592,-0.0014665618,-0.01756116,0.004492787,0.012825796,-0.0105776945,0.0051966,-0.0029279988,0.010953517,0.020075753,0.0051761004,-0.015183228,0.013843934,0.015893875,-0.018763792,-0.0007687278,-0.018121477,-0.012415809,0.00015257111,-0.03381036,-0.022563016,0.034821663,-0.0012111734,0.0060063265,-0.006330901,-0.000787946,0.0047831954,-0.019242112,0.043868735,-0.032088406,0.009593723,0.011110679,-0.0300658,0.013652606,0.00910857,0.010748523,0.026703896,0.0121629825,0.015456554,-0.029491816,0.004834444,0.03296305,-0.018463133,-0.0013555234,-0.0007290102,0.016440526,-0.031979077,-0.017205836,-0.022235025,0.023300994,0.022522017,0.022535684,-0.002622216,0.0015673506,-0.0070107975,0.0042126286,-0.005821832,0.0134407785,0.02533727,-0.0014050637,-0.0132631175,-0.011008183,0.014308587,0.012053652,-0.01525156,0.014841571,-0.012169816,0.017629491,-0.008240762,0.015497552,-0.005148768,0.030776445,-0.018668128,0.029409818,0.015401889,0.010680192,-0.04362274,-0.027728867,-0.023505988,-0.014089927,-0.0027383792,-0.027769865,0.0034900242,-0.0034678166,-0.0009643263,-0.008069933,0.0152105605,0.000032777698,0.0075096167,-0.0020072337,-0.0063343174,-0.027318878,-0.011520667,0.0034866077,-0.010126708,-0.015169562,-0.0024411378,-0.018449467,-0.028261852,0.0101540405,0.0145409135,-0.017397165,-0.01605787,-0.0173835,-0.0047763623,-0.018203475,-0.029683143,0.015688881,0.023820313,-0.022590348,-0.013891766,0.027305212,-0.016522523,-0.015852876,0.01564788,-0.0028528343,-0.008917242,0.011110679,-0.0019115699,0.010987683,0.012108318,-0.024722286,0.027797198,-0.0055109244,0.033154376,-0.014991901,-0.0080152685,-0.009655221,0.022084696,-0.012238147,0.010769023,0.004919858,0.009183735,0.009026573,-0.008186097,0.022330688,-0.012121984,-0.0039017207,-0.0037445587,0.015429221,-0.0017433038,0.024995612,-0.011746161,0.024681287,-0.020663403,-0.0027691284,-0.0071952925,0.0058867466,0.014964568,0.0042126286,0.010304369,-0.014896236,-0.02514594,0.004144297,-0.009286232,-0.010557195,0.0080152685,-0.013365614,0.009887548,0.013235785,0.016522523,-0.012176649,0.00086823537,0.015060232,0.0058491644,0.012060485,-0.00072303123,-0.008315926,-0.022139361,0.03566897,-0.027291546,0.032607727,-0.0019986923,-0.004325375,0.01784815,0.0015562468,-0.028316516,0.020007422,-0.0054938416,0.015128563,0.014007929,-0.0017526994,0.028097855,-0.009033406,0.026184577,-0.009545892,-0.019078117,0.0081997635,0.0049232747,-0.019447105,0.016344862,0.008739581,0.031131769,-0.011957988,-0.0025914668,0.024421629,0.0053161797,0.0017509911,-0.013837101,-0.00042899282,-0.004981356,-0.030229794,-0.019337775,0.018162476,-0.017684156,-0.009880715,-0.012033152,0.011076514,0.0011565083,0.0128941275,-0.015224228,-0.008281761,-0.0049164416,-0.021879701,-0.03490366,0.01928311,0.0025043443,-0.00023958684,-0.023000335,-0.03501299,0.017219502,-0.008281761,0.00854142,0.002688839,0.012190315,0.00031581902,0.001130884,-0.0016373902,0.027318878,0.0073456215,-0.0082612615,-0.0029279988,-0.015005567,-0.021251053,-0.0035942297,-0.009627889,-0.027441874,0.019365108,-0.0042843763,-0.021278385,0.022481019,-0.008794246,-0.0019713598,-0.017875483,-0.012258646,-0.0044483715,-0.0034848994,0.027264213,0.011356672,-0.018244473,-0.010960351,0.030202461,0.011992154,-0.011459169,-0.017315166,-0.01444525,0.02089573,0.024448961,0.06740206,0.000026798705,-0.013700438,0.019365108,0.014021595,-0.039495528,-0.016768515,0.017369833,-0.015661549,-0.018381136,0.013584275,0.017957482,-0.0034592752,0.020923063,0.002622216,-0.008001602,0.005941412,0.014062594,-0.0127028,-0.008520921,-0.00010730159,0.006669141,0.01631753,-0.0089924075,-0.013775602,0.018340137,0.03129576,0.0049881893,-0.03266239,0.012518305,0.025104942,0.03793757,0.006693057,-0.03211574,0.02815252,0.0018278639,0.014431584,0.026061581,0.0011821325,0.006412898,0.030967772,0.015798211,-0.014021595,0.01631753,-0.021210054,0.0074959504,0.013181119,-0.013112788,0.0016553273,0.004895942,0.027838197,-0.015169562,-0.029573813,0.011049181,-0.004735363,-0.010639193,-0.020376412,0.0014076261,-0.010755356,0.01998009,-0.02041741,-0.005432343,-0.018285472,-0.024517292,-0.022781676,-0.032580394,-0.022166694,-0.0043356246,0.014855238,-0.0064026485,0.0088694105,-0.0047421963,0.00039440006,0.0015656423,0.017957482,0.017807152,-0.03200641,0.00936823,0.002297642,0.016454192,-0.030229794,0.020854732,-0.009340897,-0.023218997,0.0086234175,-0.0016553273,-0.0056544202,-0.0030099964,0.004547452,0.0051385183,0.0028460012,0.02716855,0.012395309,0.010236038,-0.0033106545,-0.0015468511,0.014007929,-0.0024804284,-0.019993756,-0.0040793824,-0.04479804,-0.011445503,-0.022617681,0.017465496,-0.0058423313,0.010222372,0.032799054,0.0027212964,-0.017615825,0.0075096167,-0.020226084,0.0008865994,-0.008220263,0.0038504722,0.0019440273,-0.0024787202,0.026936222,0.005774,-0.01213565,0.0053810948,-0.03665294,0.023177998,0.025760923,-0.011343006,0.009573224,-0.010557195,-0.015128563,0.013884933,-0.0066964733,-0.007584781,0.0011197801,-0.0012504639,0.0033277373,-0.02921849,-0.016071536,0.00021716561,0.0071474602,0.004352708,-0.014226589,-0.031596422,-0.021606376,-0.009634722,0.005340096,0.042638768,-0.030311791,-0.02111439,0.0068433858,0.0065905596,0.019447105,-0.0010352201,0.0017168254,-0.04154547,-0.005972161,0.00496769,-0.02976514,-0.019447105,0.023177998,0.0144179175,0.0008814746,0.03643428,0.008438923,-0.0084457565,0.0015733296,0.0015673506,0.025132274,-0.0016664311,-0.008329593,-0.013823435,0.0080767665,-0.0037616414,0.01821714,0.012067318,-0.02390231,-0.021305718,0.0024804284,0.013652606,0.0028169604,-0.017410832,-0.04824194,-0.019583767,-0.026075248,-0.024831617,-0.010427366,-0.027633203,0.0030937023,-0.0010591361,-0.007741943,0.033127043,-0.00060302427,0.016208198,-0.019857094,0.005473342,-0.0071132947,0.011015016,-0.0038231397,-0.017943816,-0.013420279,-0.012764298,0.005015522,0.028617173,0.0067272224,-0.0036693942,0.0075574485,0.00980555,0.009272566,-0.03793757,-0.010823688,0.0033089463,-0.01627653,-0.01862713,0.003230365,-0.0065598106,-0.0196111,0.0031227432,0.0046226163,-0.010167707,0.020116752,-0.005774,-0.010666525,-0.022412686,-0.008596085,0.034630332,0.004752446,0.026498903,0.02159271,-0.0041237976,-0.024913615,-0.07035397,0.02331466,-0.0024291798,0.020608738,0.033045046,-0.019993756,0.008165598,0.034220345,0.014595578,-0.009190568,-0.039878182,0.0050975196,0.012183482,0.0076052803,-0.0012581511,-0.016686518,-0.014759574,0.012477307,-0.022098362,-0.010591361,-0.015962206,-0.0075437822,-0.042884763,0.013891766,-0.0043151253,0.011575333,0.012436308,-0.007905939,0.007940104,0.00021438964,-0.00043454475,0.015060232,-0.006286485,0.023587985,-0.023464989,0.009074405,-0.008842078,0.033755694,0.0042843763,-0.019091783,0.0031893663,0.037746243,-0.021100724,-0.01224498,0.01259347,0.004885692,0.011732494,0.0035873963,-0.007673612,0.006549561,-0.0026478402,-0.0048515266,0.02584292,0.0075642816,0.021879701,0.010823688,0.0077146105,-0.01638586,0.016221866,0.0057705836,-0.0196521,-0.016290197,-0.008746414,-0.026457902,0.0044176225,0.019857094,-0.01627653,-0.0024923864,0.016098868,0.0034319425,-0.014581912,0.025637927,-0.024421629,-0.005046271,-0.029737808,-0.00588333,0.0058559976,-0.014923569,0.01671385,-0.011629998,-0.02760587,0.0048515266,0.017998481,0.014691243,-0.0046636155,0.019078117,0.018394802,-0.0053537623,-0.013775602,0.011349839,-0.028261852,0.00040016553,-0.020923063,0.019337775,0.00067562633,-0.04307609,0.019255778,-0.0076052803,0.019091783,0.0015519761,-0.051658507,-0.019911759,0.0040144674,0.004772946,0.0032371983,-0.021469714,-0.022850007,-0.012367976,-0.006863885,0.022440018,0.025050277,-0.0054870085,0.021688374,0.028480511,0.015442887,0.015743546,-0.0080152685,0.0077214437,-0.010236038,-0.011705162,-0.01642686,-0.008568753,0.0014776657,0.034329675,-0.014868904,-0.008363758,-0.025501264,-0.0061634886,-0.03845689,-0.018722793,-0.026198244,0.019488104,0.017274167,0.0050667706,-0.012497806,0.009682554,-0.00795377,0.017260501,-0.021551711,-0.013119621,0.010406867,-0.01235431,0.010844187,0.033291038,-0.036789604,-0.017834485,0.0130171245,-0.013413446,0.008630251,0.029601146,-0.010092542,-0.019665767,-0.019296777,0.0064914795,-0.012313311,-0.0026000084,0.024817951,-0.03222507,0.000056640292,-0.0070517967,-0.008165598,0.008732748,0.011049181,0.010967184,0.00888991,0.010475198,0.0022463936,-0.0016066411,0.011588999,-0.0105161965,0.021879701,-0.00035938024,-0.019447105,0.037664246,0.011021849,-0.001136863,-0.005148768,0.008862577,-0.016672852,-0.018791124,0.020854732,-0.014226589,0.010974017,-0.0060644085,0.020267082,-0.027482873,-0.012142483,0.0036215622,-0.0014870613,-0.045372024,-0.00021107984,0.014226589,-0.022590348,0.00047533002,-0.01671385,-0.04813261,-0.013645773,-0.006628142,-0.008001602,-0.023642652,-0.0300658,0.02745554,-0.010133541,-0.0069732154,0.00069569866,0.00450987,0.008042601,0.023096,0.2521154,-0.023519654,-0.0032696556,0.0092589,-0.023519654,0.017588492,0.0066486415,-0.00024641998,0.002447971,-0.00046892397,-0.008343259,0.0130786225,-0.006265986,-0.01642686,0.011971654,-0.05789033,-0.0531618,-0.03050312,-0.008384258,-0.032279734,0.013358781,-0.0028938332,0.005312763,-0.025637927,0.030585118,-0.0060644085,0.011520667,-0.012080984,-0.00797427,0.030885775,-0.03651628,-0.0022634764,0.013468111,0.015606883,-0.021196388,-0.003867555,0.008924075,0.0035805632,0.03214307,0.009867049,0.009443394,-0.026594566,0.02372465,0.008186097,0.012982959,-0.0026290491,-0.01350911,-0.023806646,-0.011664163,0.023014002,-0.011425003,-0.01719217,0.022125695,0.03834756,0.008602918,0.009272566,0.015661549,0.012682301,-0.021155389,0.022713345,-0.025501264,0.03676227,-0.005370845,0.0007892272,-0.011315674,0.008022102,0.007236291,-0.023177998,0.028179854,-0.01642686,0.0037753077,-0.0056544202,-0.026881557,-0.012566137,-0.024585623,-0.021989033,0.01917378,0.012497806,0.007468618,0.025815587,-0.014212923,-0.0033584863,0.008343259,0.0033584863,0.00087976624,-0.03405635,0.03083111,0.00041255058,-0.030749112,0.00019741357,-0.009621056,0.0023659733,-0.013761936,0.0017629492,0.0070996284,-0.002154146,0.0013512527,0.010242871,-0.02218036,-0.009224733,-0.018394802,0.052505817,0.023710983,0.027428208,-0.014431584,-0.025159607,0.004690948,0.0019389024,0.012060485,0.017902816,-0.012094651,-0.014281254,0.0026683398,-0.013447612,-0.01902345,-0.0098465495,-0.002285684,-0.006423148,0.014964568,-0.014677577,0.010680192,-0.026731228,-0.024107303,0.0000506613,-0.0018210307,-0.021510713,-0.0138712665,-0.0013546692,0.012074151,-0.039085537,0.049881894,-0.023464989,0.04296676,-0.0058799135,-0.012566137,0.011302007,0.025856586,0.0062523196,0.011281508,0.0031483674,0.009047072,-0.0054596756,0.01098085,-0.029573813,0.015415555,-0.011097013,-0.0048891087,0.008356925,0.014048927,-0.026826892,-0.027359877,0.0010719482,-0.0014511873,-0.017315166,0.019624766,-0.002393306,-0.0142949205,-0.008582419,0.0029792474,-0.0059994934,-0.05395444,-0.012757465,0.01788915,-0.002929707,-0.0023984308,-0.008404758,-0.17536561,0.015060232,0.0045132865,-0.041736796,-0.0028938332,-0.015347224,-0.011643664,-0.01167783,-0.005955078,0.0055655893,0.008186097,-0.022098362,-0.038402226,-0.021688374,-0.0027879195,0.03129576,-0.006211321,0.0039188038,0.017725155,0.01671385,0.017164838,-0.020185083,-0.022959337,0.002941665,0.01363894,-0.0072567905,0.021155389,-0.0052239327,-0.008958241,-0.0013777311,0.012060485,-0.012402142,0.018750126,0.0071747927,0.010803188,0.017684156,0.0066315588,0.017096506,-0.008664416,0.020280749,0.024626622,0.027154883,-0.016481524,0.012026319,-0.005910663,0.023328327,0.00013431383,-0.017137505,0.0012316728,0.013351948,0.0035293149,-0.04293943,0.05411844,0.0076667788,0.0043151253,0.022112029,0.014909903,0.011233675,0.014622911,0.024189303,0.0053332625,-0.02555593,-0.009949046,0.02111439,0.004540619,0.0030988273,-0.01352961,0.009853383,-0.0068433858,0.011705162,-0.0038299728,-0.0023540154,0.017943816,0.003566897,0.03252573,-0.0032525728,-0.025719924,0.01536089,0.011486501,0.0014819364,-0.0054357597,0.026717562,-0.017315166,0.0053810948,-0.01917378,0.017629491,0.04069816,-0.01176666,-0.007687278,-0.014390585,0.026034249,-0.037992235,-0.00025517493,0.004246794,-0.017137505,0.023956975,-0.025282603,0.006501729,-0.00980555,-0.0038778048,-0.0061259065,-0.00578425,0.016891513,-0.014745908,0.0067203892,0.002603425,-0.0041477135,0.0018876538,0.034548335,-0.022508351,-0.0056305043,0.016754849,0.011541167,0.026635565,-0.0006884385,0.015319891,-0.011110679,-0.03717226,0.028945165,0.0026358822,-0.0029484981,-0.022508351,0.00041959726,-0.00762578,-0.002087523,-0.010557195,-0.07286856,-0.03793757,0.004451788,0.0003598073,-0.016003205,-0.003734309,0.009737219,0.0029963301,-0.017588492,-0.000112426445,-0.018135143,-0.013447612,-0.016891513,0.001738179,0.005042854,0.0029382484,-0.0064573134,-0.017807152,-0.011486501,0.036160957,-0.0068536354,-0.028398514,0.010803188,-0.023560653,-0.008999241,0.013420279,-0.0031944911,0.028671838,0.0077077774,0.017902816,0.013837101,0.007885439,0.0002387327,-0.015688881,-0.0058184154,-0.0051692673,-0.043950733,-0.0029638729,0.030913107,-0.02555593,-0.010680192,0.0046943645,0.026635565,-0.016768515,0.010639193,-0.011916989,-0.023082335,0.020226084,-0.010359034,-0.0068160533,-0.011513834,0.008712249,-0.008773747,-0.0091154035,0.040862154,0.02218036,0.017998481,0.02492728,-0.0033994853,-0.0060780747,0.028972497,-0.034357008,-0.023519654,0.013939598,0.032935716,0.017547494,0.007905939,0.0025163023,-0.016303863,-0.0044996203,-0.019816095,0.02372465,-0.014472582,-0.0037445587,-0.012689134,-0.008965075,-0.0013538151,-0.008575586,0.023137,-0.046929978,-0.017725155,-0.006050742,0.010564028,-0.0027964609,0.009040239,0.0074617844,0.0026837143,-0.026990887,-0.0046806983,-0.026006917,-0.021346718,0.031514425,0.011466002,-0.0060780747,0.008138265,0.005124852,-0.01132934,0.006682807,-0.0070244637,-0.004943774,-0.007120128,-0.022207692,-0.07385253,0.020431077,-0.0057056686,0.0072089587,-0.006669141,-0.009744052,0.0056680865,-0.016959844,-0.012518305,0.003206449,0.0017356166,0.005528007,-0.015046566,0.0053435126,-0.022850007,-0.017998481,0.01085102,-0.016850514,0.0022788509,0.024025306,-0.0037001432,0.0145409135,-0.00008060965,-0.0032269484,0.0119784875,0.009928547,-0.018927786,0.031487092,-0.017998481,0.0014657077,0.02170204,-0.04020617,0.013802935,0.01679585,-0.00028250748,-0.0091154035,0.017902816,0.03331837,0.0105776945,0.032826386,-0.013317782,-0.028343849,0.001978193,0.0008391945,-0.009067572,0.008999241,-0.060240928,0.020950396,0.036379617,-0.035477642,0.008766914,0.022645013,-0.022822674,-0.003127868,-0.0137482695,-0.013126454,0.029792473,0.016768515,-0.01939244,0.017137505,0.018982451,-0.016249198,0.015005567,-0.00648123,0.03181508,-0.013338282,-0.000001152758,0.017971149,0.016563522,-0.015538552,-0.0043117087,0.0076394463,0.011240509,0.038839545,-0.001088177,0.0288905,-0.012197148,-0.0017749071,-0.033236373,0.028234519,0.033482365,-0.019624766,0.0037992236,0.017260501,0.017533828,0.03252573,-0.0038197231,0.013891766,-0.014827905,-0.0061259065,0.0064402306,0.011001349,0.0006717827,0.0135022765,0.019091783,0.009778217,-0.028425846,-0.012695967,0.021756705,0.011226842,0.0023898894,0.0068468023,0.0058867466,-0.005514341,-0.022713345,-0.0011334465,-0.051549178,-0.007960604,0.029737808,-0.002791336,-0.008520921,0.0037855573,0.01869546,0.019132782,-0.029355153,0.009375063,0.021879701,-0.009996878,-0.02690889,0.020034755,-0.002116564,0.011206343,0.0357783,-0.0022771426,0.027154883,0.02878117,-0.013796101,-0.030967772,0.017123839,-0.00773511,0.010208705,-0.021524379,-0.027687868,-0.019515436,-0.017916482,0.012197148,-0.0037206425,0.023833979,-0.019679433,0.052232493,0.011172177,-0.019310443,0.0075506154,0.010290703,-0.0099080475,0.007673612,-0.007919605,-0.023820313,0.017943816,0.017260501,-0.023806646,0.006990298,-0.0025128857,-0.021743039,-0.014103593,-0.0016331195,0.0075506154,0.0127711315,-0.0021917284,0.008787413,0.0068297195,0.015306225,0.0011582166,-0.018299138,0.005941412,0.013433945,-0.014035261,-0.013133287,-0.024394296,-0.00782394,0.0022036864,-0.029327821,-0.0064983126,0.0096620545,-0.028125187,-0.0014409376,-0.023642652,0.0024103888,0.015565884,0.020280749,0.012422642,-0.014472582,-0.017096506,0.010229205,-0.00089428667,-0.004950607,-0.00019912186,-0.022166694]
[{role: assistant, content: [{type: text, text: 您好！我是您的回忆助手，很高兴与您一起回顾过去的时光。  
我想请您回忆一下，您有没有参加过一次难忘的聚会或活动？  
那次聚会的氛围让我至今难忘...  
聚会上有没有特别的表演或节目让您印象深刻...  
您是否和某位重要的人在那次活动中重聚...  }, {type: text, text: }, {type: text, text: }, {type: text, text: false}, {type: text, text: 您好！我是您的回忆助手，很高兴与您一起回顾过去的时光。  
我想请您回忆一下，您有没有参加过一次难忘的聚会或活动？  
那次聚会的氛围让我至今难忘...  
聚会上有没有特别的表演或节目让您印象深刻...  
您是否和某位重要的人在那次活动中重聚...  }]}, {role: assistant, content: [{type: text, text: 您好！我是您的回忆助手，很高兴与您一起回顾过去的时光。  
我想请您回忆一下，有没有一张照片让您想起某个特定的场景？  
那是和家人一起度假的时刻...  
那是我和朋友聚会时捕捉到的瞬间...  
那张照片里有我最喜欢的风景...  }, {type: text, text: }, {type: text, text: }, {type: text, text: false}, {type: text, text: 您好！我是您的回忆助手，很高兴与您一起回顾过去的时光。  
我想请您回忆一下，有没有一张照片让您想起某个特定的场景？  
那是和家人一起度假的时刻...  
那是我和朋友聚会时捕捉到的瞬间...  
那张照片里有我最喜欢的风景...  }]}],[-0.023410324,0.005292264,0.016932512,-0.015811877,-0.015060232,0.033892356,0.0009182027,-0.0032850301,-0.028945165,-0.03061245,-0.017315166,0.018709127,-0.012381643,-0.030694447,-0.017096506,-0.001208611,0.029191157,0.017807152,0.021319384,-0.0145409135,0.011069681,0.023055002,-0.002154146,0.015046566,-0.017902816,-0.0054938416,0.019378774,-0.018681794,0.020909397,-0.0013623565,0.023328327,-0.011110679,-0.0069185505,-0.027523872,-0.004885692,-0.028207187,-0.010564028,0.00097201363,0.026088914,0.011787159,0.013707271,0.008746414,0.012415809,0.02438063,-0.015101231,0.0207864,-0.0072021256,-0.04201012,0.02361532,0.016249198,0.020868398,0.038866878,-0.023150666,-0.009429728,-0.0026358822,-0.009518558,0.012347477,0.05728901,-0.0092998985,-0.026307574,-0.0015451428,0.009231566,-0.025678925,0.006429981,0.018545132,0.0024223467,-0.019952757,-0.010338535,0.023123333,0.014609245,-0.003987135,0.019857094,0.005791083,-0.014021595,0.04911658,-0.014978235,0.0136252735,-0.0051351017,0.009996878,0.00073541625,0.0026358822,-0.023082335,0.009511725,0.040124174,-0.00044842454,0.044169392,-0.00042728454,0.026444236,-0.034603,-0.02921849,0.015989538,0.013925931,0.012873628,0.019187447,0.021661041,0.03083111,-0.0014597287,0.031159101,-0.0033704443,-0.010058376,0.009388729,0.005528007,-0.040725492,-0.009211067,-0.019665767,0.0007264478,0.029027162,0.0031193267,0.012258646,0.014868904,-0.033291038,0.05920229,0.0017065757,-0.003758225,-0.062646195,-0.014827905,0.020144084,-0.017957482,-0.015265226,-0.030475788,-0.00472853,0.031159101,0.0038983042,-0.029409818,0.0044244556,0.016071536,0.014130926,-0.017615825,0.015661549,-0.0058013326,0.047667958,0.0074071195,0.018613463,0.01631753,-0.021729372,0.00993538,-0.007065463,0.008582419,-0.020103086,-0.0050189383,0.0046704486,0.021565378,-0.013105955,-0.01536089,0.019679433,0.031186434,-0.008705416,0.005756917,0.012361143,0.022891006,0.022057364,-0.0041852957,-0.0024189302,0.009812383,0.0036488946,-0.0011343006,-0.0022686012,0.011295174,-0.016768515,-0.03266239,0.006327484,0.025829254,0.013652606,0.0011445503,0.012607136,0.038839545,-0.0039837183,-0.012258646,0.02899983,-0.016208198,-0.035914965,0.018982451,-0.02734621,0.0015494137,-0.016303863,0.0009113695,0.027783532,0.016522523,-0.022002699,-0.011507001,-0.032389063,-0.025378268,0.006908301,0.008910409,-0.01525156,-0.007290956,-0.003536148,-0.017205836,-0.0065837265,-0.0065153954,0.0078034415,0.038839545,-0.006344567,-0.0072499574,-0.6192461,-0.0025641343,0.0016032245,-0.016508857,0.018763792,0.001311108,-0.0050086887,0.018135143,-0.013208452,-0.026990887,-0.02067707,0.025009278,0.008664416,-0.004342458,-0.018681794,-0.011165344,0.0036830604,0.0024155136,0.00048259023,0.0047763623,-0.018613463,0.024899948,-0.0037103929,0.004352708,-0.0127233,-0.0067477217,-0.010126708,-0.0009617639,-0.02815252,0.045071367,-0.031842414,-0.010529863,0.003378986,-0.0094775595,0.058382314,0.015101231,-0.033564363,0.023628986,0.008534587,0.032580394,-0.009211067,0.00041404535,0.012258646,0.0070996284,0.009183735,-0.0055314237,-0.019091783,0.011513834,0.016823182,-0.01455458,-0.003187658,-0.0026734646,-0.004239961,0.00782394,-0.006296735,-0.034657665,0.021620043,-0.030120464,-0.025583262,0.008828412,0.015374556,0.023574319,-0.014404251,-0.02254935,-0.027100218,0.02815252,-0.0024582208,-0.0014144592,-0.0014665618,-0.01756116,0.004492787,0.012825796,-0.0105776945,0.0051966,-0.0029279988,0.010953517,0.020075753,0.0051761004,-0.015183228,0.013843934,0.015893875,-0.018763792,-0.0007687278,-0.018121477,-0.012415809,0.00015257111,-0.03381036,-0.022563016,0.034821663,-0.0012111734,0.0060063265,-0.006330901,-0.000787946,0.0047831954,-0.019242112,0.043868735,-0.032088406,0.009593723,0.011110679,-0.0300658,0.013652606,0.00910857,0.010748523,0.026703896,0.0121629825,0.015456554,-0.029491816,0.004834444,0.03296305,-0.018463133,-0.0013555234,-0.0007290102,0.016440526,-0.031979077,-0.017205836,-0.022235025,0.023300994,0.022522017,0.022535684,-0.002622216,0.0015673506,-0.0070107975,0.0042126286,-0.005821832,0.0134407785,0.02533727,-0.0014050637,-0.0132631175,-0.011008183,0.014308587,0.012053652,-0.01525156,0.014841571,-0.012169816,0.017629491,-0.008240762,0.015497552,-0.005148768,0.030776445,-0.018668128,0.029409818,0.015401889,0.010680192,-0.04362274,-0.027728867,-0.023505988,-0.014089927,-0.0027383792,-0.027769865,0.0034900242,-0.0034678166,-0.0009643263,-0.008069933,0.0152105605,0.000032777698,0.0075096167,-0.0020072337,-0.0063343174,-0.027318878,-0.011520667,0.0034866077,-0.010126708,-0.015169562,-0.0024411378,-0.018449467,-0.028261852,0.0101540405,0.0145409135,-0.017397165,-0.01605787,-0.0173835,-0.0047763623,-0.018203475,-0.029683143,0.015688881,0.023820313,-0.022590348,-0.013891766,0.027305212,-0.016522523,-0.015852876,0.01564788,-0.0028528343,-0.008917242,0.011110679,-0.0019115699,0.010987683,0.012108318,-0.024722286,0.027797198,-0.0055109244,0.033154376,-0.014991901,-0.0080152685,-0.009655221,0.022084696,-0.012238147,0.010769023,0.004919858,0.009183735,0.009026573,-0.008186097,0.022330688,-0.012121984,-0.0039017207,-0.0037445587,0.015429221,-0.0017433038,0.024995612,-0.011746161,0.024681287,-0.020663403,-0.0027691284,-0.0071952925,0.0058867466,0.014964568,0.0042126286,0.010304369,-0.014896236,-0.02514594,0.004144297,-0.009286232,-0.010557195,0.0080152685,-0.013365614,0.009887548,0.013235785,0.016522523,-0.012176649,0.00086823537,0.015060232,0.0058491644,0.012060485,-0.00072303123,-0.008315926,-0.022139361,0.03566897,-0.027291546,0.032607727,-0.0019986923,-0.004325375,0.01784815,0.0015562468,-0.028316516,0.020007422,-0.0054938416,0.015128563,0.014007929,-0.0017526994,0.028097855,-0.009033406,0.026184577,-0.009545892,-0.019078117,0.0081997635,0.0049232747,-0.019447105,0.016344862,0.008739581,0.031131769,-0.011957988,-0.0025914668,0.024421629,0.0053161797,0.0017509911,-0.013837101,-0.00042899282,-0.004981356,-0.030229794,-0.019337775,0.018162476,-0.017684156,-0.009880715,-0.012033152,0.011076514,0.0011565083,0.0128941275,-0.015224228,-0.008281761,-0.0049164416,-0.021879701,-0.03490366,0.01928311,0.0025043443,-0.00023958684,-0.023000335,-0.03501299,0.017219502,-0.008281761,0.00854142,0.002688839,0.012190315,0.00031581902,0.001130884,-0.0016373902,0.027318878,0.0073456215,-0.0082612615,-0.0029279988,-0.015005567,-0.021251053,-0.0035942297,-0.009627889,-0.027441874,0.019365108,-0.0042843763,-0.021278385,0.022481019,-0.008794246,-0.0019713598,-0.017875483,-0.012258646,-0.0044483715,-0.0034848994,0.027264213,0.011356672,-0.018244473,-0.010960351,0.030202461,0.011992154,-0.011459169,-0.017315166,-0.01444525,0.02089573,0.024448961,0.06740206,0.000026798705,-0.013700438,0.019365108,0.014021595,-0.039495528,-0.016768515,0.017369833,-0.015661549,-0.018381136,0.013584275,0.017957482,-0.0034592752,0.020923063,0.002622216,-0.008001602,0.005941412,0.014062594,-0.0127028,-0.008520921,-0.00010730159,0.006669141,0.01631753,-0.0089924075,-0.013775602,0.018340137,0.03129576,0.0049881893,-0.03266239,0.012518305,0.025104942,0.03793757,0.006693057,-0.03211574,0.02815252,0.0018278639,0.014431584,0.026061581,0.0011821325,0.006412898,0.030967772,0.015798211,-0.014021595,0.01631753,-0.021210054,0.0074959504,0.013181119,-0.013112788,0.0016553273,0.004895942,0.027838197,-0.015169562,-0.029573813,0.011049181,-0.004735363,-0.010639193,-0.020376412,0.0014076261,-0.010755356,0.01998009,-0.02041741,-0.005432343,-0.018285472,-0.024517292,-0.022781676,-0.032580394,-0.022166694,-0.0043356246,0.014855238,-0.0064026485,0.0088694105,-0.0047421963,0.00039440006,0.0015656423,0.017957482,0.017807152,-0.03200641,0.00936823,0.002297642,0.016454192,-0.030229794,0.020854732,-0.009340897,-0.023218997,0.0086234175,-0.0016553273,-0.0056544202,-0.0030099964,0.004547452,0.0051385183,0.0028460012,0.02716855,0.012395309,0.010236038,-0.0033106545,-0.0015468511,0.014007929,-0.0024804284,-0.019993756,-0.0040793824,-0.04479804,-0.011445503,-0.022617681,0.017465496,-0.0058423313,0.010222372,0.032799054,0.0027212964,-0.017615825,0.0075096167,-0.020226084,0.0008865994,-0.008220263,0.0038504722,0.0019440273,-0.0024787202,0.026936222,0.005774,-0.01213565,0.0053810948,-0.03665294,0.023177998,0.025760923,-0.011343006,0.009573224,-0.010557195,-0.015128563,0.013884933,-0.0066964733,-0.007584781,0.0011197801,-0.0012504639,0.0033277373,-0.02921849,-0.016071536,0.00021716561,0.0071474602,0.004352708,-0.014226589,-0.031596422,-0.021606376,-0.009634722,0.005340096,0.042638768,-0.030311791,-0.02111439,0.0068433858,0.0065905596,0.019447105,-0.0010352201,0.0017168254,-0.04154547,-0.005972161,0.00496769,-0.02976514,-0.019447105,0.023177998,0.0144179175,0.0008814746,0.03643428,0.008438923,-0.0084457565,0.0015733296,0.0015673506,0.025132274,-0.0016664311,-0.008329593,-0.013823435,0.0080767665,-0.0037616414,0.01821714,0.012067318,-0.02390231,-0.021305718,0.0024804284,0.013652606,0.0028169604,-0.017410832,-0.04824194,-0.019583767,-0.026075248,-0.024831617,-0.010427366,-0.027633203,0.0030937023,-0.0010591361,-0.007741943,0.033127043,-0.00060302427,0.016208198,-0.019857094,0.005473342,-0.0071132947,0.011015016,-0.0038231397,-0.017943816,-0.013420279,-0.012764298,0.005015522,0.028617173,0.0067272224,-0.0036693942,0.0075574485,0.00980555,0.009272566,-0.03793757,-0.010823688,0.0033089463,-0.01627653,-0.01862713,0.003230365,-0.0065598106,-0.0196111,0.0031227432,0.0046226163,-0.010167707,0.020116752,-0.005774,-0.010666525,-0.022412686,-0.008596085,0.034630332,0.004752446,0.026498903,0.02159271,-0.0041237976,-0.024913615,-0.07035397,0.02331466,-0.0024291798,0.020608738,0.033045046,-0.019993756,0.008165598,0.034220345,0.014595578,-0.009190568,-0.039878182,0.0050975196,0.012183482,0.0076052803,-0.0012581511,-0.016686518,-0.014759574,0.012477307,-0.022098362,-0.010591361,-0.015962206,-0.0075437822,-0.042884763,0.013891766,-0.0043151253,0.011575333,0.012436308,-0.007905939,0.007940104,0.00021438964,-0.00043454475,0.015060232,-0.006286485,0.023587985,-0.023464989,0.009074405,-0.008842078,0.033755694,0.0042843763,-0.019091783,0.0031893663,0.037746243,-0.021100724,-0.01224498,0.01259347,0.004885692,0.011732494,0.0035873963,-0.007673612,0.006549561,-0.0026478402,-0.0048515266,0.02584292,0.0075642816,0.021879701,0.010823688,0.0077146105,-0.01638586,0.016221866,0.0057705836,-0.0196521,-0.016290197,-0.008746414,-0.026457902,0.0044176225,0.019857094,-0.01627653,-0.0024923864,0.016098868,0.0034319425,-0.014581912,0.025637927,-0.024421629,-0.005046271,-0.029737808,-0.00588333,0.0058559976,-0.014923569,0.01671385,-0.011629998,-0.02760587,0.0048515266,0.017998481,0.014691243,-0.0046636155,0.019078117,0.018394802,-0.0053537623,-0.013775602,0.011349839,-0.028261852,0.00040016553,-0.020923063,0.019337775,0.00067562633,-0.04307609,0.019255778,-0.0076052803,0.019091783,0.0015519761,-0.051658507,-0.019911759,0.0040144674,0.004772946,0.0032371983,-0.021469714,-0.022850007,-0.012367976,-0.006863885,0.022440018,0.025050277,-0.0054870085,0.021688374,0.028480511,0.015442887,0.015743546,-0.0080152685,0.0077214437,-0.010236038,-0.011705162,-0.01642686,-0.008568753,0.0014776657,0.034329675,-0.014868904,-0.008363758,-0.025501264,-0.0061634886,-0.03845689,-0.018722793,-0.026198244,0.019488104,0.017274167,0.0050667706,-0.012497806,0.009682554,-0.00795377,0.017260501,-0.021551711,-0.013119621,0.010406867,-0.01235431,0.010844187,0.033291038,-0.036789604,-0.017834485,0.0130171245,-0.013413446,0.008630251,0.029601146,-0.010092542,-0.019665767,-0.019296777,0.0064914795,-0.012313311,-0.0026000084,0.024817951,-0.03222507,0.000056640292,-0.0070517967,-0.008165598,0.008732748,0.011049181,0.010967184,0.00888991,0.010475198,0.0022463936,-0.0016066411,0.011588999,-0.0105161965,0.021879701,-0.00035938024,-0.019447105,0.037664246,0.011021849,-0.001136863,-0.005148768,0.008862577,-0.016672852,-0.018791124,0.020854732,-0.014226589,0.010974017,-0.0060644085,0.020267082,-0.027482873,-0.012142483,0.0036215622,-0.0014870613,-0.045372024,-0.00021107984,0.014226589,-0.022590348,0.00047533002,-0.01671385,-0.04813261,-0.013645773,-0.006628142,-0.008001602,-0.023642652,-0.0300658,0.02745554,-0.010133541,-0.0069732154,0.00069569866,0.00450987,0.008042601,0.023096,0.2521154,-0.023519654,-0.0032696556,0.0092589,-0.023519654,0.017588492,0.0066486415,-0.00024641998,0.002447971,-0.00046892397,-0.008343259,0.0130786225,-0.006265986,-0.01642686,0.011971654,-0.05789033,-0.0531618,-0.03050312,-0.008384258,-0.032279734,0.013358781,-0.0028938332,0.005312763,-0.025637927,0.030585118,-0.0060644085,0.011520667,-0.012080984,-0.00797427,0.030885775,-0.03651628,-0.0022634764,0.013468111,0.015606883,-0.021196388,-0.003867555,0.008924075,0.0035805632,0.03214307,0.009867049,0.009443394,-0.026594566,0.02372465,0.008186097,0.012982959,-0.0026290491,-0.01350911,-0.023806646,-0.011664163,0.023014002,-0.011425003,-0.01719217,0.022125695,0.03834756,0.008602918,0.009272566,0.015661549,0.012682301,-0.021155389,0.022713345,-0.025501264,0.03676227,-0.005370845,0.0007892272,-0.011315674,0.008022102,0.007236291,-0.023177998,0.028179854,-0.01642686,0.0037753077,-0.0056544202,-0.026881557,-0.012566137,-0.024585623,-0.021989033,0.01917378,0.012497806,0.007468618,0.025815587,-0.014212923,-0.0033584863,0.008343259,0.0033584863,0.00087976624,-0.03405635,0.03083111,0.00041255058,-0.030749112,0.00019741357,-0.009621056,0.0023659733,-0.013761936,0.0017629492,0.0070996284,-0.002154146,0.0013512527,0.010242871,-0.02218036,-0.009224733,-0.018394802,0.052505817,0.023710983,0.027428208,-0.014431584,-0.025159607,0.004690948,0.0019389024,0.012060485,0.017902816,-0.012094651,-0.014281254,0.0026683398,-0.013447612,-0.01902345,-0.0098465495,-0.002285684,-0.006423148,0.014964568,-0.014677577,0.010680192,-0.026731228,-0.024107303,0.0000506613,-0.0018210307,-0.021510713,-0.0138712665,-0.0013546692,0.012074151,-0.039085537,0.049881894,-0.023464989,0.04296676,-0.0058799135,-0.012566137,0.011302007,0.025856586,0.0062523196,0.011281508,0.0031483674,0.009047072,-0.0054596756,0.01098085,-0.029573813,0.015415555,-0.011097013,-0.0048891087,0.008356925,0.014048927,-0.026826892,-0.027359877,0.0010719482,-0.0014511873,-0.017315166,0.019624766,-0.002393306,-0.0142949205,-0.008582419,0.0029792474,-0.0059994934,-0.05395444,-0.012757465,0.01788915,-0.002929707,-0.0023984308,-0.008404758,-0.17536561,0.015060232,0.0045132865,-0.041736796,-0.0028938332,-0.015347224,-0.011643664,-0.01167783,-0.005955078,0.0055655893,0.008186097,-0.022098362,-0.038402226,-0.021688374,-0.0027879195,0.03129576,-0.006211321,0.0039188038,0.017725155,0.01671385,0.017164838,-0.020185083,-0.022959337,0.002941665,0.01363894,-0.0072567905,0.021155389,-0.0052239327,-0.008958241,-0.0013777311,0.012060485,-0.012402142,0.018750126,0.0071747927,0.010803188,0.017684156,0.0066315588,0.017096506,-0.008664416,0.020280749,0.024626622,0.027154883,-0.016481524,0.012026319,-0.005910663,0.023328327,0.00013431383,-0.017137505,0.0012316728,0.013351948,0.0035293149,-0.04293943,0.05411844,0.0076667788,0.0043151253,0.022112029,0.014909903,0.011233675,0.014622911,0.024189303,0.0053332625,-0.02555593,-0.009949046,0.02111439,0.004540619,0.0030988273,-0.01352961,0.009853383,-0.0068433858,0.011705162,-0.0038299728,-0.0023540154,0.017943816,0.003566897,0.03252573,-0.0032525728,-0.025719924,0.01536089,0.011486501,0.0014819364,-0.0054357597,0.026717562,-0.017315166,0.0053810948,-0.01917378,0.017629491,0.04069816,-0.01176666,-0.007687278,-0.014390585,0.026034249,-0.037992235,-0.00025517493,0.004246794,-0.017137505,0.023956975,-0.025282603,0.006501729,-0.00980555,-0.0038778048,-0.0061259065,-0.00578425,0.016891513,-0.014745908,0.0067203892,0.002603425,-0.0041477135,0.0018876538,0.034548335,-0.022508351,-0.0056305043,0.016754849,0.011541167,0.026635565,-0.0006884385,0.015319891,-0.011110679,-0.03717226,0.028945165,0.0026358822,-0.0029484981,-0.022508351,0.00041959726,-0.00762578,-0.002087523,-0.010557195,-0.07286856,-0.03793757,0.004451788,0.0003598073,-0.016003205,-0.003734309,0.009737219,0.0029963301,-0.017588492,-0.000112426445,-0.018135143,-0.013447612,-0.016891513,0.001738179,0.005042854,0.0029382484,-0.0064573134,-0.017807152,-0.011486501,0.036160957,-0.0068536354,-0.028398514,0.010803188,-0.023560653,-0.008999241,0.013420279,-0.0031944911,0.028671838,0.0077077774,0.017902816,0.013837101,0.007885439,0.0002387327,-0.015688881,-0.0058184154,-0.0051692673,-0.043950733,-0.0029638729,0.030913107,-0.02555593,-0.010680192,0.0046943645,0.026635565,-0.016768515,0.010639193,-0.011916989,-0.023082335,0.020226084,-0.010359034,-0.0068160533,-0.011513834,0.008712249,-0.008773747,-0.0091154035,0.040862154,0.02218036,0.017998481,0.02492728,-0.0033994853,-0.0060780747,0.028972497,-0.034357008,-0.023519654,0.013939598,0.032935716,0.017547494,0.007905939,0.0025163023,-0.016303863,-0.0044996203,-0.019816095,0.02372465,-0.014472582,-0.0037445587,-0.012689134,-0.008965075,-0.0013538151,-0.008575586,0.023137,-0.046929978,-0.017725155,-0.006050742,0.010564028,-0.0027964609,0.009040239,0.0074617844,0.0026837143,-0.026990887,-0.0046806983,-0.026006917,-0.021346718,0.031514425,0.011466002,-0.0060780747,0.008138265,0.005124852,-0.01132934,0.006682807,-0.0070244637,-0.004943774,-0.007120128,-0.022207692,-0.07385253,0.020431077,-0.0057056686,0.0072089587,-0.006669141,-0.009744052,0.0056680865,-0.016959844,-0.012518305,0.003206449,0.0017356166,0.005528007,-0.015046566,0.0053435126,-0.022850007,-0.017998481,0.01085102,-0.016850514,0.0022788509,0.024025306,-0.0037001432,0.0145409135,-0.00008060965,-0.0032269484,0.0119784875,0.009928547,-0.018927786,0.031487092,-0.017998481,0.0014657077,0.02170204,-0.04020617,0.013802935,0.01679585,-0.00028250748,-0.0091154035,0.017902816,0.03331837,0.0105776945,0.032826386,-0.013317782,-0.028343849,0.001978193,0.0008391945,-0.009067572,0.008999241,-0.060240928,0.020950396,0.036379617,-0.035477642,0.008766914,0.022645013,-0.022822674,-0.003127868,-0.0137482695,-0.013126454,0.029792473,0.016768515,-0.01939244,0.017137505,0.018982451,-0.016249198,0.015005567,-0.00648123,0.03181508,-0.013338282,-0.000001152758,0.017971149,0.016563522,-0.015538552,-0.0043117087,0.0076394463,0.011240509,0.038839545,-0.001088177,0.0288905,-0.012197148,-0.0017749071,-0.033236373,0.028234519,0.033482365,-0.019624766,0.0037992236,0.017260501,0.017533828,0.03252573,-0.0038197231,0.013891766,-0.014827905,-0.0061259065,0.0064402306,0.011001349,0.0006717827,0.0135022765,0.019091783,0.009778217,-0.028425846,-0.012695967,0.021756705,0.011226842,0.0023898894,0.0068468023,0.0058867466,-0.005514341,-0.022713345,-0.0011334465,-0.051549178,-0.007960604,0.029737808,-0.002791336,-0.008520921,0.0037855573,0.01869546,0.019132782,-0.029355153,0.009375063,0.021879701,-0.009996878,-0.02690889,0.020034755,-0.002116564,0.011206343,0.0357783,-0.0022771426,0.027154883,0.02878117,-0.013796101,-0.030967772,0.017123839,-0.00773511,0.010208705,-0.021524379,-0.027687868,-0.019515436,-0.017916482,0.012197148,-0.0037206425,0.023833979,-0.019679433,0.052232493,0.011172177,-0.019310443,0.0075506154,0.010290703,-0.0099080475,0.007673612,-0.007919605,-0.023820313,0.017943816,0.017260501,-0.023806646,0.006990298,-0.0025128857,-0.021743039,-0.014103593,-0.0016331195,0.0075506154,0.0127711315,-0.0021917284,0.008787413,0.0068297195,0.015306225,0.0011582166,-0.018299138,0.005941412,0.013433945,-0.014035261,-0.013133287,-0.024394296,-0.00782394,0.0022036864,-0.029327821,-0.0064983126,0.0096620545,-0.028125187,-0.0014409376,-0.023642652,0.0024103888,0.015565884,0.020280749,0.012422642,-0.014472582,-0.017096506,0.010229205,-0.00089428667,-0.004950607,-0.00019912186,-0.022166694]
[{role: assistant, content: [{type: text, text: 您好！我是您的回忆助手，很高兴与您一起回顾过去的时光。  
我想请您回忆一下，您有没有参加过一次难忘的聚会或活动？  
那次聚会的氛围让我至今难忘...  
聚会上有没有特别的表演或节目让您印象深刻...  
您是否和某位重要的人在那次活动中重聚...  }, {type: text, text: }, {type: text, text: }, {type: text, text: false}, {type: text, text: 您好！我是您的回忆助手，很高兴与您一起回顾过去的时光。  
我想请您回忆一下，您有没有参加过一次难忘的聚会或活动？  
那次聚会的氛围让我至今难忘...  
聚会上有没有特别的表演或节目让您印象深刻...  
您是否和某位重要的人在那次活动中重聚...  }]}, {role: assistant, content: [{type: text, text: 您好！我是您的回忆助手，很高兴与您一起回顾过去的时光。  
我想请您回忆一下，有没有一张照片让您想起某个特定的场景？  
那是和家人一起度假的时刻...  
那是我和朋友聚会时捕捉到的瞬间...  
那张照片里有我最喜欢的风景...  }, {type: text, text: }, {type: text, text: }, {type: text, text: false}, {type: text, text: 您好！我是您的回忆助手，很高兴与您一起回顾过去的时光。  
我想请您回忆一下，有没有一张照片让您想起某个特定的场景？  
那是和家人一起度假的时刻...  
那是我和朋友聚会时捕捉到的瞬间...  
那张照片里有我最喜欢的风景...  }]}],[-0.02381444,0.0050855177,0.017129445,-0.016063126,-0.015147187,0.033657376,0.0011457794,-0.0032502199,-0.028817933,-0.031196643,-0.017484885,0.019316765,-0.012173799,-0.0311693,-0.017553238,-0.0010799889,0.029255396,0.01760792,0.021216998,-0.014600356,0.01136039,0.023007866,-0.0022044077,0.015037821,-0.018441835,-0.0056323474,0.019945618,-0.01853753,0.020779533,-0.0008099917,0.022871157,-0.010594828,-0.0072044833,-0.026904028,-0.005167542,-0.02840781,-0.01062217,0.000932174,0.025892392,0.011558616,0.01338366,0.008448521,0.01200975,0.0240195,-0.014873772,0.020560801,-0.007054105,-0.042269945,0.023513682,0.016404895,0.020834217,0.038578846,-0.023308622,-0.009555851,-0.0028759832,-0.00933712,0.0119550675,0.056924988,-0.0091115525,-0.026507577,-0.0012679617,0.00926193,-0.025400246,0.006650818,0.018783605,0.0026880105,-0.020328399,-0.010656347,0.023404317,0.014709722,-0.0040738825,0.01995929,0.0055298167,-0.013862137,0.049187344,-0.015051492,0.013786947,-0.0050547584,0.010191541,0.0012055889,0.0019258664,-0.022789134,0.009036363,0.040246677,-0.00078051415,0.044211194,-0.00035330333,0.026548589,-0.035079133,-0.029036663,0.016240846,0.014231247,0.012686452,0.019508155,0.022105597,0.030868543,-0.0010167618,0.0311693,-0.0035749,-0.009829266,0.009043198,0.0055503226,-0.040957555,-0.009398637,-0.02015068,0.0013875806,0.029474128,0.0037116075,0.0119619025,0.014381625,-0.033055864,0.058948256,0.001842133,-0.0030041465,-0.062393285,-0.014996808,0.020328399,-0.017977031,-0.01558465,-0.030485764,-0.0048189377,0.030731836,0.0036432538,-0.02969286,0.004036288,0.016063126,0.014053526,-0.017635262,0.015598321,-0.005437539,0.048339758,0.007423215,0.01868791,0.015912749,-0.02162712,0.010642676,-0.007368532,0.008660417,-0.020068655,-0.0046993187,0.004340462,0.021408388,-0.013089739,-0.015694017,0.020287387,0.031223984,-0.00842118,0.0054888045,0.0127342995,0.022037242,0.022324327,-0.004036288,-0.00199422,0.010868243,0.0030246526,-0.001062046,-0.0020249793,0.011305707,-0.01684236,-0.031798154,0.0067977784,0.026357198,0.013636569,0.001258563,0.012720629,0.038223404,-0.0033424974,-0.012638604,0.029200712,-0.016363883,-0.036364183,0.018715251,-0.02639821,0.0015559017,-0.016787676,0.0008621114,0.027806297,0.015871735,-0.02199623,-0.011674817,-0.03212625,-0.025400246,0.0069789155,0.009009021,-0.016076798,-0.0076761236,-0.0033595858,-0.01738919,-0.006476516,-0.0059706983,0.0074300505,0.038278088,-0.0063500614,-0.0070335986,-0.61944884,-0.0021992812,0.00093473727,-0.016473249,0.018728921,0.001291031,-0.005047923,0.017635262,-0.0137732765,-0.026616942,-0.020752192,0.025140502,0.008769783,-0.004709572,-0.018551202,-0.011045963,0.0035304702,0.0022744704,0.0004972734,0.0044498276,-0.018441835,0.024894428,-0.0038893272,0.00412173,-0.012618098,-0.007170306,-0.010512804,-0.000703189,-0.028161736,0.044320557,-0.031852838,-0.010485462,0.0034792048,-0.00961737,0.058346745,0.015147187,-0.033575352,0.023527354,0.008667253,0.03245435,-0.008865478,0.00073608424,0.012050763,0.0072454954,0.009583193,-0.005481969,-0.019275751,0.010950267,0.01670565,-0.0140261855,-0.003499711,-0.0031493981,-0.0040602116,0.008428015,-0.0063363905,-0.034176864,0.021613449,-0.030540446,-0.025988087,0.008530545,0.015817054,0.023390647,-0.014682381,-0.022433694,-0.026698967,0.027929334,-0.0020625738,-0.0017703616,-0.0017583997,-0.017689945,0.0046480536,0.013048727,-0.010717865,0.0047676726,-0.0029255396,0.011086975,0.020027643,0.0048804563,-0.015885407,0.013554544,0.015598321,-0.018742593,-0.000883472,-0.018305128,-0.0122148115,0.0004900108,-0.033438645,-0.022652427,0.03477838,-0.0014132133,0.0055674114,-0.006213354,-0.00068524614,0.0048462795,-0.019111702,0.0443479,-0.03190752,0.009781418,0.010875078,-0.029774884,0.013479356,0.008844973,0.01109381,0.026863016,0.012775312,0.014942125,-0.029474128,0.0044088154,0.033083204,-0.01778564,-0.001481567,-0.0008386148,0.016746664,-0.03283713,-0.017197799,-0.022009902,0.023431659,0.022638755,0.022693438,-0.0023086471,0.001710552,-0.007170306,0.004272108,-0.005625512,0.013588721,0.025605308,-0.0013482773,-0.012987209,-0.010752042,0.0145456735,0.011599628,-0.015365918,0.014518332,-0.012064434,0.017498555,-0.008428015,0.015789712,-0.005266655,0.03078652,-0.019125374,0.029009324,0.015516297,0.010854572,-0.04350031,-0.027710602,-0.023335963,-0.013985173,-0.0031869926,-0.028052371,0.0033988892,-0.0033424974,-0.0014072324,-0.008017892,0.015037821,0.00005767346,0.007539416,-0.0015550473,-0.0067704367,-0.027341492,-0.011968738,0.0040602116,-0.010041162,-0.015051492,-0.0027837057,-0.01834614,-0.028735908,0.009125222,0.01384163,-0.017115774,-0.015830724,-0.017307164,-0.0047471663,-0.018223105,-0.029036663,0.015488955,0.023732414,-0.02254306,-0.014053526,0.027614906,-0.016418565,-0.015871735,0.015352247,-0.00270339,-0.009104717,0.011066468,-0.0018387153,0.011169,0.011975573,-0.0249081,0.027560223,-0.005700701,0.032946497,-0.015352247,-0.0079495385,-0.009590028,0.021832181,-0.012269494,0.010499133,0.004675395,0.00842118,0.009384967,-0.007935868,0.022242304,-0.011503933,-0.00403287,-0.0032673082,0.014983137,-0.0022385847,0.025810368,-0.011777348,0.024251902,-0.020424094,-0.0024026337,-0.0070062573,0.006158671,0.014942125,0.0046617244,0.01035559,-0.014614027,-0.024251902,0.003971352,-0.00952851,-0.010451285,0.008366496,-0.012959867,0.00989762,0.012508732,0.01685603,-0.0120849395,0.00079802977,0.014490991,0.005611841,0.011743171,-0.000004705994,-0.008414344,-0.02252939,0.0359814,-0.027054407,0.03245435,-0.002365039,-0.0037731258,0.017512225,0.0015080542,-0.0285992,0.020260045,-0.0052119717,0.014682381,0.014217576,-0.0024658607,0.028298443,-0.009453321,0.02639821,-0.009747242,-0.019344104,0.0075189103,0.005020581,-0.019289423,0.016678309,0.009289272,0.031059934,-0.0122216465,-0.0032177519,0.024867088,0.0058032316,0.0014422637,-0.013281129,-0.00069464475,-0.0051504537,-0.03059513,-0.018797275,0.01814108,-0.01796336,-0.009227754,-0.012132787,0.011421909,0.0010389767,0.012782147,-0.015188199,-0.008489533,-0.004774508,-0.021845851,-0.034204207,0.0188793,0.0022505466,-0.00014311563,-0.023294952,-0.034395598,0.017717287,-0.008708265,0.0088586435,0.0023240268,0.011927726,0.00046053325,0.00068268285,-0.0016054582,0.027532883,0.0071498,-0.0075940993,-0.0025137083,-0.014449978,-0.020875229,-0.003533888,-0.009179906,-0.027655918,0.019658532,-0.004340462,-0.021353705,0.022652427,-0.008516875,-0.0018540949,-0.017867666,-0.012037092,-0.0051162764,-0.004101224,0.026904028,0.011367225,-0.01812741,-0.011558616,0.030458422,0.012064434,-0.011305707,-0.01740286,-0.014231247,0.020861559,0.024306586,0.06698666,0.00021061493,-0.013506697,0.019248411,0.014190234,-0.039344408,-0.017129445,0.016828688,-0.016336542,-0.01834614,0.013424672,0.017812982,-0.0039542634,0.020806875,0.002517126,-0.0075052395,0.0059433565,0.013493027,-0.012317342,-0.009166235,-0.000010893876,0.0068763853,0.016268188,-0.009009021,-0.013089739,0.018236775,0.031634107,0.004675395,-0.03302852,0.012713794,0.025167843,0.037649233,0.0065380344,-0.03242701,0.02895464,0.0019993465,0.014682381,0.025933405,0.0013098284,0.0058510792,0.030349055,0.016076798,-0.013650239,0.015844394,-0.021011936,0.0077649835,0.013315306,-0.012679617,0.0016165657,0.0051470357,0.027532883,-0.015160857,-0.029583493,0.010464956,-0.005164124,-0.011620134,-0.020533461,0.0013722011,-0.01081356,0.019562837,-0.02050612,-0.0055674114,-0.018660568,-0.024101526,-0.022761792,-0.03242701,-0.022146609,-0.0042891963,0.014627698,-0.00595361,0.009138893,-0.0049658986,0.00053828565,0.0015798255,0.017443871,0.017922347,-0.03242701,0.009220918,0.0020899153,0.016541602,-0.030458422,0.02069751,-0.008742442,-0.02328128,0.008762948,-0.0015960595,-0.0054580453,-0.002987058,0.004600206,0.0048667854,0.0029990198,0.02731415,0.012119116,0.010300907,-0.003369839,-0.00199422,0.014135552,-0.0022214963,-0.019849923,-0.0039508455,-0.044293217,-0.011873043,-0.02220129,0.017566908,-0.005700701,0.010109517,0.032673083,0.002267635,-0.016938055,0.0076897945,-0.020273715,0.0010637549,-0.008004222,0.0038824917,0.0013252079,-0.002725605,0.026863016,0.006097153,-0.012125951,0.0052051363,-0.03773126,0.023103561,0.025988087,-0.011251024,0.009432815,-0.010861408,-0.015133516,0.014176563,-0.006561958,-0.007224989,0.0014542256,-0.0013380243,0.0034433191,-0.028845273,-0.016172493,-0.00038812103,0.0072318246,0.004795014,-0.014258588,-0.031770814,-0.021927876,-0.0097677475,0.0049077976,0.04306285,-0.030376397,-0.021230668,0.0069549917,0.006452592,0.019521825,-0.0014627698,0.0015729902,-0.041531727,-0.005833991,0.0048872917,-0.029091347,-0.01960385,0.022884829,0.014559344,0.0009407182,0.036336843,0.008462192,-0.008708265,0.0022249138,0.0017806146,0.02492177,-0.0017754881,-0.008633076,-0.013670746,0.0077649835,-0.0045386874,0.018072726,0.012529238,-0.024238233,-0.020806875,0.0031049682,0.014121881,0.0028349708,-0.017266152,-0.04839444,-0.019453472,-0.026001759,-0.025167843,-0.01082723,-0.027628578,0.002922122,-0.0014234664,-0.0077308067,0.03278245,-0.00084929506,0.016035784,-0.01942613,0.005769055,-0.0073616966,0.010806724,-0.0033544593,-0.01852386,-0.014149222,-0.012850501,0.004914633,0.028462494,0.0066884123,-0.0037594552,0.007717136,0.00989762,0.009316613,-0.03773126,-0.01081356,0.0030451587,-0.0163092,-0.018974995,0.0032074987,-0.007054105,-0.019849923,0.0029733873,0.004849697,-0.010143694,0.019986631,-0.005560576,-0.011380896,-0.02239268,-0.009152564,0.03480572,0.005044505,0.025591636,0.021353705,-0.004675395,-0.025003795,-0.07048637,0.023390647,-0.0020232704,0.02036941,0.03278245,-0.019672204,0.008776619,0.035051793,0.014559344,-0.009740407,-0.039672505,0.004979569,0.012139622,0.007881185,-0.0009535345,-0.0168697,-0.014504662,0.012850501,-0.02199623,-0.010861408,-0.015885407,-0.0074710627,-0.042762093,0.014094539,-0.003957681,0.01181836,0.012980374,-0.008571558,0.0075462516,0.000011180908,-0.0007749604,0.014682381,-0.0063056317,0.022953182,-0.023431659,0.008530545,-0.008407509,0.03354801,0.004586535,-0.019125374,0.0026657954,0.0377586,-0.021326363,-0.012303671,0.012515568,0.004610459,0.012166964,0.003226296,-0.0078196665,0.0065141106,-0.002332571,-0.004788179,0.025783027,0.0078196665,0.022064583,0.010847737,0.007997386,-0.016227175,0.015912749,0.0058374084,-0.01982258,-0.015488955,-0.009084211,-0.026370868,0.0045045107,0.020410424,-0.016979067,-0.0021856106,0.016445907,0.0034706607,-0.014887442,0.025769357,-0.024128867,-0.0052495664,-0.030212348,-0.0059980396,0.0057758903,-0.014504662,0.016350212,-0.011476591,-0.027737943,0.004425904,0.017430201,0.014518332,-0.0046514715,0.018838288,0.018291458,-0.0052495664,-0.013670746,0.011080139,-0.028298443,0.0007719699,-0.020793205,0.01923474,0.0010876787,-0.043363605,0.01942613,-0.0082092825,0.019480813,0.0015832433,-0.051730104,-0.019398788,0.0050820997,0.0042891963,0.0035031287,-0.020875229,-0.023513682,-0.012515568,-0.0066405647,0.022461036,0.025154172,-0.005533234,0.021763828,0.029118689,0.015352247,0.01632287,-0.007224989,0.0072865076,-0.009494333,-0.012207976,-0.015694017,-0.008776619,0.0016208378,0.03466901,-0.014518332,-0.008216118,-0.025933405,-0.006018546,-0.03814138,-0.018482849,-0.026152138,0.01963119,0.01706109,0.0049077976,-0.012160128,0.009740407,-0.007847008,0.017717287,-0.021845851,-0.01319227,0.010321413,-0.012727465,0.010936596,0.0337394,-0.036719624,-0.01760792,0.013527203,-0.013007714,0.0088586435,0.029583493,-0.010417108,-0.019658532,-0.018947653,0.0064936043,-0.0126044275,-0.0029050335,0.024949111,-0.03264574,0.000149951,-0.00723866,-0.007942704,0.008817631,0.011073304,0.010840901,0.008851808,0.010006986,0.002018144,-0.0020745357,0.010820395,-0.01082723,0.022255974,0.00032083533,-0.019467141,0.03734848,0.010745206,-0.0015345413,-0.005044505,0.00935079,-0.016199835,-0.019193728,0.020957254,-0.013944161,0.010218883,-0.005806649,0.020793205,-0.026603272,-0.011873043,0.0035167993,-0.0015490664,-0.04508612,0.00008522856,0.014176563,-0.022857487,0.00077624206,-0.017074762,-0.048449125,-0.013527203,-0.0061415825,-0.0074710627,-0.023431659,-0.030102983,0.027587565,-0.009555851,-0.00723866,0.00046053325,0.0042345137,0.0082092825,0.022857487,0.25176045,-0.023882793,-0.0036159123,0.008872314,-0.023582036,0.018031714,0.0064252503,-0.0005002639,0.0019873846,-0.0004977006,-0.00852371,0.012809489,-0.0065790466,-0.016145151,0.012235317,-0.05790928,-0.053452615,-0.029829567,-0.009357626,-0.032290302,0.0136434045,-0.0029392103,0.005505893,-0.025536953,0.030185007,-0.0061757592,0.012358354,-0.012331013,-0.008284472,0.030649813,-0.036227476,-0.002397507,0.012563416,0.015940089,-0.021175986,-0.004128565,0.00980876,0.0032074987,0.032509033,0.00980876,0.009275601,-0.026220491,0.023390647,0.007942704,0.012597593,-0.0019480813,-0.013397331,-0.023541024,-0.011914055,0.023185585,-0.011606463,-0.017443871,0.022433694,0.03792265,0.008926997,0.009726736,0.015639333,0.012331013,-0.02165446,0.02252939,-0.025974417,0.03650089,-0.004914633,0.0007971754,-0.011647476,0.0076351115,0.0072318246,-0.023568366,0.028489834,-0.016623627,0.0038619856,-0.0058784205,-0.02673998,-0.011989244,-0.024716709,-0.021558765,0.019713216,0.012727465,0.0072865076,0.02585138,-0.0140261855,-0.0029733873,0.008352825,0.0025530118,0.0009962555,-0.033602692,0.031606764,-0.00010648229,-0.031278666,0.00035672102,-0.009521674,0.0025974417,-0.013916819,0.0012730882,0.007170306,-0.0015174528,0.0015909331,0.01062217,-0.02252939,-0.009460156,-0.018113738,0.052659713,0.02363672,0.027792627,-0.014313271,-0.024689367,0.004839444,0.0013551126,0.012078104,0.017334506,-0.012132787,-0.013909983,0.0029921846,-0.013677581,-0.0194398,-0.010143694,-0.0021463071,-0.0063124667,0.015256552,-0.014750735,0.010335084,-0.026999723,-0.024033172,-0.000059061895,-0.0022368757,-0.021025607,-0.013219611,-0.0017703616,0.012057598,-0.039317064,0.050308343,-0.023677731,0.04229729,-0.0060561406,-0.012290001,0.011127987,0.025919734,0.006572211,0.011579121,0.0035441408,0.009214083,-0.0052393135,0.010793054,-0.030075641,0.014873772,-0.010881914,-0.0047574197,0.008551052,0.0140261855,-0.026507577,-0.027081747,0.00107828,-0.001477295,-0.017443871,0.02036941,-0.0022437111,-0.0148054175,-0.008537381,0.0025273792,-0.005741713,-0.05446425,-0.013240118,0.018018043,-0.0028964893,-0.0022146609,-0.008530545,-0.17542301,0.015010479,0.004128565,-0.041504383,-0.002944337,-0.015160857,-0.011722664,-0.011408238,-0.0061860126,0.0063500614,0.008188777,-0.021955218,-0.038032014,-0.02125801,-0.0026435805,0.03130601,-0.006216772,0.00394401,0.018168421,0.016637297,0.017266152,-0.019945618,-0.022871157,0.002486367,0.013164928,-0.007313849,0.021476742,-0.005123112,-0.008879149,-0.0011919182,0.0123515185,-0.01264544,0.019002337,0.0071361293,0.009815595,0.017566908,0.0067738546,0.017320834,-0.008680924,0.01982258,0.024402281,0.026958711,-0.017156785,0.012802654,-0.00545121,0.023417987,0.00044002713,-0.017074762,0.0012534366,0.014395296,0.003455281,-0.043172214,0.053835396,0.0074300505,0.004261855,0.022310657,0.015639333,0.011155329,0.013875807,0.024156207,0.005471716,-0.026015429,-0.010362426,0.020670168,0.0043097027,0.0035133816,-0.013540873,0.009836102,-0.0065790466,0.011804689,-0.0035031287,-0.0024282662,0.018018043,0.0035167993,0.032673083,-0.003062247,-0.025796697,0.015133516,0.011743171,0.0018335888,-0.0055776644,0.027300479,-0.017512225,0.005769055,-0.018974995,0.017566908,0.040438067,-0.011661146,-0.0077581485,-0.014723393,0.025906064,-0.03811404,-0.00040093734,0.0042652725,-0.016459579,0.023664061,-0.025222527,0.006999422,-0.0093781315,-0.0038722388,-0.006596135,-0.0060014576,0.017211469,-0.014053526,0.0065585403,0.002180484,-0.00440198,0.0018182092,0.034751035,-0.02273445,-0.006093735,0.017143115,0.012023421,0.027546553,-0.00078478624,0.015871735,-0.0111826705,-0.036801647,0.029364763,0.0031528159,-0.0021087124,-0.022638755,0.00011919181,-0.007313849,-0.0021087124,-0.010697358,-0.07245495,-0.03753987,0.003937175,0.00014557208,-0.015461613,-0.0034313572,0.009726736,0.0029033246,-0.01793602,-0.00024735506,-0.018414496,-0.013684416,-0.017279822,0.0018660568,0.00545121,0.002332571,-0.0056426004,-0.017662603,-0.011667982,0.036172792,-0.007662453,-0.028708566,0.010868243,-0.023390647,-0.008571558,0.012775312,-0.0027939586,0.028571859,0.00769663,0.018359812,0.013657075,0.0075189103,0.00025440403,-0.016022114,-0.006264619,-0.0053657675,-0.04456663,-0.0025017464,0.031415373,-0.025441257,-0.010389767,0.004709572,0.0265896,-0.017430201,0.010765713,-0.0119619025,-0.022871157,0.020314729,-0.01099128,-0.006585882,-0.011736335,0.008735606,-0.008667253,-0.009193577,0.04082085,0.022556731,0.01834614,0.025345562,-0.0028794007,-0.0055400697,0.028681224,-0.035461914,-0.023541024,0.012884678,0.03264574,0.01779931,0.008263966,0.0027512377,-0.016404895,-0.0045797,-0.01997296,0.023664061,-0.0144089665,-0.003433066,-0.012946196,-0.009255095,-0.0013277712,-0.009015857,0.023144573,-0.04653522,-0.01793602,-0.0055400697,0.010888749,-0.0024265575,0.009425979,0.0081546,0.0033117381,-0.02731415,-0.0049077976,-0.025536953,-0.020547131,0.031087276,0.011223682,-0.0060356343,0.0074300505,0.005136783,-0.011155329,0.0064970218,-0.007095117,-0.0054888045,-0.007313849,-0.022283316,-0.07365798,0.020205362,-0.0054990575,0.0067465133,-0.006572211,-0.0095080035,0.00540678,-0.016938055,-0.012488226,0.0033407884,0.0017720704,0.0050855177,-0.014518332,0.005649436,-0.022884829,-0.017621592,0.010553815,-0.016623627,0.0017908677,0.023800768,-0.004101224,0.014190234,-0.00039773327,-0.002922122,0.012146458,0.00998648,-0.019180056,0.0314974,-0.017744629,0.0011842283,0.021422058,-0.040082626,0.01410821,0.017020078,-0.00087578216,-0.009391802,0.01758058,0.033356618,0.01119634,0.033165228,-0.013253788,-0.028626543,0.0017045711,0.0013790365,-0.009398637,0.009282436,-0.06047938,0.020929912,0.036036085,-0.035625964,0.008448521,0.023144573,-0.023609377,-0.003127183,-0.014326941,-0.013096575,0.02988425,0.016473249,-0.019521825,0.01703375,0.018605886,-0.015885407,0.014901113,-0.006097153,0.03204423,-0.013226447,-0.000496419,0.018264117,0.015653005,-0.014860101,-0.0040499587,0.0076897945,0.011408238,0.039289724,-0.00055152917,0.02914603,-0.012125951,-0.0019327017,-0.03259106,0.028380468,0.033766743,-0.020314729,0.0027734526,0.017088432,0.017143115,0.03278245,-0.003803885,0.0140261855,-0.0148054175,-0.0059775338,0.006661071,0.010799889,0.0002094401,0.013356319,0.019248411,0.009665217,-0.028161736,-0.012611263,0.0214494,0.011490262,0.0025137083,0.0068251197,0.0061757592,-0.00540678,-0.022242304,-0.0016404896,-0.051538713,-0.008216118,0.029829567,-0.0021394717,-0.008940668,0.0032843966,0.018373482,0.018961325,-0.028927298,0.008462192,0.022502048,-0.0096310405,-0.0265896,0.01997296,-0.0016763752,0.0111826705,0.03592672,-0.0023120649,0.027519211,0.02840781,-0.013855301,-0.03059513,0.017197799,-0.0071224584,0.010164199,-0.021599779,-0.02731415,-0.019453472,-0.01740286,0.012016586,-0.0034621165,0.024279244,-0.01980891,0.052331615,0.011025457,-0.018920312,0.007922197,0.0098839495,-0.009289272,0.007662453,-0.008024728,-0.024087854,0.018250445,0.01778564,-0.02421089,0.006073229,-0.0029357928,-0.02109396,-0.014203905,-0.0013491317,0.00778549,0.01292569,-0.0010757168,0.00899535,0.0068866382,0.015379589,0.001029578,-0.017717287,0.0055263992,0.012816324,-0.014135552,-0.01274797,-0.024388611,-0.008058905,0.0024060514,-0.029255396,-0.0061279116,0.009405473,-0.028243762,-0.0019361194,-0.02362305,0.0023923805,0.015735028,0.020137008,0.012365189,-0.0142859295,-0.016965395,0.010191541,-0.00051436183,-0.0045797,0.0004383183,-0.022433694]
[{role: assistant, content: [{type: text, text: 您好！我是您的回忆助手，很高兴与您一起回顾过去的时光。  
我想请您回忆一下，您有没有参加过一次难忘的聚会或活动？  
那次聚会的氛围让我至今难忘...  
聚会上有没有特别的表演或节目让您印象深刻...  
您是否和某位重要的人在那次活动中重聚...  }, {type: text, text: }, {type: text, text: }, {type: text, text: false}, {type: text, text: 您好！我是您的回忆助手，很高兴与您一起回顾过去的时光。  
我想请您回忆一下，您有没有参加过一次难忘的聚会或活动？  
那次聚会的氛围让我至今难忘...  
聚会上有没有特别的表演或节目让您印象深刻...  
您是否和某位重要的人在那次活动中重聚...  }]}, {role: assistant, content: [{type: text, text: 您好！我是您的回忆助手，很高兴与您一起回顾过去的时光。  
我想请您回忆一下，有没有一张照片让您想起某个特定的场景？  
那是和家人一起度假的时刻...  
那是我和朋友聚会时捕捉到的瞬间...  
那张照片里有我最喜欢的风景...  }, {type: text, text: }, {type: text, text: }, {type: text, text: false}, {type: text, text: 您好！我是您的回忆助手，很高兴与您一起回顾过去的时光。  
我想请您回忆一下，有没有一张照片让您想起某个特定的场景？  
那是和家人一起度假的时刻...  
那是我和朋友聚会时捕捉到的瞬间...  
那张照片里有我最喜欢的风景...  }]}],[]
[{role: assistant, content: [{type: text, text: 您好！我是您的回忆助手，很高兴与您一起回顾过去的时光。  
我想请您回忆一下，您有没有参加过一次难忘的聚会或活动？  
那次聚会的氛围让我至今难忘...  
聚会上有没有特别的表演或节目让您印象深刻...  
您是否和某位重要的人在那次活动中重聚...  }, {type: text, text: }, {type: text, text: }, {type: text, text: false}, {type: text, text: 您好！我是您的回忆助手，很高兴与您一起回顾过去的时光。  
我想请您回忆一下，您有没有参加过一次难忘的聚会或活动？  
那次聚会的氛围让我至今难忘...  
聚会上有没有特别的表演或节目让您印象深刻...  
您是否和某位重要的人在那次活动中重聚...  }]}, {role: assistant, content: [{type: text, text: 您好！我是您的回忆助手，很高兴与您一起回顾过去的时光。  
我想请您回忆一下，有没有一张照片让您想起某个特定的场景？  
那是和家人一起度假的时刻...  
那是我和朋友聚会时捕捉到的瞬间...  
那张照片里有我最喜欢的风景...  }, {type: text, text: }, {type: text, text: }, {type: text, text: false}, {type: text, text: 您好！我是您的回忆助手，很高兴与您一起回顾过去的时光。  
我想请您回忆一下，有没有一张照片让您想起某个特定的场景？  
那是和家人一起度假的时刻...  
那是我和朋友聚会时捕捉到的瞬间...  
那张照片里有我最喜欢的风景...  }]}],[]
[{role: assistant, content: [{type: text, text: 您好！我是您的回忆助手，很高兴与您一起回顾过去的时光。  
我想请您回忆一下，您有没有参加过一次难忘的聚会或活动？  
那次聚会的氛围让我至今难忘...  
聚会上有没有特别的表演或节目让您印象深刻...  
您是否和某位重要的人在那次活动中重聚...  }, {type: text, text: }, {type: text, text: }, {type: text, text: false}, {type: text, text: 您好！我是您的回忆助手，很高兴与您一起回顾过去的时光。  
我想请您回忆一下，您有没有参加过一次难忘的聚会或活动？  
那次聚会的氛围让我至今难忘...  
聚会上有没有特别的表演或节目让您印象深刻...  
您是否和某位重要的人在那次活动中重聚...  }]}, {role: assistant, content: [{type: text, text: 您好！我是您的回忆助手，很高兴与您一起回顾过去的时光。  
我想请您回忆一下，有没有一张照片让您想起某个特定的场景？  
那是和家人一起度假的时刻...  
那是我和朋友聚会时捕捉到的瞬间...  
那张照片里有我最喜欢的风景...  }, {type: text, text: }, {type: text, text: }, {type: text, text: false}, {type: text, text: 您好！我是您的回忆助手，很高兴与您一起回顾过去的时光。  
我想请您回忆一下，有没有一张照片让您想起某个特定的场景？  
那是和家人一起度假的时刻...  
那是我和朋友聚会时捕捉到的瞬间...  
那张照片里有我最喜欢的风景...  }]}],[-0.023410324,0.005292264,0.016932512,-0.015811877,-0.015060232,0.033892356,0.0009182027,-0.0032850301,-0.028945165,-0.03061245,-0.017315166,0.018709127,-0.012381643,-0.030694447,-0.017096506,-0.001208611,0.029191157,0.017807152,0.021319384,-0.0145409135,0.011069681,0.023055002,-0.002154146,0.015046566,-0.017902816,-0.0054938416,0.019378774,-0.018681794,0.020909397,-0.0013623565,0.023328327,-0.011110679,-0.0069185505,-0.027523872,-0.004885692,-0.028207187,-0.010564028,0.00097201363,0.026088914,0.011787159,0.013707271,0.008746414,0.012415809,0.02438063,-0.015101231,0.0207864,-0.0072021256,-0.04201012,0.02361532,0.016249198,0.020868398,0.038866878,-0.023150666,-0.009429728,-0.0026358822,-0.009518558,0.012347477,0.05728901,-0.0092998985,-0.026307574,-0.0015451428,0.009231566,-0.025678925,0.006429981,0.018545132,0.0024223467,-0.019952757,-0.010338535,0.023123333,0.014609245,-0.003987135,0.019857094,0.005791083,-0.014021595,0.04911658,-0.014978235,0.0136252735,-0.0051351017,0.009996878,0.00073541625,0.0026358822,-0.023082335,0.009511725,0.040124174,-0.00044842454,0.044169392,-0.00042728454,0.026444236,-0.034603,-0.02921849,0.015989538,0.013925931,0.012873628,0.019187447,0.021661041,0.03083111,-0.0014597287,0.031159101,-0.0033704443,-0.010058376,0.009388729,0.005528007,-0.040725492,-0.009211067,-0.019665767,0.0007264478,0.029027162,0.0031193267,0.012258646,0.014868904,-0.033291038,0.05920229,0.0017065757,-0.003758225,-0.062646195,-0.014827905,0.020144084,-0.017957482,-0.015265226,-0.030475788,-0.00472853,0.031159101,0.0038983042,-0.029409818,0.0044244556,0.016071536,0.014130926,-0.017615825,0.015661549,-0.0058013326,0.047667958,0.0074071195,0.018613463,0.01631753,-0.021729372,0.00993538,-0.007065463,0.008582419,-0.020103086,-0.0050189383,0.0046704486,0.021565378,-0.013105955,-0.01536089,0.019679433,0.031186434,-0.008705416,0.005756917,0.012361143,0.022891006,0.022057364,-0.0041852957,-0.0024189302,0.009812383,0.0036488946,-0.0011343006,-0.0022686012,0.011295174,-0.016768515,-0.03266239,0.006327484,0.025829254,0.013652606,0.0011445503,0.012607136,0.038839545,-0.0039837183,-0.012258646,0.02899983,-0.016208198,-0.035914965,0.018982451,-0.02734621,0.0015494137,-0.016303863,0.0009113695,0.027783532,0.016522523,-0.022002699,-0.011507001,-0.032389063,-0.025378268,0.006908301,0.008910409,-0.01525156,-0.007290956,-0.003536148,-0.017205836,-0.0065837265,-0.0065153954,0.0078034415,0.038839545,-0.006344567,-0.0072499574,-0.6192461,-0.0025641343,0.0016032245,-0.016508857,0.018763792,0.001311108,-0.0050086887,0.018135143,-0.013208452,-0.026990887,-0.02067707,0.025009278,0.008664416,-0.004342458,-0.018681794,-0.011165344,0.0036830604,0.0024155136,0.00048259023,0.0047763623,-0.018613463,0.024899948,-0.0037103929,0.004352708,-0.0127233,-0.0067477217,-0.010126708,-0.0009617639,-0.02815252,0.045071367,-0.031842414,-0.010529863,0.003378986,-0.0094775595,0.058382314,0.015101231,-0.033564363,0.023628986,0.008534587,0.032580394,-0.009211067,0.00041404535,0.012258646,0.0070996284,0.009183735,-0.0055314237,-0.019091783,0.011513834,0.016823182,-0.01455458,-0.003187658,-0.0026734646,-0.004239961,0.00782394,-0.006296735,-0.034657665,0.021620043,-0.030120464,-0.025583262,0.008828412,0.015374556,0.023574319,-0.014404251,-0.02254935,-0.027100218,0.02815252,-0.0024582208,-0.0014144592,-0.0014665618,-0.01756116,0.004492787,0.012825796,-0.0105776945,0.0051966,-0.0029279988,0.010953517,0.020075753,0.0051761004,-0.015183228,0.013843934,0.015893875,-0.018763792,-0.0007687278,-0.018121477,-0.012415809,0.00015257111,-0.03381036,-0.022563016,0.034821663,-0.0012111734,0.0060063265,-0.006330901,-0.000787946,0.0047831954,-0.019242112,0.043868735,-0.032088406,0.009593723,0.011110679,-0.0300658,0.013652606,0.00910857,0.010748523,0.026703896,0.0121629825,0.015456554,-0.029491816,0.004834444,0.03296305,-0.018463133,-0.0013555234,-0.0007290102,0.016440526,-0.031979077,-0.017205836,-0.022235025,0.023300994,0.022522017,0.022535684,-0.002622216,0.0015673506,-0.0070107975,0.0042126286,-0.005821832,0.0134407785,0.02533727,-0.0014050637,-0.0132631175,-0.011008183,0.014308587,0.012053652,-0.01525156,0.014841571,-0.012169816,0.017629491,-0.008240762,0.015497552,-0.005148768,0.030776445,-0.018668128,0.029409818,0.015401889,0.010680192,-0.04362274,-0.027728867,-0.023505988,-0.014089927,-0.0027383792,-0.027769865,0.0034900242,-0.0034678166,-0.0009643263,-0.008069933,0.0152105605,0.000032777698,0.0075096167,-0.0020072337,-0.0063343174,-0.027318878,-0.011520667,0.0034866077,-0.010126708,-0.015169562,-0.0024411378,-0.018449467,-0.028261852,0.0101540405,0.0145409135,-0.017397165,-0.01605787,-0.0173835,-0.0047763623,-0.018203475,-0.029683143,0.015688881,0.023820313,-0.022590348,-0.013891766,0.027305212,-0.016522523,-0.015852876,0.01564788,-0.0028528343,-0.008917242,0.011110679,-0.0019115699,0.010987683,0.012108318,-0.024722286,0.027797198,-0.0055109244,0.033154376,-0.014991901,-0.0080152685,-0.009655221,0.022084696,-0.012238147,0.010769023,0.004919858,0.009183735,0.009026573,-0.008186097,0.022330688,-0.012121984,-0.0039017207,-0.0037445587,0.015429221,-0.0017433038,0.024995612,-0.011746161,0.024681287,-0.020663403,-0.0027691284,-0.0071952925,0.0058867466,0.014964568,0.0042126286,0.010304369,-0.014896236,-0.02514594,0.004144297,-0.009286232,-0.010557195,0.0080152685,-0.013365614,0.009887548,0.013235785,0.016522523,-0.012176649,0.00086823537,0.015060232,0.0058491644,0.012060485,-0.00072303123,-0.008315926,-0.022139361,0.03566897,-0.027291546,0.032607727,-0.0019986923,-0.004325375,0.01784815,0.0015562468,-0.028316516,0.020007422,-0.0054938416,0.015128563,0.014007929,-0.0017526994,0.028097855,-0.009033406,0.026184577,-0.009545892,-0.019078117,0.0081997635,0.0049232747,-0.019447105,0.016344862,0.008739581,0.031131769,-0.011957988,-0.0025914668,0.024421629,0.0053161797,0.0017509911,-0.013837101,-0.00042899282,-0.004981356,-0.030229794,-0.019337775,0.018162476,-0.017684156,-0.009880715,-0.012033152,0.011076514,0.0011565083,0.0128941275,-0.015224228,-0.008281761,-0.0049164416,-0.021879701,-0.03490366,0.01928311,0.0025043443,-0.00023958684,-0.023000335,-0.03501299,0.017219502,-0.008281761,0.00854142,0.002688839,0.012190315,0.00031581902,0.001130884,-0.0016373902,0.027318878,0.0073456215,-0.0082612615,-0.0029279988,-0.015005567,-0.021251053,-0.0035942297,-0.009627889,-0.027441874,0.019365108,-0.0042843763,-0.021278385,0.022481019,-0.008794246,-0.0019713598,-0.017875483,-0.012258646,-0.0044483715,-0.0034848994,0.027264213,0.011356672,-0.018244473,-0.010960351,0.030202461,0.011992154,-0.011459169,-0.017315166,-0.01444525,0.02089573,0.024448961,0.06740206,0.000026798705,-0.013700438,0.019365108,0.014021595,-0.039495528,-0.016768515,0.017369833,-0.015661549,-0.018381136,0.013584275,0.017957482,-0.0034592752,0.020923063,0.002622216,-0.008001602,0.005941412,0.014062594,-0.0127028,-0.008520921,-0.00010730159,0.006669141,0.01631753,-0.0089924075,-0.013775602,0.018340137,0.03129576,0.0049881893,-0.03266239,0.012518305,0.025104942,0.03793757,0.006693057,-0.03211574,0.02815252,0.0018278639,0.014431584,0.026061581,0.0011821325,0.006412898,0.030967772,0.015798211,-0.014021595,0.01631753,-0.021210054,0.0074959504,0.013181119,-0.013112788,0.0016553273,0.004895942,0.027838197,-0.015169562,-0.029573813,0.011049181,-0.004735363,-0.010639193,-0.020376412,0.0014076261,-0.010755356,0.01998009,-0.02041741,-0.005432343,-0.018285472,-0.024517292,-0.022781676,-0.032580394,-0.022166694,-0.0043356246,0.014855238,-0.0064026485,0.0088694105,-0.0047421963,0.00039440006,0.0015656423,0.017957482,0.017807152,-0.03200641,0.00936823,0.002297642,0.016454192,-0.030229794,0.020854732,-0.009340897,-0.023218997,0.0086234175,-0.0016553273,-0.0056544202,-0.0030099964,0.004547452,0.0051385183,0.0028460012,0.02716855,0.012395309,0.010236038,-0.0033106545,-0.0015468511,0.014007929,-0.0024804284,-0.019993756,-0.0040793824,-0.04479804,-0.011445503,-0.022617681,0.017465496,-0.0058423313,0.010222372,0.032799054,0.0027212964,-0.017615825,0.0075096167,-0.020226084,0.0008865994,-0.008220263,0.0038504722,0.0019440273,-0.0024787202,0.026936222,0.005774,-0.01213565,0.0053810948,-0.03665294,0.023177998,0.025760923,-0.011343006,0.009573224,-0.010557195,-0.015128563,0.013884933,-0.0066964733,-0.007584781,0.0011197801,-0.0012504639,0.0033277373,-0.02921849,-0.016071536,0.00021716561,0.0071474602,0.004352708,-0.014226589,-0.031596422,-0.021606376,-0.009634722,0.005340096,0.042638768,-0.030311791,-0.02111439,0.0068433858,0.0065905596,0.019447105,-0.0010352201,0.0017168254,-0.04154547,-0.005972161,0.00496769,-0.02976514,-0.019447105,0.023177998,0.0144179175,0.0008814746,0.03643428,0.008438923,-0.0084457565,0.0015733296,0.0015673506,0.025132274,-0.0016664311,-0.008329593,-0.013823435,0.0080767665,-0.0037616414,0.01821714,0.012067318,-0.02390231,-0.021305718,0.0024804284,0.013652606,0.0028169604,-0.017410832,-0.04824194,-0.019583767,-0.026075248,-0.024831617,-0.010427366,-0.027633203,0.0030937023,-0.0010591361,-0.007741943,0.033127043,-0.00060302427,0.016208198,-0.019857094,0.005473342,-0.0071132947,0.011015016,-0.0038231397,-0.017943816,-0.013420279,-0.012764298,0.005015522,0.028617173,0.0067272224,-0.0036693942,0.0075574485,0.00980555,0.009272566,-0.03793757,-0.010823688,0.0033089463,-0.01627653,-0.01862713,0.003230365,-0.0065598106,-0.0196111,0.0031227432,0.0046226163,-0.010167707,0.020116752,-0.005774,-0.010666525,-0.022412686,-0.008596085,0.034630332,0.004752446,0.026498903,0.02159271,-0.0041237976,-0.024913615,-0.07035397,0.02331466,-0.0024291798,0.020608738,0.033045046,-0.019993756,0.008165598,0.034220345,0.014595578,-0.009190568,-0.039878182,0.0050975196,0.012183482,0.0076052803,-0.0012581511,-0.016686518,-0.014759574,0.012477307,-0.022098362,-0.010591361,-0.015962206,-0.0075437822,-0.042884763,0.013891766,-0.0043151253,0.011575333,0.012436308,-0.007905939,0.007940104,0.00021438964,-0.00043454475,0.015060232,-0.006286485,0.023587985,-0.023464989,0.009074405,-0.008842078,0.033755694,0.0042843763,-0.019091783,0.0031893663,0.037746243,-0.021100724,-0.01224498,0.01259347,0.004885692,0.011732494,0.0035873963,-0.007673612,0.006549561,-0.0026478402,-0.0048515266,0.02584292,0.0075642816,0.021879701,0.010823688,0.0077146105,-0.01638586,0.016221866,0.0057705836,-0.0196521,-0.016290197,-0.008746414,-0.026457902,0.0044176225,0.019857094,-0.01627653,-0.0024923864,0.016098868,0.0034319425,-0.014581912,0.025637927,-0.024421629,-0.005046271,-0.029737808,-0.00588333,0.0058559976,-0.014923569,0.01671385,-0.011629998,-0.02760587,0.0048515266,0.017998481,0.014691243,-0.0046636155,0.019078117,0.018394802,-0.0053537623,-0.013775602,0.011349839,-0.028261852,0.00040016553,-0.020923063,0.019337775,0.00067562633,-0.04307609,0.019255778,-0.0076052803,0.019091783,0.0015519761,-0.051658507,-0.019911759,0.0040144674,0.004772946,0.0032371983,-0.021469714,-0.022850007,-0.012367976,-0.006863885,0.022440018,0.025050277,-0.0054870085,0.021688374,0.028480511,0.015442887,0.015743546,-0.0080152685,0.0077214437,-0.010236038,-0.011705162,-0.01642686,-0.008568753,0.0014776657,0.034329675,-0.014868904,-0.008363758,-0.025501264,-0.0061634886,-0.03845689,-0.018722793,-0.026198244,0.019488104,0.017274167,0.0050667706,-0.012497806,0.009682554,-0.00795377,0.017260501,-0.021551711,-0.013119621,0.010406867,-0.01235431,0.010844187,0.033291038,-0.036789604,-0.017834485,0.0130171245,-0.013413446,0.008630251,0.029601146,-0.010092542,-0.019665767,-0.019296777,0.0064914795,-0.012313311,-0.0026000084,0.024817951,-0.03222507,0.000056640292,-0.0070517967,-0.008165598,0.008732748,0.011049181,0.010967184,0.00888991,0.010475198,0.0022463936,-0.0016066411,0.011588999,-0.0105161965,0.021879701,-0.00035938024,-0.019447105,0.037664246,0.011021849,-0.001136863,-0.005148768,0.008862577,-0.016672852,-0.018791124,0.020854732,-0.014226589,0.010974017,-0.0060644085,0.020267082,-0.027482873,-0.012142483,0.0036215622,-0.0014870613,-0.045372024,-0.00021107984,0.014226589,-0.022590348,0.00047533002,-0.01671385,-0.04813261,-0.013645773,-0.006628142,-0.008001602,-0.023642652,-0.0300658,0.02745554,-0.010133541,-0.0069732154,0.00069569866,0.00450987,0.008042601,0.023096,0.2521154,-0.023519654,-0.0032696556,0.0092589,-0.023519654,0.017588492,0.0066486415,-0.00024641998,0.002447971,-0.00046892397,-0.008343259,0.0130786225,-0.006265986,-0.01642686,0.011971654,-0.05789033,-0.0531618,-0.03050312,-0.008384258,-0.032279734,0.013358781,-0.0028938332,0.005312763,-0.025637927,0.030585118,-0.0060644085,0.011520667,-0.012080984,-0.00797427,0.030885775,-0.03651628,-0.0022634764,0.013468111,0.015606883,-0.021196388,-0.003867555,0.008924075,0.0035805632,0.03214307,0.009867049,0.009443394,-0.026594566,0.02372465,0.008186097,0.012982959,-0.0026290491,-0.01350911,-0.023806646,-0.011664163,0.023014002,-0.011425003,-0.01719217,0.022125695,0.03834756,0.008602918,0.009272566,0.015661549,0.012682301,-0.021155389,0.022713345,-0.025501264,0.03676227,-0.005370845,0.0007892272,-0.011315674,0.008022102,0.007236291,-0.023177998,0.028179854,-0.01642686,0.0037753077,-0.0056544202,-0.026881557,-0.012566137,-0.024585623,-0.021989033,0.01917378,0.012497806,0.007468618,0.025815587,-0.014212923,-0.0033584863,0.008343259,0.0033584863,0.00087976624,-0.03405635,0.03083111,0.00041255058,-0.030749112,0.00019741357,-0.009621056,0.0023659733,-0.013761936,0.0017629492,0.0070996284,-0.002154146,0.0013512527,0.010242871,-0.02218036,-0.009224733,-0.018394802,0.052505817,0.023710983,0.027428208,-0.014431584,-0.025159607,0.004690948,0.0019389024,0.012060485,0.017902816,-0.012094651,-0.014281254,0.0026683398,-0.013447612,-0.01902345,-0.0098465495,-0.002285684,-0.006423148,0.014964568,-0.014677577,0.010680192,-0.026731228,-0.024107303,0.0000506613,-0.0018210307,-0.021510713,-0.0138712665,-0.0013546692,0.012074151,-0.039085537,0.049881894,-0.023464989,0.04296676,-0.0058799135,-0.012566137,0.011302007,0.025856586,0.0062523196,0.011281508,0.0031483674,0.009047072,-0.0054596756,0.01098085,-0.029573813,0.015415555,-0.011097013,-0.0048891087,0.008356925,0.014048927,-0.026826892,-0.027359877,0.0010719482,-0.0014511873,-0.017315166,0.019624766,-0.002393306,-0.0142949205,-0.008582419,0.0029792474,-0.0059994934,-0.05395444,-0.012757465,0.01788915,-0.002929707,-0.0023984308,-0.008404758,-0.17536561,0.015060232,0.0045132865,-0.041736796,-0.0028938332,-0.015347224,-0.011643664,-0.01167783,-0.005955078,0.0055655893,0.008186097,-0.022098362,-0.038402226,-0.021688374,-0.0027879195,0.03129576,-0.006211321,0.0039188038,0.017725155,0.01671385,0.017164838,-0.020185083,-0.022959337,0.002941665,0.01363894,-0.0072567905,0.021155389,-0.0052239327,-0.008958241,-0.0013777311,0.012060485,-0.012402142,0.018750126,0.0071747927,0.010803188,0.017684156,0.0066315588,0.017096506,-0.008664416,0.020280749,0.024626622,0.027154883,-0.016481524,0.012026319,-0.005910663,0.023328327,0.00013431383,-0.017137505,0.0012316728,0.013351948,0.0035293149,-0.04293943,0.05411844,0.0076667788,0.0043151253,0.022112029,0.014909903,0.011233675,0.014622911,0.024189303,0.0053332625,-0.02555593,-0.009949046,0.02111439,0.004540619,0.0030988273,-0.01352961,0.009853383,-0.0068433858,0.011705162,-0.0038299728,-0.0023540154,0.017943816,0.003566897,0.03252573,-0.0032525728,-0.025719924,0.01536089,0.011486501,0.0014819364,-0.0054357597,0.026717562,-0.017315166,0.0053810948,-0.01917378,0.017629491,0.04069816,-0.01176666,-0.007687278,-0.014390585,0.026034249,-0.037992235,-0.00025517493,0.004246794,-0.017137505,0.023956975,-0.025282603,0.006501729,-0.00980555,-0.0038778048,-0.0061259065,-0.00578425,0.016891513,-0.014745908,0.0067203892,0.002603425,-0.0041477135,0.0018876538,0.034548335,-0.022508351,-0.0056305043,0.016754849,0.011541167,0.026635565,-0.0006884385,0.015319891,-0.011110679,-0.03717226,0.028945165,0.0026358822,-0.0029484981,-0.022508351,0.00041959726,-0.00762578,-0.002087523,-0.010557195,-0.07286856,-0.03793757,0.004451788,0.0003598073,-0.016003205,-0.003734309,0.009737219,0.0029963301,-0.017588492,-0.000112426445,-0.018135143,-0.013447612,-0.016891513,0.001738179,0.005042854,0.0029382484,-0.0064573134,-0.017807152,-0.011486501,0.036160957,-0.0068536354,-0.028398514,0.010803188,-0.023560653,-0.008999241,0.013420279,-0.0031944911,0.028671838,0.0077077774,0.017902816,0.013837101,0.007885439,0.0002387327,-0.015688881,-0.0058184154,-0.0051692673,-0.043950733,-0.0029638729,0.030913107,-0.02555593,-0.010680192,0.0046943645,0.026635565,-0.016768515,0.010639193,-0.011916989,-0.023082335,0.020226084,-0.010359034,-0.0068160533,-0.011513834,0.008712249,-0.008773747,-0.0091154035,0.040862154,0.02218036,0.017998481,0.02492728,-0.0033994853,-0.0060780747,0.028972497,-0.034357008,-0.023519654,0.013939598,0.032935716,0.017547494,0.007905939,0.0025163023,-0.016303863,-0.0044996203,-0.019816095,0.02372465,-0.014472582,-0.0037445587,-0.012689134,-0.008965075,-0.0013538151,-0.008575586,0.023137,-0.046929978,-0.017725155,-0.006050742,0.010564028,-0.0027964609,0.009040239,0.0074617844,0.0026837143,-0.026990887,-0.0046806983,-0.026006917,-0.021346718,0.031514425,0.011466002,-0.0060780747,0.008138265,0.005124852,-0.01132934,0.006682807,-0.0070244637,-0.004943774,-0.007120128,-0.022207692,-0.07385253,0.020431077,-0.0057056686,0.0072089587,-0.006669141,-0.009744052,0.0056680865,-0.016959844,-0.012518305,0.003206449,0.0017356166,0.005528007,-0.015046566,0.0053435126,-0.022850007,-0.017998481,0.01085102,-0.016850514,0.0022788509,0.024025306,-0.0037001432,0.0145409135,-0.00008060965,-0.0032269484,0.0119784875,0.009928547,-0.018927786,0.031487092,-0.017998481,0.0014657077,0.02170204,-0.04020617,0.013802935,0.01679585,-0.00028250748,-0.0091154035,0.017902816,0.03331837,0.0105776945,0.032826386,-0.013317782,-0.028343849,0.001978193,0.0008391945,-0.009067572,0.008999241,-0.060240928,0.020950396,0.036379617,-0.035477642,0.008766914,0.022645013,-0.022822674,-0.003127868,-0.0137482695,-0.013126454,0.029792473,0.016768515,-0.01939244,0.017137505,0.018982451,-0.016249198,0.015005567,-0.00648123,0.03181508,-0.013338282,-0.000001152758,0.017971149,0.016563522,-0.015538552,-0.0043117087,0.0076394463,0.011240509,0.038839545,-0.001088177,0.0288905,-0.012197148,-0.0017749071,-0.033236373,0.028234519,0.033482365,-0.019624766,0.0037992236,0.017260501,0.017533828,0.03252573,-0.0038197231,0.013891766,-0.014827905,-0.0061259065,0.0064402306,0.011001349,0.0006717827,0.0135022765,0.019091783,0.009778217,-0.028425846,-0.012695967,0.021756705,0.011226842,0.0023898894,0.0068468023,0.0058867466,-0.005514341,-0.022713345,-0.0011334465,-0.051549178,-0.007960604,0.029737808,-0.002791336,-0.008520921,0.0037855573,0.01869546,0.019132782,-0.029355153,0.009375063,0.021879701,-0.009996878,-0.02690889,0.020034755,-0.002116564,0.011206343,0.0357783,-0.0022771426,0.027154883,0.02878117,-0.013796101,-0.030967772,0.017123839,-0.00773511,0.010208705,-0.021524379,-0.027687868,-0.019515436,-0.017916482,0.012197148,-0.0037206425,0.023833979,-0.019679433,0.052232493,0.011172177,-0.019310443,0.0075506154,0.010290703,-0.0099080475,0.007673612,-0.007919605,-0.023820313,0.017943816,0.017260501,-0.023806646,0.006990298,-0.0025128857,-0.021743039,-0.014103593,-0.0016331195,0.0075506154,0.0127711315,-0.0021917284,0.008787413,0.0068297195,0.015306225,0.0011582166,-0.018299138,0.005941412,0.013433945,-0.014035261,-0.013133287,-0.024394296,-0.00782394,0.0022036864,-0.029327821,-0.0064983126,0.0096620545,-0.028125187,-0.0014409376,-0.023642652,0.0024103888,0.015565884,0.020280749,0.012422642,-0.014472582,-0.017096506,0.010229205,-0.00089428667,-0.004950607,-0.00019912186,-0.022166694]
[{role: assistant, content: [{type: text, text: 您好！我是您的回忆助手，很高兴与您一起回顾过去的时光。  
我想请您回忆一下，您有没有参加过一次难忘的聚会或活动？  
那次聚会的氛围让我至今难忘...  
聚会上有没有特别的表演或节目让您印象深刻...  
您是否和某位重要的人在那次活动中重聚...  }, {type: text, text: }, {type: text, text: }, {type: text, text: false}, {type: text, text: 您好！我是您的回忆助手，很高兴与您一起回顾过去的时光。  
我想请您回忆一下，您有没有参加过一次难忘的聚会或活动？  
那次聚会的氛围让我至今难忘...  
聚会上有没有特别的表演或节目让您印象深刻...  
您是否和某位重要的人在那次活动中重聚...  }]}, {role: assistant, content: [{type: text, text: 您好！我是您的回忆助手，很高兴与您一起回顾过去的时光。  
我想请您回忆一下，有没有一张照片让您想起某个特定的场景？  
那是和家人一起度假的时刻...  
那是我和朋友聚会时捕捉到的瞬间...  
那张照片里有我最喜欢的风景...  }, {type: text, text: }, {type: text, text: }, {type: text, text: false}, {type: text, text: 您好！我是您的回忆助手，很高兴与您一起回顾过去的时光。  
我想请您回忆一下，有没有一张照片让您想起某个特定的场景？  
那是和家人一起度假的时刻...  
那是我和朋友聚会时捕捉到的瞬间...  
那张照片里有我最喜欢的风景...  }]}],[-0.023410324,0.005292264,0.016932512,-0.015811877,-0.015060232,0.033892356,0.0009182027,-0.0032850301,-0.028945165,-0.03061245,-0.017315166,0.018709127,-0.012381643,-0.030694447,-0.017096506,-0.001208611,0.029191157,0.017807152,0.021319384,-0.0145409135,0.011069681,0.023055002,-0.002154146,0.015046566,-0.017902816,-0.0054938416,0.019378774,-0.018681794,0.020909397,-0.0013623565,0.023328327,-0.011110679,-0.0069185505,-0.027523872,-0.004885692,-0.028207187,-0.010564028,0.00097201363,0.026088914,0.011787159,0.013707271,0.008746414,0.012415809,0.02438063,-0.015101231,0.0207864,-0.0072021256,-0.04201012,0.02361532,0.016249198,0.020868398,0.038866878,-0.023150666,-0.009429728,-0.0026358822,-0.009518558,0.012347477,0.05728901,-0.0092998985,-0.026307574,-0.0015451428,0.009231566,-0.025678925,0.006429981,0.018545132,0.0024223467,-0.019952757,-0.010338535,0.023123333,0.014609245,-0.003987135,0.019857094,0.005791083,-0.014021595,0.04911658,-0.014978235,0.0136252735,-0.0051351017,0.009996878,0.00073541625,0.0026358822,-0.023082335,0.009511725,0.040124174,-0.00044842454,0.044169392,-0.00042728454,0.026444236,-0.034603,-0.02921849,0.015989538,0.013925931,0.012873628,0.019187447,0.021661041,0.03083111,-0.0014597287,0.031159101,-0.0033704443,-0.010058376,0.009388729,0.005528007,-0.040725492,-0.009211067,-0.019665767,0.0007264478,0.029027162,0.0031193267,0.012258646,0.014868904,-0.033291038,0.05920229,0.0017065757,-0.003758225,-0.062646195,-0.014827905,0.020144084,-0.017957482,-0.015265226,-0.030475788,-0.00472853,0.031159101,0.0038983042,-0.029409818,0.0044244556,0.016071536,0.014130926,-0.017615825,0.015661549,-0.0058013326,0.047667958,0.0074071195,0.018613463,0.01631753,-0.021729372,0.00993538,-0.007065463,0.008582419,-0.020103086,-0.0050189383,0.0046704486,0.021565378,-0.013105955,-0.01536089,0.019679433,0.031186434,-0.008705416,0.005756917,0.012361143,0.022891006,0.022057364,-0.0041852957,-0.0024189302,0.009812383,0.0036488946,-0.0011343006,-0.0022686012,0.011295174,-0.016768515,-0.03266239,0.006327484,0.025829254,0.013652606,0.0011445503,0.012607136,0.038839545,-0.0039837183,-0.012258646,0.02899983,-0.016208198,-0.035914965,0.018982451,-0.02734621,0.0015494137,-0.016303863,0.0009113695,0.027783532,0.016522523,-0.022002699,-0.011507001,-0.032389063,-0.025378268,0.006908301,0.008910409,-0.01525156,-0.007290956,-0.003536148,-0.017205836,-0.0065837265,-0.0065153954,0.0078034415,0.038839545,-0.006344567,-0.0072499574,-0.6192461,-0.0025641343,0.0016032245,-0.016508857,0.018763792,0.001311108,-0.0050086887,0.018135143,-0.013208452,-0.026990887,-0.02067707,0.025009278,0.008664416,-0.004342458,-0.018681794,-0.011165344,0.0036830604,0.0024155136,0.00048259023,0.0047763623,-0.018613463,0.024899948,-0.0037103929,0.004352708,-0.0127233,-0.0067477217,-0.010126708,-0.0009617639,-0.02815252,0.045071367,-0.031842414,-0.010529863,0.003378986,-0.0094775595,0.058382314,0.015101231,-0.033564363,0.023628986,0.008534587,0.032580394,-0.009211067,0.00041404535,0.012258646,0.0070996284,0.009183735,-0.0055314237,-0.019091783,0.011513834,0.016823182,-0.01455458,-0.003187658,-0.0026734646,-0.004239961,0.00782394,-0.006296735,-0.034657665,0.021620043,-0.030120464,-0.025583262,0.008828412,0.015374556,0.023574319,-0.014404251,-0.02254935,-0.027100218,0.02815252,-0.0024582208,-0.0014144592,-0.0014665618,-0.01756116,0.004492787,0.012825796,-0.0105776945,0.0051966,-0.0029279988,0.010953517,0.020075753,0.0051761004,-0.015183228,0.013843934,0.015893875,-0.018763792,-0.0007687278,-0.018121477,-0.012415809,0.00015257111,-0.03381036,-0.022563016,0.034821663,-0.0012111734,0.0060063265,-0.006330901,-0.000787946,0.0047831954,-0.019242112,0.043868735,-0.032088406,0.009593723,0.011110679,-0.0300658,0.013652606,0.00910857,0.010748523,0.026703896,0.0121629825,0.015456554,-0.029491816,0.004834444,0.03296305,-0.018463133,-0.0013555234,-0.0007290102,0.016440526,-0.031979077,-0.017205836,-0.022235025,0.023300994,0.022522017,0.022535684,-0.002622216,0.0015673506,-0.0070107975,0.0042126286,-0.005821832,0.0134407785,0.02533727,-0.0014050637,-0.0132631175,-0.011008183,0.014308587,0.012053652,-0.01525156,0.014841571,-0.012169816,0.017629491,-0.008240762,0.015497552,-0.005148768,0.030776445,-0.018668128,0.029409818,0.015401889,0.010680192,-0.04362274,-0.027728867,-0.023505988,-0.014089927,-0.0027383792,-0.027769865,0.0034900242,-0.0034678166,-0.0009643263,-0.008069933,0.0152105605,0.000032777698,0.0075096167,-0.0020072337,-0.0063343174,-0.027318878,-0.011520667,0.0034866077,-0.010126708,-0.015169562,-0.0024411378,-0.018449467,-0.028261852,0.0101540405,0.0145409135,-0.017397165,-0.01605787,-0.0173835,-0.0047763623,-0.018203475,-0.029683143,0.015688881,0.023820313,-0.022590348,-0.013891766,0.027305212,-0.016522523,-0.015852876,0.01564788,-0.0028528343,-0.008917242,0.011110679,-0.0019115699,0.010987683,0.012108318,-0.024722286,0.027797198,-0.0055109244,0.033154376,-0.014991901,-0.0080152685,-0.009655221,0.022084696,-0.012238147,0.010769023,0.004919858,0.009183735,0.009026573,-0.008186097,0.022330688,-0.012121984,-0.0039017207,-0.0037445587,0.015429221,-0.0017433038,0.024995612,-0.011746161,0.024681287,-0.020663403,-0.0027691284,-0.0071952925,0.0058867466,0.014964568,0.0042126286,0.010304369,-0.014896236,-0.02514594,0.004144297,-0.009286232,-0.010557195,0.0080152685,-0.013365614,0.009887548,0.013235785,0.016522523,-0.012176649,0.00086823537,0.015060232,0.0058491644,0.012060485,-0.00072303123,-0.008315926,-0.022139361,0.03566897,-0.027291546,0.032607727,-0.0019986923,-0.004325375,0.01784815,0.0015562468,-0.028316516,0.020007422,-0.0054938416,0.015128563,0.014007929,-0.0017526994,0.028097855,-0.009033406,0.026184577,-0.009545892,-0.019078117,0.0081997635,0.0049232747,-0.019447105,0.016344862,0.008739581,0.031131769,-0.011957988,-0.0025914668,0.024421629,0.0053161797,0.0017509911,-0.013837101,-0.00042899282,-0.004981356,-0.030229794,-0.019337775,0.018162476,-0.017684156,-0.009880715,-0.012033152,0.011076514,0.0011565083,0.0128941275,-0.015224228,-0.008281761,-0.0049164416,-0.021879701,-0.03490366,0.01928311,0.0025043443,-0.00023958684,-0.023000335,-0.03501299,0.017219502,-0.008281761,0.00854142,0.002688839,0.012190315,0.00031581902,0.001130884,-0.0016373902,0.027318878,0.0073456215,-0.0082612615,-0.0029279988,-0.015005567,-0.021251053,-0.0035942297,-0.009627889,-0.027441874,0.019365108,-0.0042843763,-0.021278385,0.022481019,-0.008794246,-0.0019713598,-0.017875483,-0.012258646,-0.0044483715,-0.0034848994,0.027264213,0.011356672,-0.018244473,-0.010960351,0.030202461,0.011992154,-0.011459169,-0.017315166,-0.01444525,0.02089573,0.024448961,0.06740206,0.000026798705,-0.013700438,0.019365108,0.014021595,-0.039495528,-0.016768515,0.017369833,-0.015661549,-0.018381136,0.013584275,0.017957482,-0.0034592752,0.020923063,0.002622216,-0.008001602,0.005941412,0.014062594,-0.0127028,-0.008520921,-0.00010730159,0.006669141,0.01631753,-0.0089924075,-0.013775602,0.018340137,0.03129576,0.0049881893,-0.03266239,0.012518305,0.025104942,0.03793757,0.006693057,-0.03211574,0.02815252,0.0018278639,0.014431584,0.026061581,0.0011821325,0.006412898,0.030967772,0.015798211,-0.014021595,0.01631753,-0.021210054,0.0074959504,0.013181119,-0.013112788,0.0016553273,0.004895942,0.027838197,-0.015169562,-0.029573813,0.011049181,-0.004735363,-0.010639193,-0.020376412,0.0014076261,-0.010755356,0.01998009,-0.02041741,-0.005432343,-0.018285472,-0.024517292,-0.022781676,-0.032580394,-0.022166694,-0.0043356246,0.014855238,-0.0064026485,0.0088694105,-0.0047421963,0.00039440006,0.0015656423,0.017957482,0.017807152,-0.03200641,0.00936823,0.002297642,0.016454192,-0.030229794,0.020854732,-0.009340897,-0.023218997,0.0086234175,-0.0016553273,-0.0056544202,-0.0030099964,0.004547452,0.0051385183,0.0028460012,0.02716855,0.012395309,0.010236038,-0.0033106545,-0.0015468511,0.014007929,-0.0024804284,-0.019993756,-0.0040793824,-0.04479804,-0.011445503,-0.022617681,0.017465496,-0.0058423313,0.010222372,0.032799054,0.0027212964,-0.017615825,0.0075096167,-0.020226084,0.0008865994,-0.008220263,0.0038504722,0.0019440273,-0.0024787202,0.026936222,0.005774,-0.01213565,0.0053810948,-0.03665294,0.023177998,0.025760923,-0.011343006,0.009573224,-0.010557195,-0.015128563,0.013884933,-0.0066964733,-0.007584781,0.0011197801,-0.0012504639,0.0033277373,-0.02921849,-0.016071536,0.00021716561,0.0071474602,0.004352708,-0.014226589,-0.031596422,-0.021606376,-0.009634722,0.005340096,0.042638768,-0.030311791,-0.02111439,0.0068433858,0.0065905596,0.019447105,-0.0010352201,0.0017168254,-0.04154547,-0.005972161,0.00496769,-0.02976514,-0.019447105,0.023177998,0.0144179175,0.0008814746,0.03643428,0.008438923,-0.0084457565,0.0015733296,0.0015673506,0.025132274,-0.0016664311,-0.008329593,-0.013823435,0.0080767665,-0.0037616414,0.01821714,0.012067318,-0.02390231,-0.021305718,0.0024804284,0.013652606,0.0028169604,-0.017410832,-0.04824194,-0.019583767,-0.026075248,-0.024831617,-0.010427366,-0.027633203,0.0030937023,-0.0010591361,-0.007741943,0.033127043,-0.00060302427,0.016208198,-0.019857094,0.005473342,-0.0071132947,0.011015016,-0.0038231397,-0.017943816,-0.013420279,-0.012764298,0.005015522,0.028617173,0.0067272224,-0.0036693942,0.0075574485,0.00980555,0.009272566,-0.03793757,-0.010823688,0.0033089463,-0.01627653,-0.01862713,0.003230365,-0.0065598106,-0.0196111,0.0031227432,0.0046226163,-0.010167707,0.020116752,-0.005774,-0.010666525,-0.022412686,-0.008596085,0.034630332,0.004752446,0.026498903,0.02159271,-0.0041237976,-0.024913615,-0.07035397,0.02331466,-0.0024291798,0.020608738,0.033045046,-0.019993756,0.008165598,0.034220345,0.014595578,-0.009190568,-0.039878182,0.0050975196,0.012183482,0.0076052803,-0.0012581511,-0.016686518,-0.014759574,0.012477307,-0.022098362,-0.010591361,-0.015962206,-0.0075437822,-0.042884763,0.013891766,-0.0043151253,0.011575333,0.012436308,-0.007905939,0.007940104,0.00021438964,-0.00043454475,0.015060232,-0.006286485,0.023587985,-0.023464989,0.009074405,-0.008842078,0.033755694,0.0042843763,-0.019091783,0.0031893663,0.037746243,-0.021100724,-0.01224498,0.01259347,0.004885692,0.011732494,0.0035873963,-0.007673612,0.006549561,-0.0026478402,-0.0048515266,0.02584292,0.0075642816,0.021879701,0.010823688,0.0077146105,-0.01638586,0.016221866,0.0057705836,-0.0196521,-0.016290197,-0.008746414,-0.026457902,0.0044176225,0.019857094,-0.01627653,-0.0024923864,0.016098868,0.0034319425,-0.014581912,0.025637927,-0.024421629,-0.005046271,-0.029737808,-0.00588333,0.0058559976,-0.014923569,0.01671385,-0.011629998,-0.02760587,0.0048515266,0.017998481,0.014691243,-0.0046636155,0.019078117,0.018394802,-0.0053537623,-0.013775602,0.011349839,-0.028261852,0.00040016553,-0.020923063,0.019337775,0.00067562633,-0.04307609,0.019255778,-0.0076052803,0.019091783,0.0015519761,-0.051658507,-0.019911759,0.0040144674,0.004772946,0.0032371983,-0.021469714,-0.022850007,-0.012367976,-0.006863885,0.022440018,0.025050277,-0.0054870085,0.021688374,0.028480511,0.015442887,0.015743546,-0.0080152685,0.0077214437,-0.010236038,-0.011705162,-0.01642686,-0.008568753,0.0014776657,0.034329675,-0.014868904,-0.008363758,-0.025501264,-0.0061634886,-0.03845689,-0.018722793,-0.026198244,0.019488104,0.017274167,0.0050667706,-0.012497806,0.009682554,-0.00795377,0.017260501,-0.021551711,-0.013119621,0.010406867,-0.01235431,0.010844187,0.033291038,-0.036789604,-0.017834485,0.0130171245,-0.013413446,0.008630251,0.029601146,-0.010092542,-0.019665767,-0.019296777,0.0064914795,-0.012313311,-0.0026000084,0.024817951,-0.03222507,0.000056640292,-0.0070517967,-0.008165598,0.008732748,0.011049181,0.010967184,0.00888991,0.010475198,0.0022463936,-0.0016066411,0.011588999,-0.0105161965,0.021879701,-0.00035938024,-0.019447105,0.037664246,0.011021849,-0.001136863,-0.005148768,0.008862577,-0.016672852,-0.018791124,0.020854732,-0.014226589,0.010974017,-0.0060644085,0.020267082,-0.027482873,-0.012142483,0.0036215622,-0.0014870613,-0.045372024,-0.00021107984,0.014226589,-0.022590348,0.00047533002,-0.01671385,-0.04813261,-0.013645773,-0.006628142,-0.008001602,-0.023642652,-0.0300658,0.02745554,-0.010133541,-0.0069732154,0.00069569866,0.00450987,0.008042601,0.023096,0.2521154,-0.023519654,-0.0032696556,0.0092589,-0.023519654,0.017588492,0.0066486415,-0.00024641998,0.002447971,-0.00046892397,-0.008343259,0.0130786225,-0.006265986,-0.01642686,0.011971654,-0.05789033,-0.0531618,-0.03050312,-0.008384258,-0.032279734,0.013358781,-0.0028938332,0.005312763,-0.025637927,0.030585118,-0.0060644085,0.011520667,-0.012080984,-0.00797427,0.030885775,-0.03651628,-0.0022634764,0.013468111,0.015606883,-0.021196388,-0.003867555,0.008924075,0.0035805632,0.03214307,0.009867049,0.009443394,-0.026594566,0.02372465,0.008186097,0.012982959,-0.0026290491,-0.01350911,-0.023806646,-0.011664163,0.023014002,-0.011425003,-0.01719217,0.022125695,0.03834756,0.008602918,0.009272566,0.015661549,0.012682301,-0.021155389,0.022713345,-0.025501264,0.03676227,-0.005370845,0.0007892272,-0.011315674,0.008022102,0.007236291,-0.023177998,0.028179854,-0.01642686,0.0037753077,-0.0056544202,-0.026881557,-0.012566137,-0.024585623,-0.021989033,0.01917378,0.012497806,0.007468618,0.025815587,-0.014212923,-0.0033584863,0.008343259,0.0033584863,0.00087976624,-0.03405635,0.03083111,0.00041255058,-0.030749112,0.00019741357,-0.009621056,0.0023659733,-0.013761936,0.0017629492,0.0070996284,-0.002154146,0.0013512527,0.010242871,-0.02218036,-0.009224733,-0.018394802,0.052505817,0.023710983,0.027428208,-0.014431584,-0.025159607,0.004690948,0.0019389024,0.012060485,0.017902816,-0.012094651,-0.014281254,0.0026683398,-0.013447612,-0.01902345,-0.0098465495,-0.002285684,-0.006423148,0.014964568,-0.014677577,0.010680192,-0.026731228,-0.024107303,0.0000506613,-0.0018210307,-0.021510713,-0.0138712665,-0.0013546692,0.012074151,-0.039085537,0.049881894,-0.023464989,0.04296676,-0.0058799135,-0.012566137,0.011302007,0.025856586,0.0062523196,0.011281508,0.0031483674,0.009047072,-0.0054596756,0.01098085,-0.029573813,0.015415555,-0.011097013,-0.0048891087,0.008356925,0.014048927,-0.026826892,-0.027359877,0.0010719482,-0.0014511873,-0.017315166,0.019624766,-0.002393306,-0.0142949205,-0.008582419,0.0029792474,-0.0059994934,-0.05395444,-0.012757465,0.01788915,-0.002929707,-0.0023984308,-0.008404758,-0.17536561,0.015060232,0.0045132865,-0.041736796,-0.0028938332,-0.015347224,-0.011643664,-0.01167783,-0.005955078,0.0055655893,0.008186097,-0.022098362,-0.038402226,-0.021688374,-0.0027879195,0.03129576,-0.006211321,0.0039188038,0.017725155,0.01671385,0.017164838,-0.020185083,-0.022959337,0.002941665,0.01363894,-0.0072567905,0.021155389,-0.0052239327,-0.008958241,-0.0013777311,0.012060485,-0.012402142,0.018750126,0.0071747927,0.010803188,0.017684156,0.0066315588,0.017096506,-0.008664416,0.020280749,0.024626622,0.027154883,-0.016481524,0.012026319,-0.005910663,0.023328327,0.00013431383,-0.017137505,0.0012316728,0.013351948,0.0035293149,-0.04293943,0.05411844,0.0076667788,0.0043151253,0.022112029,0.014909903,0.011233675,0.014622911,0.024189303,0.0053332625,-0.02555593,-0.009949046,0.02111439,0.004540619,0.0030988273,-0.01352961,0.009853383,-0.0068433858,0.011705162,-0.0038299728,-0.0023540154,0.017943816,0.003566897,0.03252573,-0.0032525728,-0.025719924,0.01536089,0.011486501,0.0014819364,-0.0054357597,0.026717562,-0.017315166,0.0053810948,-0.01917378,0.017629491,0.04069816,-0.01176666,-0.007687278,-0.014390585,0.026034249,-0.037992235,-0.00025517493,0.004246794,-0.017137505,0.023956975,-0.025282603,0.006501729,-0.00980555,-0.0038778048,-0.0061259065,-0.00578425,0.016891513,-0.014745908,0.0067203892,0.002603425,-0.0041477135,0.0018876538,0.034548335,-0.022508351,-0.0056305043,0.016754849,0.011541167,0.026635565,-0.0006884385,0.015319891,-0.011110679,-0.03717226,0.028945165,0.0026358822,-0.0029484981,-0.022508351,0.00041959726,-0.00762578,-0.002087523,-0.010557195,-0.07286856,-0.03793757,0.004451788,0.0003598073,-0.016003205,-0.003734309,0.009737219,0.0029963301,-0.017588492,-0.000112426445,-0.018135143,-0.013447612,-0.016891513,0.001738179,0.005042854,0.0029382484,-0.0064573134,-0.017807152,-0.011486501,0.036160957,-0.0068536354,-0.028398514,0.010803188,-0.023560653,-0.008999241,0.013420279,-0.0031944911,0.028671838,0.0077077774,0.017902816,0.013837101,0.007885439,0.0002387327,-0.015688881,-0.0058184154,-0.0051692673,-0.043950733,-0.0029638729,0.030913107,-0.02555593,-0.010680192,0.0046943645,0.026635565,-0.016768515,0.010639193,-0.011916989,-0.023082335,0.020226084,-0.010359034,-0.0068160533,-0.011513834,0.008712249,-0.008773747,-0.0091154035,0.040862154,0.02218036,0.017998481,0.02492728,-0.0033994853,-0.0060780747,0.028972497,-0.034357008,-0.023519654,0.013939598,0.032935716,0.017547494,0.007905939,0.0025163023,-0.016303863,-0.0044996203,-0.019816095,0.02372465,-0.014472582,-0.0037445587,-0.012689134,-0.008965075,-0.0013538151,-0.008575586,0.023137,-0.046929978,-0.017725155,-0.006050742,0.010564028,-0.0027964609,0.009040239,0.0074617844,0.0026837143,-0.026990887,-0.0046806983,-0.026006917,-0.021346718,0.031514425,0.011466002,-0.0060780747,0.008138265,0.005124852,-0.01132934,0.006682807,-0.0070244637,-0.004943774,-0.007120128,-0.022207692,-0.07385253,0.020431077,-0.0057056686,0.0072089587,-0.006669141,-0.009744052,0.0056680865,-0.016959844,-0.012518305,0.003206449,0.0017356166,0.005528007,-0.015046566,0.0053435126,-0.022850007,-0.017998481,0.01085102,-0.016850514,0.0022788509,0.024025306,-0.0037001432,0.0145409135,-0.00008060965,-0.0032269484,0.0119784875,0.009928547,-0.018927786,0.031487092,-0.017998481,0.0014657077,0.02170204,-0.04020617,0.013802935,0.01679585,-0.00028250748,-0.0091154035,0.017902816,0.03331837,0.0105776945,0.032826386,-0.013317782,-0.028343849,0.001978193,0.0008391945,-0.009067572,0.008999241,-0.060240928,0.020950396,0.036379617,-0.035477642,0.008766914,0.022645013,-0.022822674,-0.003127868,-0.0137482695,-0.013126454,0.029792473,0.016768515,-0.01939244,0.017137505,0.018982451,-0.016249198,0.015005567,-0.00648123,0.03181508,-0.013338282,-0.000001152758,0.017971149,0.016563522,-0.015538552,-0.0043117087,0.0076394463,0.011240509,0.038839545,-0.001088177,0.0288905,-0.012197148,-0.0017749071,-0.033236373,0.028234519,0.033482365,-0.019624766,0.0037992236,0.017260501,0.017533828,0.03252573,-0.0038197231,0.013891766,-0.014827905,-0.0061259065,0.0064402306,0.011001349,0.0006717827,0.0135022765,0.019091783,0.009778217,-0.028425846,-0.012695967,0.021756705,0.011226842,0.0023898894,0.0068468023,0.0058867466,-0.005514341,-0.022713345,-0.0011334465,-0.051549178,-0.007960604,0.029737808,-0.002791336,-0.008520921,0.0037855573,0.01869546,0.019132782,-0.029355153,0.009375063,0.021879701,-0.009996878,-0.02690889,0.020034755,-0.002116564,0.011206343,0.0357783,-0.0022771426,0.027154883,0.02878117,-0.013796101,-0.030967772,0.017123839,-0.00773511,0.010208705,-0.021524379,-0.027687868,-0.019515436,-0.017916482,0.012197148,-0.0037206425,0.023833979,-0.019679433,0.052232493,0.011172177,-0.019310443,0.0075506154,0.010290703,-0.0099080475,0.007673612,-0.007919605,-0.023820313,0.017943816,0.017260501,-0.023806646,0.006990298,-0.0025128857,-0.021743039,-0.014103593,-0.0016331195,0.0075506154,0.0127711315,-0.0021917284,0.008787413,0.0068297195,0.015306225,0.0011582166,-0.018299138,0.005941412,0.013433945,-0.014035261,-0.013133287,-0.024394296,-0.00782394,0.0022036864,-0.029327821,-0.0064983126,0.0096620545,-0.028125187,-0.0014409376,-0.023642652,0.0024103888,0.015565884,0.020280749,0.012422642,-0.014472582,-0.017096506,0.010229205,-0.00089428667,-0.004950607,-0.00019912186,-0.022166694]
[{role: assistant, content: [{type: text, text: 您好！我是您的回忆助手，很高兴与您一起回顾过去的时光。  
我想请您回忆一下，您有没有参加过一次难忘的聚会或活动？  
那次聚会的氛围让我至今难忘...  
聚会上有没有特别的表演或节目让您印象深刻...  
您是否和某位重要的人在那次活动中重聚...  }, {type: text, text: }, {type: text, text: }, {type: text, text: false}, {type: text, text: 您好！我是您的回忆助手，很高兴与您一起回顾过去的时光。  
我想请您回忆一下，您有没有参加过一次难忘的聚会或活动？  
那次聚会的氛围让我至今难忘...  
聚会上有没有特别的表演或节目让您印象深刻...  
您是否和某位重要的人在那次活动中重聚...  }]}, {role: assistant, content: [{type: text, text: 您好！我是您的回忆助手，很高兴与您一起回顾过去的时光。  
我想请您回忆一下，有没有一张照片让您想起某个特定的场景？  
那是和家人一起度假的时刻...  
那是我和朋友聚会时捕捉到的瞬间...  
那张照片里有我最喜欢的风景...  }, {type: text, text: }, {type: text, text: }, {type: text, text: false}, {type: text, text: 您好！我是您的回忆助手，很高兴与您一起回顾过去的时光。  
我想请您回忆一下，有没有一张照片让您想起某个特定的场景？  
那是和家人一起度假的时刻...  
那是我和朋友聚会时捕捉到的瞬间...  
那张照片里有我最喜欢的风景...  }]}],[]
[{role: assistant, content: [{type: text, text: 您好！我是您的回忆助手，很高兴与您一起回顾过去的时光。  
我想请您回忆一下，您有没有参加过一次难忘的聚会或活动？  
那次聚会的氛围让我至今难忘...  
聚会上有没有特别的表演或节目让您印象深刻...  
您是否和某位重要的人在那次活动中重聚...  }, {type: text, text: }, {type: text, text: }, {type: text, text: false}, {type: text, text: 您好！我是您的回忆助手，很高兴与您一起回顾过去的时光。  
我想请您回忆一下，您有没有参加过一次难忘的聚会或活动？  
那次聚会的氛围让我至今难忘...  
聚会上有没有特别的表演或节目让您印象深刻...  
您是否和某位重要的人在那次活动中重聚...  }]}, {role: assistant, content: [{type: text, text: 您好！我是您的回忆助手，很高兴与您一起回顾过去的时光。  
我想请您回忆一下，有没有一张照片让您想起某个特定的场景？  
那是和家人一起度假的时刻...  
那是我和朋友聚会时捕捉到的瞬间...  
那张照片里有我最喜欢的风景...  }, {type: text, text: }, {type: text, text: }, {type: text, text: false}, {type: text, text: 您好！我是您的回忆助手，很高兴与您一起回顾过去的时光。  
我想请您回忆一下，有没有一张照片让您想起某个特定的场景？  
那是和家人一起度假的时刻...  
那是我和朋友聚会时捕捉到的瞬间...  
那张照片里有我最喜欢的风景...  }]}],[-0.023410324,0.005292264,0.016932512,-0.015811877,-0.015060232,0.033892356,0.0009182027,-0.0032850301,-0.028945165,-0.03061245,-0.017315166,0.018709127,-0.012381643,-0.030694447,-0.017096506,-0.001208611,0.029191157,0.017807152,0.021319384,-0.0145409135,0.011069681,0.023055002,-0.002154146,0.015046566,-0.017902816,-0.0054938416,0.019378774,-0.018681794,0.020909397,-0.0013623565,0.023328327,-0.011110679,-0.0069185505,-0.027523872,-0.004885692,-0.028207187,-0.010564028,0.00097201363,0.026088914,0.011787159,0.013707271,0.008746414,0.012415809,0.02438063,-0.015101231,0.0207864,-0.0072021256,-0.04201012,0.02361532,0.016249198,0.020868398,0.038866878,-0.023150666,-0.009429728,-0.0026358822,-0.009518558,0.012347477,0.05728901,-0.0092998985,-0.026307574,-0.0015451428,0.009231566,-0.025678925,0.006429981,0.018545132,0.0024223467,-0.019952757,-0.010338535,0.023123333,0.014609245,-0.003987135,0.019857094,0.005791083,-0.014021595,0.04911658,-0.014978235,0.0136252735,-0.0051351017,0.009996878,0.00073541625,0.0026358822,-0.023082335,0.009511725,0.040124174,-0.00044842454,0.044169392,-0.00042728454,0.026444236,-0.034603,-0.02921849,0.015989538,0.013925931,0.012873628,0.019187447,0.021661041,0.03083111,-0.0014597287,0.031159101,-0.0033704443,-0.010058376,0.009388729,0.005528007,-0.040725492,-0.009211067,-0.019665767,0.0007264478,0.029027162,0.0031193267,0.012258646,0.014868904,-0.033291038,0.05920229,0.0017065757,-0.003758225,-0.062646195,-0.014827905,0.020144084,-0.017957482,-0.015265226,-0.030475788,-0.00472853,0.031159101,0.0038983042,-0.029409818,0.0044244556,0.016071536,0.014130926,-0.017615825,0.015661549,-0.0058013326,0.047667958,0.0074071195,0.018613463,0.01631753,-0.021729372,0.00993538,-0.007065463,0.008582419,-0.020103086,-0.0050189383,0.0046704486,0.021565378,-0.013105955,-0.01536089,0.019679433,0.031186434,-0.008705416,0.005756917,0.012361143,0.022891006,0.022057364,-0.0041852957,-0.0024189302,0.009812383,0.0036488946,-0.0011343006,-0.0022686012,0.011295174,-0.016768515,-0.03266239,0.006327484,0.025829254,0.013652606,0.0011445503,0.012607136,0.038839545,-0.0039837183,-0.012258646,0.02899983,-0.016208198,-0.035914965,0.018982451,-0.02734621,0.0015494137,-0.016303863,0.0009113695,0.027783532,0.016522523,-0.022002699,-0.011507001,-0.032389063,-0.025378268,0.006908301,0.008910409,-0.01525156,-0.007290956,-0.003536148,-0.017205836,-0.0065837265,-0.0065153954,0.0078034415,0.038839545,-0.006344567,-0.0072499574,-0.6192461,-0.0025641343,0.0016032245,-0.016508857,0.018763792,0.001311108,-0.0050086887,0.018135143,-0.013208452,-0.026990887,-0.02067707,0.025009278,0.008664416,-0.004342458,-0.018681794,-0.011165344,0.0036830604,0.0024155136,0.00048259023,0.0047763623,-0.018613463,0.024899948,-0.0037103929,0.004352708,-0.0127233,-0.0067477217,-0.010126708,-0.0009617639,-0.02815252,0.045071367,-0.031842414,-0.010529863,0.003378986,-0.0094775595,0.058382314,0.015101231,-0.033564363,0.023628986,0.008534587,0.032580394,-0.009211067,0.00041404535,0.012258646,0.0070996284,0.009183735,-0.0055314237,-0.019091783,0.011513834,0.016823182,-0.01455458,-0.003187658,-0.0026734646,-0.004239961,0.00782394,-0.006296735,-0.034657665,0.021620043,-0.030120464,-0.025583262,0.008828412,0.015374556,0.023574319,-0.014404251,-0.02254935,-0.027100218,0.02815252,-0.0024582208,-0.0014144592,-0.0014665618,-0.01756116,0.004492787,0.012825796,-0.0105776945,0.0051966,-0.0029279988,0.010953517,0.020075753,0.0051761004,-0.015183228,0.013843934,0.015893875,-0.018763792,-0.0007687278,-0.018121477,-0.012415809,0.00015257111,-0.03381036,-0.022563016,0.034821663,-0.0012111734,0.0060063265,-0.006330901,-0.000787946,0.0047831954,-0.019242112,0.043868735,-0.032088406,0.009593723,0.011110679,-0.0300658,0.013652606,0.00910857,0.010748523,0.026703896,0.0121629825,0.015456554,-0.029491816,0.004834444,0.03296305,-0.018463133,-0.0013555234,-0.0007290102,0.016440526,-0.031979077,-0.017205836,-0.022235025,0.023300994,0.022522017,0.022535684,-0.002622216,0.0015673506,-0.0070107975,0.0042126286,-0.005821832,0.0134407785,0.02533727,-0.0014050637,-0.0132631175,-0.011008183,0.014308587,0.012053652,-0.01525156,0.014841571,-0.012169816,0.017629491,-0.008240762,0.015497552,-0.005148768,0.030776445,-0.018668128,0.029409818,0.015401889,0.010680192,-0.04362274,-0.027728867,-0.023505988,-0.014089927,-0.0027383792,-0.027769865,0.0034900242,-0.0034678166,-0.0009643263,-0.008069933,0.0152105605,0.000032777698,0.0075096167,-0.0020072337,-0.0063343174,-0.027318878,-0.011520667,0.0034866077,-0.010126708,-0.015169562,-0.0024411378,-0.018449467,-0.028261852,0.0101540405,0.0145409135,-0.017397165,-0.01605787,-0.0173835,-0.0047763623,-0.018203475,-0.029683143,0.015688881,0.023820313,-0.022590348,-0.013891766,0.027305212,-0.016522523,-0.015852876,0.01564788,-0.0028528343,-0.008917242,0.011110679,-0.0019115699,0.010987683,0.012108318,-0.024722286,0.027797198,-0.0055109244,0.033154376,-0.014991901,-0.0080152685,-0.009655221,0.022084696,-0.012238147,0.010769023,0.004919858,0.009183735,0.009026573,-0.008186097,0.022330688,-0.012121984,-0.0039017207,-0.0037445587,0.015429221,-0.0017433038,0.024995612,-0.011746161,0.024681287,-0.020663403,-0.0027691284,-0.0071952925,0.0058867466,0.014964568,0.0042126286,0.010304369,-0.014896236,-0.02514594,0.004144297,-0.009286232,-0.010557195,0.0080152685,-0.013365614,0.009887548,0.013235785,0.016522523,-0.012176649,0.00086823537,0.015060232,0.0058491644,0.012060485,-0.00072303123,-0.008315926,-0.022139361,0.03566897,-0.027291546,0.032607727,-0.0019986923,-0.004325375,0.01784815,0.0015562468,-0.028316516,0.020007422,-0.0054938416,0.015128563,0.014007929,-0.0017526994,0.028097855,-0.009033406,0.026184577,-0.009545892,-0.019078117,0.0081997635,0.0049232747,-0.019447105,0.016344862,0.008739581,0.031131769,-0.011957988,-0.0025914668,0.024421629,0.0053161797,0.0017509911,-0.013837101,-0.00042899282,-0.004981356,-0.030229794,-0.019337775,0.018162476,-0.017684156,-0.009880715,-0.012033152,0.011076514,0.0011565083,0.0128941275,-0.015224228,-0.008281761,-0.0049164416,-0.021879701,-0.03490366,0.01928311,0.0025043443,-0.00023958684,-0.023000335,-0.03501299,0.017219502,-0.008281761,0.00854142,0.002688839,0.012190315,0.00031581902,0.001130884,-0.0016373902,0.027318878,0.0073456215,-0.0082612615,-0.0029279988,-0.015005567,-0.021251053,-0.0035942297,-0.009627889,-0.027441874,0.019365108,-0.0042843763,-0.021278385,0.022481019,-0.008794246,-0.0019713598,-0.017875483,-0.012258646,-0.0044483715,-0.0034848994,0.027264213,0.011356672,-0.018244473,-0.010960351,0.030202461,0.011992154,-0.011459169,-0.017315166,-0.01444525,0.02089573,0.024448961,0.06740206,0.000026798705,-0.013700438,0.019365108,0.014021595,-0.039495528,-0.016768515,0.017369833,-0.015661549,-0.018381136,0.013584275,0.017957482,-0.0034592752,0.020923063,0.002622216,-0.008001602,0.005941412,0.014062594,-0.0127028,-0.008520921,-0.00010730159,0.006669141,0.01631753,-0.0089924075,-0.013775602,0.018340137,0.03129576,0.0049881893,-0.03266239,0.012518305,0.025104942,0.03793757,0.006693057,-0.03211574,0.02815252,0.0018278639,0.014431584,0.026061581,0.0011821325,0.006412898,0.030967772,0.015798211,-0.014021595,0.01631753,-0.021210054,0.0074959504,0.013181119,-0.013112788,0.0016553273,0.004895942,0.027838197,-0.015169562,-0.029573813,0.011049181,-0.004735363,-0.010639193,-0.020376412,0.0014076261,-0.010755356,0.01998009,-0.02041741,-0.005432343,-0.018285472,-0.024517292,-0.022781676,-0.032580394,-0.022166694,-0.0043356246,0.014855238,-0.0064026485,0.0088694105,-0.0047421963,0.00039440006,0.0015656423,0.017957482,0.017807152,-0.03200641,0.00936823,0.002297642,0.016454192,-0.030229794,0.020854732,-0.009340897,-0.023218997,0.0086234175,-0.0016553273,-0.0056544202,-0.0030099964,0.004547452,0.0051385183,0.0028460012,0.02716855,0.012395309,0.010236038,-0.0033106545,-0.0015468511,0.014007929,-0.0024804284,-0.019993756,-0.0040793824,-0.04479804,-0.011445503,-0.022617681,0.017465496,-0.0058423313,0.010222372,0.032799054,0.0027212964,-0.017615825,0.0075096167,-0.020226084,0.0008865994,-0.008220263,0.0038504722,0.0019440273,-0.0024787202,0.026936222,0.005774,-0.01213565,0.0053810948,-0.03665294,0.023177998,0.025760923,-0.011343006,0.009573224,-0.010557195,-0.015128563,0.013884933,-0.0066964733,-0.007584781,0.0011197801,-0.0012504639,0.0033277373,-0.02921849,-0.016071536,0.00021716561,0.0071474602,0.004352708,-0.014226589,-0.031596422,-0.021606376,-0.009634722,0.005340096,0.042638768,-0.030311791,-0.02111439,0.0068433858,0.0065905596,0.019447105,-0.0010352201,0.0017168254,-0.04154547,-0.005972161,0.00496769,-0.02976514,-0.019447105,0.023177998,0.0144179175,0.0008814746,0.03643428,0.008438923,-0.0084457565,0.0015733296,0.0015673506,0.025132274,-0.0016664311,-0.008329593,-0.013823435,0.0080767665,-0.0037616414,0.01821714,0.012067318,-0.02390231,-0.021305718,0.0024804284,0.013652606,0.0028169604,-0.017410832,-0.04824194,-0.019583767,-0.026075248,-0.024831617,-0.010427366,-0.027633203,0.0030937023,-0.0010591361,-0.007741943,0.033127043,-0.00060302427,0.016208198,-0.019857094,0.005473342,-0.0071132947,0.011015016,-0.0038231397,-0.017943816,-0.013420279,-0.012764298,0.005015522,0.028617173,0.0067272224,-0.0036693942,0.0075574485,0.00980555,0.009272566,-0.03793757,-0.010823688,0.0033089463,-0.01627653,-0.01862713,0.003230365,-0.0065598106,-0.0196111,0.0031227432,0.0046226163,-0.010167707,0.020116752,-0.005774,-0.010666525,-0.022412686,-0.008596085,0.034630332,0.004752446,0.026498903,0.02159271,-0.0041237976,-0.024913615,-0.07035397,0.02331466,-0.0024291798,0.020608738,0.033045046,-0.019993756,0.008165598,0.034220345,0.014595578,-0.009190568,-0.039878182,0.0050975196,0.012183482,0.0076052803,-0.0012581511,-0.016686518,-0.014759574,0.012477307,-0.022098362,-0.010591361,-0.015962206,-0.0075437822,-0.042884763,0.013891766,-0.0043151253,0.011575333,0.012436308,-0.007905939,0.007940104,0.00021438964,-0.00043454475,0.015060232,-0.006286485,0.023587985,-0.023464989,0.009074405,-0.008842078,0.033755694,0.0042843763,-0.019091783,0.0031893663,0.037746243,-0.021100724,-0.01224498,0.01259347,0.004885692,0.011732494,0.0035873963,-0.007673612,0.006549561,-0.0026478402,-0.0048515266,0.02584292,0.0075642816,0.021879701,0.010823688,0.0077146105,-0.01638586,0.016221866,0.0057705836,-0.0196521,-0.016290197,-0.008746414,-0.026457902,0.0044176225,0.019857094,-0.01627653,-0.0024923864,0.016098868,0.0034319425,-0.014581912,0.025637927,-0.024421629,-0.005046271,-0.029737808,-0.00588333,0.0058559976,-0.014923569,0.01671385,-0.011629998,-0.02760587,0.0048515266,0.017998481,0.014691243,-0.0046636155,0.019078117,0.018394802,-0.0053537623,-0.013775602,0.011349839,-0.028261852,0.00040016553,-0.020923063,0.019337775,0.00067562633,-0.04307609,0.019255778,-0.0076052803,0.019091783,0.0015519761,-0.051658507,-0.019911759,0.0040144674,0.004772946,0.0032371983,-0.021469714,-0.022850007,-0.012367976,-0.006863885,0.022440018,0.025050277,-0.0054870085,0.021688374,0.028480511,0.015442887,0.015743546,-0.0080152685,0.0077214437,-0.010236038,-0.011705162,-0.01642686,-0.008568753,0.0014776657,0.034329675,-0.014868904,-0.008363758,-0.025501264,-0.0061634886,-0.03845689,-0.018722793,-0.026198244,0.019488104,0.017274167,0.0050667706,-0.012497806,0.009682554,-0.00795377,0.017260501,-0.021551711,-0.013119621,0.010406867,-0.01235431,0.010844187,0.033291038,-0.036789604,-0.017834485,0.0130171245,-0.013413446,0.008630251,0.029601146,-0.010092542,-0.019665767,-0.019296777,0.0064914795,-0.012313311,-0.0026000084,0.024817951,-0.03222507,0.000056640292,-0.0070517967,-0.008165598,0.008732748,0.011049181,0.010967184,0.00888991,0.010475198,0.0022463936,-0.0016066411,0.011588999,-0.0105161965,0.021879701,-0.00035938024,-0.019447105,0.037664246,0.011021849,-0.001136863,-0.005148768,0.008862577,-0.016672852,-0.018791124,0.020854732,-0.014226589,0.010974017,-0.0060644085,0.020267082,-0.027482873,-0.012142483,0.0036215622,-0.0014870613,-0.045372024,-0.00021107984,0.014226589,-0.022590348,0.00047533002,-0.01671385,-0.04813261,-0.013645773,-0.006628142,-0.008001602,-0.023642652,-0.0300658,0.02745554,-0.010133541,-0.0069732154,0.00069569866,0.00450987,0.008042601,0.023096,0.2521154,-0.023519654,-0.0032696556,0.0092589,-0.023519654,0.017588492,0.0066486415,-0.00024641998,0.002447971,-0.00046892397,-0.008343259,0.0130786225,-0.006265986,-0.01642686,0.011971654,-0.05789033,-0.0531618,-0.03050312,-0.008384258,-0.032279734,0.013358781,-0.0028938332,0.005312763,-0.025637927,0.030585118,-0.0060644085,0.011520667,-0.012080984,-0.00797427,0.030885775,-0.03651628,-0.0022634764,0.013468111,0.015606883,-0.021196388,-0.003867555,0.008924075,0.0035805632,0.03214307,0.009867049,0.009443394,-0.026594566,0.02372465,0.008186097,0.012982959,-0.0026290491,-0.01350911,-0.023806646,-0.011664163,0.023014002,-0.011425003,-0.01719217,0.022125695,0.03834756,0.008602918,0.009272566,0.015661549,0.012682301,-0.021155389,0.022713345,-0.025501264,0.03676227,-0.005370845,0.0007892272,-0.011315674,0.008022102,0.007236291,-0.023177998,0.028179854,-0.01642686,0.0037753077,-0.0056544202,-0.026881557,-0.012566137,-0.024585623,-0.021989033,0.01917378,0.012497806,0.007468618,0.025815587,-0.014212923,-0.0033584863,0.008343259,0.0033584863,0.00087976624,-0.03405635,0.03083111,0.00041255058,-0.030749112,0.00019741357,-0.009621056,0.0023659733,-0.013761936,0.0017629492,0.0070996284,-0.002154146,0.0013512527,0.010242871,-0.02218036,-0.009224733,-0.018394802,0.052505817,0.023710983,0.027428208,-0.014431584,-0.025159607,0.004690948,0.0019389024,0.012060485,0.017902816,-0.012094651,-0.014281254,0.0026683398,-0.013447612,-0.01902345,-0.0098465495,-0.002285684,-0.006423148,0.014964568,-0.014677577,0.010680192,-0.026731228,-0.024107303,0.0000506613,-0.0018210307,-0.021510713,-0.0138712665,-0.0013546692,0.012074151,-0.039085537,0.049881894,-0.023464989,0.04296676,-0.0058799135,-0.012566137,0.011302007,0.025856586,0.0062523196,0.011281508,0.0031483674,0.009047072,-0.0054596756,0.01098085,-0.029573813,0.015415555,-0.011097013,-0.0048891087,0.008356925,0.014048927,-0.026826892,-0.027359877,0.0010719482,-0.0014511873,-0.017315166,0.019624766,-0.002393306,-0.0142949205,-0.008582419,0.0029792474,-0.0059994934,-0.05395444,-0.012757465,0.01788915,-0.002929707,-0.0023984308,-0.008404758,-0.17536561,0.015060232,0.0045132865,-0.041736796,-0.0028938332,-0.015347224,-0.011643664,-0.01167783,-0.005955078,0.0055655893,0.008186097,-0.022098362,-0.038402226,-0.021688374,-0.0027879195,0.03129576,-0.006211321,0.0039188038,0.017725155,0.01671385,0.017164838,-0.020185083,-0.022959337,0.002941665,0.01363894,-0.0072567905,0.021155389,-0.0052239327,-0.008958241,-0.0013777311,0.012060485,-0.012402142,0.018750126,0.0071747927,0.010803188,0.017684156,0.0066315588,0.017096506,-0.008664416,0.020280749,0.024626622,0.027154883,-0.016481524,0.012026319,-0.005910663,0.023328327,0.00013431383,-0.017137505,0.0012316728,0.013351948,0.0035293149,-0.04293943,0.05411844,0.0076667788,0.0043151253,0.022112029,0.014909903,0.011233675,0.014622911,0.024189303,0.0053332625,-0.02555593,-0.009949046,0.02111439,0.004540619,0.0030988273,-0.01352961,0.009853383,-0.0068433858,0.011705162,-0.0038299728,-0.0023540154,0.017943816,0.003566897,0.03252573,-0.0032525728,-0.025719924,0.01536089,0.011486501,0.0014819364,-0.0054357597,0.026717562,-0.017315166,0.0053810948,-0.01917378,0.017629491,0.04069816,-0.01176666,-0.007687278,-0.014390585,0.026034249,-0.037992235,-0.00025517493,0.004246794,-0.017137505,0.023956975,-0.025282603,0.006501729,-0.00980555,-0.0038778048,-0.0061259065,-0.00578425,0.016891513,-0.014745908,0.0067203892,0.002603425,-0.0041477135,0.0018876538,0.034548335,-0.022508351,-0.0056305043,0.016754849,0.011541167,0.026635565,-0.0006884385,0.015319891,-0.011110679,-0.03717226,0.028945165,0.0026358822,-0.0029484981,-0.022508351,0.00041959726,-0.00762578,-0.002087523,-0.010557195,-0.07286856,-0.03793757,0.004451788,0.0003598073,-0.016003205,-0.003734309,0.009737219,0.0029963301,-0.017588492,-0.000112426445,-0.018135143,-0.013447612,-0.016891513,0.001738179,0.005042854,0.0029382484,-0.0064573134,-0.017807152,-0.011486501,0.036160957,-0.0068536354,-0.028398514,0.010803188,-0.023560653,-0.008999241,0.013420279,-0.0031944911,0.028671838,0.0077077774,0.017902816,0.013837101,0.007885439,0.0002387327,-0.015688881,-0.0058184154,-0.0051692673,-0.043950733,-0.0029638729,0.030913107,-0.02555593,-0.010680192,0.0046943645,0.026635565,-0.016768515,0.010639193,-0.011916989,-0.023082335,0.020226084,-0.010359034,-0.0068160533,-0.011513834,0.008712249,-0.008773747,-0.0091154035,0.040862154,0.02218036,0.017998481,0.02492728,-0.0033994853,-0.0060780747,0.028972497,-0.034357008,-0.023519654,0.013939598,0.032935716,0.017547494,0.007905939,0.0025163023,-0.016303863,-0.0044996203,-0.019816095,0.02372465,-0.014472582,-0.0037445587,-0.012689134,-0.008965075,-0.0013538151,-0.008575586,0.023137,-0.046929978,-0.017725155,-0.006050742,0.010564028,-0.0027964609,0.009040239,0.0074617844,0.0026837143,-0.026990887,-0.0046806983,-0.026006917,-0.021346718,0.031514425,0.011466002,-0.0060780747,0.008138265,0.005124852,-0.01132934,0.006682807,-0.0070244637,-0.004943774,-0.007120128,-0.022207692,-0.07385253,0.020431077,-0.0057056686,0.0072089587,-0.006669141,-0.009744052,0.0056680865,-0.016959844,-0.012518305,0.003206449,0.0017356166,0.005528007,-0.015046566,0.0053435126,-0.022850007,-0.017998481,0.01085102,-0.016850514,0.0022788509,0.024025306,-0.0037001432,0.0145409135,-0.00008060965,-0.0032269484,0.0119784875,0.009928547,-0.018927786,0.031487092,-0.017998481,0.0014657077,0.02170204,-0.04020617,0.013802935,0.01679585,-0.00028250748,-0.0091154035,0.017902816,0.03331837,0.0105776945,0.032826386,-0.013317782,-0.028343849,0.001978193,0.0008391945,-0.009067572,0.008999241,-0.060240928,0.020950396,0.036379617,-0.035477642,0.008766914,0.022645013,-0.022822674,-0.003127868,-0.0137482695,-0.013126454,0.029792473,0.016768515,-0.01939244,0.017137505,0.018982451,-0.016249198,0.015005567,-0.00648123,0.03181508,-0.013338282,-0.000001152758,0.017971149,0.016563522,-0.015538552,-0.0043117087,0.0076394463,0.011240509,0.038839545,-0.001088177,0.0288905,-0.012197148,-0.0017749071,-0.033236373,0.028234519,0.033482365,-0.019624766,0.0037992236,0.017260501,0.017533828,0.03252573,-0.0038197231,0.013891766,-0.014827905,-0.0061259065,0.0064402306,0.011001349,0.0006717827,0.0135022765,0.019091783,0.009778217,-0.028425846,-0.012695967,0.021756705,0.011226842,0.0023898894,0.0068468023,0.0058867466,-0.005514341,-0.022713345,-0.0011334465,-0.051549178,-0.007960604,0.029737808,-0.002791336,-0.008520921,0.0037855573,0.01869546,0.019132782,-0.029355153,0.009375063,0.021879701,-0.009996878,-0.02690889,0.020034755,-0.002116564,0.011206343,0.0357783,-0.0022771426,0.027154883,0.02878117,-0.013796101,-0.030967772,0.017123839,-0.00773511,0.010208705,-0.021524379,-0.027687868,-0.019515436,-0.017916482,0.012197148,-0.0037206425,0.023833979,-0.019679433,0.052232493,0.011172177,-0.019310443,0.0075506154,0.010290703,-0.0099080475,0.007673612,-0.007919605,-0.023820313,0.017943816,0.017260501,-0.023806646,0.006990298,-0.0025128857,-0.021743039,-0.014103593,-0.0016331195,0.0075506154,0.0127711315,-0.0021917284,0.008787413,0.0068297195,0.015306225,0.0011582166,-0.018299138,0.005941412,0.013433945,-0.014035261,-0.013133287,-0.024394296,-0.00782394,0.0022036864,-0.029327821,-0.0064983126,0.0096620545,-0.028125187,-0.0014409376,-0.023642652,0.0024103888,0.015565884,0.020280749,0.012422642,-0.014472582,-0.017096506,0.010229205,-0.00089428667,-0.004950607,-0.00019912186,-0.022166694]
[{role: assistant, content: [{type: text, text: 您好！我是您的回忆助手，很高兴与您一起回顾过去的时光。  
我想请您回忆一下，您有没有参加过一次难忘的聚会或活动？  
那次聚会的氛围让我至今难忘...  
聚会上有没有特别的表演或节目让您印象深刻...  
您是否和某位重要的人在那次活动中重聚...  }, {type: text, text: }, {type: text, text: }, {type: text, text: false}, {type: text, text: 您好！我是您的回忆助手，很高兴与您一起回顾过去的时光。  
我想请您回忆一下，您有没有参加过一次难忘的聚会或活动？  
那次聚会的氛围让我至今难忘...  
聚会上有没有特别的表演或节目让您印象深刻...  
您是否和某位重要的人在那次活动中重聚...  }]}, {role: assistant, content: [{type: text, text: 您好！我是您的回忆助手，很高兴与您一起回顾过去的时光。  
我想请您回忆一下，有没有一张照片让您想起某个特定的场景？  
那是和家人一起度假的时刻...  
那是我和朋友聚会时捕捉到的瞬间...  
那张照片里有我最喜欢的风景...  }, {type: text, text: }, {type: text, text: }, {type: text, text: false}, {type: text, text: 您好！我是您的回忆助手，很高兴与您一起回顾过去的时光。  
我想请您回忆一下，有没有一张照片让您想起某个特定的场景？  
那是和家人一起度假的时刻...  
那是我和朋友聚会时捕捉到的瞬间...  
那张照片里有我最喜欢的风景...  }]}],[-0.023410324,0.005292264,0.016932512,-0.015811877,-0.015060232,0.033892356,0.0009182027,-0.0032850301,-0.028945165,-0.03061245,-0.017315166,0.018709127,-0.012381643,-0.030694447,-0.017096506,-0.001208611,0.029191157,0.017807152,0.021319384,-0.0145409135,0.011069681,0.023055002,-0.002154146,0.015046566,-0.017902816,-0.0054938416,0.019378774,-0.018681794,0.020909397,-0.0013623565,0.023328327,-0.011110679,-0.0069185505,-0.027523872,-0.004885692,-0.028207187,-0.010564028,0.00097201363,0.026088914,0.011787159,0.013707271,0.008746414,0.012415809,0.02438063,-0.015101231,0.0207864,-0.0072021256,-0.04201012,0.02361532,0.016249198,0.020868398,0.038866878,-0.023150666,-0.009429728,-0.0026358822,-0.009518558,0.012347477,0.05728901,-0.0092998985,-0.026307574,-0.0015451428,0.009231566,-0.025678925,0.006429981,0.018545132,0.0024223467,-0.019952757,-0.010338535,0.023123333,0.014609245,-0.003987135,0.019857094,0.005791083,-0.014021595,0.04911658,-0.014978235,0.0136252735,-0.0051351017,0.009996878,0.00073541625,0.0026358822,-0.023082335,0.009511725,0.040124174,-0.00044842454,0.044169392,-0.00042728454,0.026444236,-0.034603,-0.02921849,0.015989538,0.013925931,0.012873628,0.019187447,0.021661041,0.03083111,-0.0014597287,0.031159101,-0.0033704443,-0.010058376,0.009388729,0.005528007,-0.040725492,-0.009211067,-0.019665767,0.0007264478,0.029027162,0.0031193267,0.012258646,0.014868904,-0.033291038,0.05920229,0.0017065757,-0.003758225,-0.062646195,-0.014827905,0.020144084,-0.017957482,-0.015265226,-0.030475788,-0.00472853,0.031159101,0.0038983042,-0.029409818,0.0044244556,0.016071536,0.014130926,-0.017615825,0.015661549,-0.0058013326,0.047667958,0.0074071195,0.018613463,0.01631753,-0.021729372,0.00993538,-0.007065463,0.008582419,-0.020103086,-0.0050189383,0.0046704486,0.021565378,-0.013105955,-0.01536089,0.019679433,0.031186434,-0.008705416,0.005756917,0.012361143,0.022891006,0.022057364,-0.0041852957,-0.0024189302,0.009812383,0.0036488946,-0.0011343006,-0.0022686012,0.011295174,-0.016768515,-0.03266239,0.006327484,0.025829254,0.013652606,0.0011445503,0.012607136,0.038839545,-0.0039837183,-0.012258646,0.02899983,-0.016208198,-0.035914965,0.018982451,-0.02734621,0.0015494137,-0.016303863,0.0009113695,0.027783532,0.016522523,-0.022002699,-0.011507001,-0.032389063,-0.025378268,0.006908301,0.008910409,-0.01525156,-0.007290956,-0.003536148,-0.017205836,-0.0065837265,-0.0065153954,0.0078034415,0.038839545,-0.006344567,-0.0072499574,-0.6192461,-0.0025641343,0.0016032245,-0.016508857,0.018763792,0.001311108,-0.0050086887,0.018135143,-0.013208452,-0.026990887,-0.02067707,0.025009278,0.008664416,-0.004342458,-0.018681794,-0.011165344,0.0036830604,0.0024155136,0.00048259023,0.0047763623,-0.018613463,0.024899948,-0.0037103929,0.004352708,-0.0127233,-0.0067477217,-0.010126708,-0.0009617639,-0.02815252,0.045071367,-0.031842414,-0.010529863,0.003378986,-0.0094775595,0.058382314,0.015101231,-0.033564363,0.023628986,0.008534587,0.032580394,-0.009211067,0.00041404535,0.012258646,0.0070996284,0.009183735,-0.0055314237,-0.019091783,0.011513834,0.016823182,-0.01455458,-0.003187658,-0.0026734646,-0.004239961,0.00782394,-0.006296735,-0.034657665,0.021620043,-0.030120464,-0.025583262,0.008828412,0.015374556,0.023574319,-0.014404251,-0.02254935,-0.027100218,0.02815252,-0.0024582208,-0.0014144592,-0.0014665618,-0.01756116,0.004492787,0.012825796,-0.0105776945,0.0051966,-0.0029279988,0.010953517,0.020075753,0.0051761004,-0.015183228,0.013843934,0.015893875,-0.018763792,-0.0007687278,-0.018121477,-0.012415809,0.00015257111,-0.03381036,-0.022563016,0.034821663,-0.0012111734,0.0060063265,-0.006330901,-0.000787946,0.0047831954,-0.019242112,0.043868735,-0.032088406,0.009593723,0.011110679,-0.0300658,0.013652606,0.00910857,0.010748523,0.026703896,0.0121629825,0.015456554,-0.029491816,0.004834444,0.03296305,-0.018463133,-0.0013555234,-0.0007290102,0.016440526,-0.031979077,-0.017205836,-0.022235025,0.023300994,0.022522017,0.022535684,-0.002622216,0.0015673506,-0.0070107975,0.0042126286,-0.005821832,0.0134407785,0.02533727,-0.0014050637,-0.0132631175,-0.011008183,0.014308587,0.012053652,-0.01525156,0.014841571,-0.012169816,0.017629491,-0.008240762,0.015497552,-0.005148768,0.030776445,-0.018668128,0.029409818,0.015401889,0.010680192,-0.04362274,-0.027728867,-0.023505988,-0.014089927,-0.0027383792,-0.027769865,0.0034900242,-0.0034678166,-0.0009643263,-0.008069933,0.0152105605,0.000032777698,0.0075096167,-0.0020072337,-0.0063343174,-0.027318878,-0.011520667,0.0034866077,-0.010126708,-0.015169562,-0.0024411378,-0.018449467,-0.028261852,0.0101540405,0.0145409135,-0.017397165,-0.01605787,-0.0173835,-0.0047763623,-0.018203475,-0.029683143,0.015688881,0.023820313,-0.022590348,-0.013891766,0.027305212,-0.016522523,-0.015852876,0.01564788,-0.0028528343,-0.008917242,0.011110679,-0.0019115699,0.010987683,0.012108318,-0.024722286,0.027797198,-0.0055109244,0.033154376,-0.014991901,-0.0080152685,-0.009655221,0.022084696,-0.012238147,0.010769023,0.004919858,0.009183735,0.009026573,-0.008186097,0.022330688,-0.012121984,-0.0039017207,-0.0037445587,0.015429221,-0.0017433038,0.024995612,-0.011746161,0.024681287,-0.020663403,-0.0027691284,-0.0071952925,0.0058867466,0.014964568,0.0042126286,0.010304369,-0.014896236,-0.02514594,0.004144297,-0.009286232,-0.010557195,0.0080152685,-0.013365614,0.009887548,0.013235785,0.016522523,-0.012176649,0.00086823537,0.015060232,0.0058491644,0.012060485,-0.00072303123,-0.008315926,-0.022139361,0.03566897,-0.027291546,0.032607727,-0.0019986923,-0.004325375,0.01784815,0.0015562468,-0.028316516,0.020007422,-0.0054938416,0.015128563,0.014007929,-0.0017526994,0.028097855,-0.009033406,0.026184577,-0.009545892,-0.019078117,0.0081997635,0.0049232747,-0.019447105,0.016344862,0.008739581,0.031131769,-0.011957988,-0.0025914668,0.024421629,0.0053161797,0.0017509911,-0.013837101,-0.00042899282,-0.004981356,-0.030229794,-0.019337775,0.018162476,-0.017684156,-0.009880715,-0.012033152,0.011076514,0.0011565083,0.0128941275,-0.015224228,-0.008281761,-0.0049164416,-0.021879701,-0.03490366,0.01928311,0.0025043443,-0.00023958684,-0.023000335,-0.03501299,0.017219502,-0.008281761,0.00854142,0.002688839,0.012190315,0.00031581902,0.001130884,-0.0016373902,0.027318878,0.0073456215,-0.0082612615,-0.0029279988,-0.015005567,-0.021251053,-0.0035942297,-0.009627889,-0.027441874,0.019365108,-0.0042843763,-0.021278385,0.022481019,-0.008794246,-0.0019713598,-0.017875483,-0.012258646,-0.0044483715,-0.0034848994,0.027264213,0.011356672,-0.018244473,-0.010960351,0.030202461,0.011992154,-0.011459169,-0.017315166,-0.01444525,0.02089573,0.024448961,0.06740206,0.000026798705,-0.013700438,0.019365108,0.014021595,-0.039495528,-0.016768515,0.017369833,-0.015661549,-0.018381136,0.013584275,0.017957482,-0.0034592752,0.020923063,0.002622216,-0.008001602,0.005941412,0.014062594,-0.0127028,-0.008520921,-0.00010730159,0.006669141,0.01631753,-0.0089924075,-0.013775602,0.018340137,0.03129576,0.0049881893,-0.03266239,0.012518305,0.025104942,0.03793757,0.006693057,-0.03211574,0.02815252,0.0018278639,0.014431584,0.026061581,0.0011821325,0.006412898,0.030967772,0.015798211,-0.014021595,0.01631753,-0.021210054,0.0074959504,0.013181119,-0.013112788,0.0016553273,0.004895942,0.027838197,-0.015169562,-0.029573813,0.011049181,-0.004735363,-0.010639193,-0.020376412,0.0014076261,-0.010755356,0.01998009,-0.02041741,-0.005432343,-0.018285472,-0.024517292,-0.022781676,-0.032580394,-0.022166694,-0.0043356246,0.014855238,-0.0064026485,0.0088694105,-0.0047421963,0.00039440006,0.0015656423,0.017957482,0.017807152,-0.03200641,0.00936823,0.002297642,0.016454192,-0.030229794,0.020854732,-0.009340897,-0.023218997,0.0086234175,-0.0016553273,-0.0056544202,-0.0030099964,0.004547452,0.0051385183,0.0028460012,0.02716855,0.012395309,0.010236038,-0.0033106545,-0.0015468511,0.014007929,-0.0024804284,-0.019993756,-0.0040793824,-0.04479804,-0.011445503,-0.022617681,0.017465496,-0.0058423313,0.010222372,0.032799054,0.0027212964,-0.017615825,0.0075096167,-0.020226084,0.0008865994,-0.008220263,0.0038504722,0.0019440273,-0.0024787202,0.026936222,0.005774,-0.01213565,0.0053810948,-0.03665294,0.023177998,0.025760923,-0.011343006,0.009573224,-0.010557195,-0.015128563,0.013884933,-0.0066964733,-0.007584781,0.0011197801,-0.0012504639,0.0033277373,-0.02921849,-0.016071536,0.00021716561,0.0071474602,0.004352708,-0.014226589,-0.031596422,-0.021606376,-0.009634722,0.005340096,0.042638768,-0.030311791,-0.02111439,0.0068433858,0.0065905596,0.019447105,-0.0010352201,0.0017168254,-0.04154547,-0.005972161,0.00496769,-0.02976514,-0.019447105,0.023177998,0.0144179175,0.0008814746,0.03643428,0.008438923,-0.0084457565,0.0015733296,0.0015673506,0.025132274,-0.0016664311,-0.008329593,-0.013823435,0.0080767665,-0.0037616414,0.01821714,0.012067318,-0.02390231,-0.021305718,0.0024804284,0.013652606,0.0028169604,-0.017410832,-0.04824194,-0.019583767,-0.026075248,-0.024831617,-0.010427366,-0.027633203,0.0030937023,-0.0010591361,-0.007741943,0.033127043,-0.00060302427,0.016208198,-0.019857094,0.005473342,-0.0071132947,0.011015016,-0.0038231397,-0.017943816,-0.013420279,-0.012764298,0.005015522,0.028617173,0.0067272224,-0.0036693942,0.0075574485,0.00980555,0.009272566,-0.03793757,-0.010823688,0.0033089463,-0.01627653,-0.01862713,0.003230365,-0.0065598106,-0.0196111,0.0031227432,0.0046226163,-0.010167707,0.020116752,-0.005774,-0.010666525,-0.022412686,-0.008596085,0.034630332,0.004752446,0.026498903,0.02159271,-0.0041237976,-0.024913615,-0.07035397,0.02331466,-0.0024291798,0.020608738,0.033045046,-0.019993756,0.008165598,0.034220345,0.014595578,-0.009190568,-0.039878182,0.0050975196,0.012183482,0.0076052803,-0.0012581511,-0.016686518,-0.014759574,0.012477307,-0.022098362,-0.010591361,-0.015962206,-0.0075437822,-0.042884763,0.013891766,-0.0043151253,0.011575333,0.012436308,-0.007905939,0.007940104,0.00021438964,-0.00043454475,0.015060232,-0.006286485,0.023587985,-0.023464989,0.009074405,-0.008842078,0.033755694,0.0042843763,-0.019091783,0.0031893663,0.037746243,-0.021100724,-0.01224498,0.01259347,0.004885692,0.011732494,0.0035873963,-0.007673612,0.006549561,-0.0026478402,-0.0048515266,0.02584292,0.0075642816,0.021879701,0.010823688,0.0077146105,-0.01638586,0.016221866,0.0057705836,-0.0196521,-0.016290197,-0.008746414,-0.026457902,0.0044176225,0.019857094,-0.01627653,-0.0024923864,0.016098868,0.0034319425,-0.014581912,0.025637927,-0.024421629,-0.005046271,-0.029737808,-0.00588333,0.0058559976,-0.014923569,0.01671385,-0.011629998,-0.02760587,0.0048515266,0.017998481,0.014691243,-0.0046636155,0.019078117,0.018394802,-0.0053537623,-0.013775602,0.011349839,-0.028261852,0.00040016553,-0.020923063,0.019337775,0.00067562633,-0.04307609,0.019255778,-0.0076052803,0.019091783,0.0015519761,-0.051658507,-0.019911759,0.0040144674,0.004772946,0.0032371983,-0.021469714,-0.022850007,-0.012367976,-0.006863885,0.022440018,0.025050277,-0.0054870085,0.021688374,0.028480511,0.015442887,0.015743546,-0.0080152685,0.0077214437,-0.010236038,-0.011705162,-0.01642686,-0.008568753,0.0014776657,0.034329675,-0.014868904,-0.008363758,-0.025501264,-0.0061634886,-0.03845689,-0.018722793,-0.026198244,0.019488104,0.017274167,0.0050667706,-0.012497806,0.009682554,-0.00795377,0.017260501,-0.021551711,-0.013119621,0.010406867,-0.01235431,0.010844187,0.033291038,-0.036789604,-0.017834485,0.0130171245,-0.013413446,0.008630251,0.029601146,-0.010092542,-0.019665767,-0.019296777,0.0064914795,-0.012313311,-0.0026000084,0.024817951,-0.03222507,0.000056640292,-0.0070517967,-0.008165598,0.008732748,0.011049181,0.010967184,0.00888991,0.010475198,0.0022463936,-0.0016066411,0.011588999,-0.0105161965,0.021879701,-0.00035938024,-0.019447105,0.037664246,0.011021849,-0.001136863,-0.005148768,0.008862577,-0.016672852,-0.018791124,0.020854732,-0.014226589,0.010974017,-0.0060644085,0.020267082,-0.027482873,-0.012142483,0.0036215622,-0.0014870613,-0.045372024,-0.00021107984,0.014226589,-0.022590348,0.00047533002,-0.01671385,-0.04813261,-0.013645773,-0.006628142,-0.008001602,-0.023642652,-0.0300658,0.02745554,-0.010133541,-0.0069732154,0.00069569866,0.00450987,0.008042601,0.023096,0.2521154,-0.023519654,-0.0032696556,0.0092589,-0.023519654,0.017588492,0.0066486415,-0.00024641998,0.002447971,-0.00046892397,-0.008343259,0.0130786225,-0.006265986,-0.01642686,0.011971654,-0.05789033,-0.0531618,-0.03050312,-0.008384258,-0.032279734,0.013358781,-0.0028938332,0.005312763,-0.025637927,0.030585118,-0.0060644085,0.011520667,-0.012080984,-0.00797427,0.030885775,-0.03651628,-0.0022634764,0.013468111,0.015606883,-0.021196388,-0.003867555,0.008924075,0.0035805632,0.03214307,0.009867049,0.009443394,-0.026594566,0.02372465,0.008186097,0.012982959,-0.0026290491,-0.01350911,-0.023806646,-0.011664163,0.023014002,-0.011425003,-0.01719217,0.022125695,0.03834756,0.008602918,0.009272566,0.015661549,0.012682301,-0.021155389,0.022713345,-0.025501264,0.03676227,-0.005370845,0.0007892272,-0.011315674,0.008022102,0.007236291,-0.023177998,0.028179854,-0.01642686,0.0037753077,-0.0056544202,-0.026881557,-0.012566137,-0.024585623,-0.021989033,0.01917378,0.012497806,0.007468618,0.025815587,-0.014212923,-0.0033584863,0.008343259,0.0033584863,0.00087976624,-0.03405635,0.03083111,0.00041255058,-0.030749112,0.00019741357,-0.009621056,0.0023659733,-0.013761936,0.0017629492,0.0070996284,-0.002154146,0.0013512527,0.010242871,-0.02218036,-0.009224733,-0.018394802,0.052505817,0.023710983,0.027428208,-0.014431584,-0.025159607,0.004690948,0.0019389024,0.012060485,0.017902816,-0.012094651,-0.014281254,0.0026683398,-0.013447612,-0.01902345,-0.0098465495,-0.002285684,-0.006423148,0.014964568,-0.014677577,0.010680192,-0.026731228,-0.024107303,0.0000506613,-0.0018210307,-0.021510713,-0.0138712665,-0.0013546692,0.012074151,-0.039085537,0.049881894,-0.023464989,0.04296676,-0.0058799135,-0.012566137,0.011302007,0.025856586,0.0062523196,0.011281508,0.0031483674,0.009047072,-0.0054596756,0.01098085,-0.029573813,0.015415555,-0.011097013,-0.0048891087,0.008356925,0.014048927,-0.026826892,-0.027359877,0.0010719482,-0.0014511873,-0.017315166,0.019624766,-0.002393306,-0.0142949205,-0.008582419,0.0029792474,-0.0059994934,-0.05395444,-0.012757465,0.01788915,-0.002929707,-0.0023984308,-0.008404758,-0.17536561,0.015060232,0.0045132865,-0.041736796,-0.0028938332,-0.015347224,-0.011643664,-0.01167783,-0.005955078,0.0055655893,0.008186097,-0.022098362,-0.038402226,-0.021688374,-0.0027879195,0.03129576,-0.006211321,0.0039188038,0.017725155,0.01671385,0.017164838,-0.020185083,-0.022959337,0.002941665,0.01363894,-0.0072567905,0.021155389,-0.0052239327,-0.008958241,-0.0013777311,0.012060485,-0.012402142,0.018750126,0.0071747927,0.010803188,0.017684156,0.0066315588,0.017096506,-0.008664416,0.020280749,0.024626622,0.027154883,-0.016481524,0.012026319,-0.005910663,0.023328327,0.00013431383,-0.017137505,0.0012316728,0.013351948,0.0035293149,-0.04293943,0.05411844,0.0076667788,0.0043151253,0.022112029,0.014909903,0.011233675,0.014622911,0.024189303,0.0053332625,-0.02555593,-0.009949046,0.02111439,0.004540619,0.0030988273,-0.01352961,0.009853383,-0.0068433858,0.011705162,-0.0038299728,-0.0023540154,0.017943816,0.003566897,0.03252573,-0.0032525728,-0.025719924,0.01536089,0.011486501,0.0014819364,-0.0054357597,0.026717562,-0.017315166,0.0053810948,-0.01917378,0.017629491,0.04069816,-0.01176666,-0.007687278,-0.014390585,0.026034249,-0.037992235,-0.00025517493,0.004246794,-0.017137505,0.023956975,-0.025282603,0.006501729,-0.00980555,-0.0038778048,-0.0061259065,-0.00578425,0.016891513,-0.014745908,0.0067203892,0.002603425,-0.0041477135,0.0018876538,0.034548335,-0.022508351,-0.0056305043,0.016754849,0.011541167,0.026635565,-0.0006884385,0.015319891,-0.011110679,-0.03717226,0.028945165,0.0026358822,-0.0029484981,-0.022508351,0.00041959726,-0.00762578,-0.002087523,-0.010557195,-0.07286856,-0.03793757,0.004451788,0.0003598073,-0.016003205,-0.003734309,0.009737219,0.0029963301,-0.017588492,-0.000112426445,-0.018135143,-0.013447612,-0.016891513,0.001738179,0.005042854,0.0029382484,-0.0064573134,-0.017807152,-0.011486501,0.036160957,-0.0068536354,-0.028398514,0.010803188,-0.023560653,-0.008999241,0.013420279,-0.0031944911,0.028671838,0.0077077774,0.017902816,0.013837101,0.007885439,0.0002387327,-0.015688881,-0.0058184154,-0.0051692673,-0.043950733,-0.0029638729,0.030913107,-0.02555593,-0.010680192,0.0046943645,0.026635565,-0.016768515,0.010639193,-0.011916989,-0.023082335,0.020226084,-0.010359034,-0.0068160533,-0.011513834,0.008712249,-0.008773747,-0.0091154035,0.040862154,0.02218036,0.017998481,0.02492728,-0.0033994853,-0.0060780747,0.028972497,-0.034357008,-0.023519654,0.013939598,0.032935716,0.017547494,0.007905939,0.0025163023,-0.016303863,-0.0044996203,-0.019816095,0.02372465,-0.014472582,-0.0037445587,-0.012689134,-0.008965075,-0.0013538151,-0.008575586,0.023137,-0.046929978,-0.017725155,-0.006050742,0.010564028,-0.0027964609,0.009040239,0.0074617844,0.0026837143,-0.026990887,-0.0046806983,-0.026006917,-0.021346718,0.031514425,0.011466002,-0.0060780747,0.008138265,0.005124852,-0.01132934,0.006682807,-0.0070244637,-0.004943774,-0.007120128,-0.022207692,-0.07385253,0.020431077,-0.0057056686,0.0072089587,-0.006669141,-0.009744052,0.0056680865,-0.016959844,-0.012518305,0.003206449,0.0017356166,0.005528007,-0.015046566,0.0053435126,-0.022850007,-0.017998481,0.01085102,-0.016850514,0.0022788509,0.024025306,-0.0037001432,0.0145409135,-0.00008060965,-0.0032269484,0.0119784875,0.009928547,-0.018927786,0.031487092,-0.017998481,0.0014657077,0.02170204,-0.04020617,0.013802935,0.01679585,-0.00028250748,-0.0091154035,0.017902816,0.03331837,0.0105776945,0.032826386,-0.013317782,-0.028343849,0.001978193,0.0008391945,-0.009067572,0.008999241,-0.060240928,0.020950396,0.036379617,-0.035477642,0.008766914,0.022645013,-0.022822674,-0.003127868,-0.0137482695,-0.013126454,0.029792473,0.016768515,-0.01939244,0.017137505,0.018982451,-0.016249198,0.015005567,-0.00648123,0.03181508,-0.013338282,-0.000001152758,0.017971149,0.016563522,-0.015538552,-0.0043117087,0.0076394463,0.011240509,0.038839545,-0.001088177,0.0288905,-0.012197148,-0.0017749071,-0.033236373,0.028234519,0.033482365,-0.019624766,0.0037992236,0.017260501,0.017533828,0.03252573,-0.0038197231,0.013891766,-0.014827905,-0.0061259065,0.0064402306,0.011001349,0.0006717827,0.0135022765,0.019091783,0.009778217,-0.028425846,-0.012695967,0.021756705,0.011226842,0.0023898894,0.0068468023,0.0058867466,-0.005514341,-0.022713345,-0.0011334465,-0.051549178,-0.007960604,0.029737808,-0.002791336,-0.008520921,0.0037855573,0.01869546,0.019132782,-0.029355153,0.009375063,0.021879701,-0.009996878,-0.02690889,0.020034755,-0.002116564,0.011206343,0.0357783,-0.0022771426,0.027154883,0.02878117,-0.013796101,-0.030967772,0.017123839,-0.00773511,0.010208705,-0.021524379,-0.027687868,-0.019515436,-0.017916482,0.012197148,-0.0037206425,0.023833979,-0.019679433,0.052232493,0.011172177,-0.019310443,0.0075506154,0.010290703,-0.0099080475,0.007673612,-0.007919605,-0.023820313,0.017943816,0.017260501,-0.023806646,0.006990298,-0.0025128857,-0.021743039,-0.014103593,-0.0016331195,0.0075506154,0.0127711315,-0.0021917284,0.008787413,0.0068297195,0.015306225,0.0011582166,-0.018299138,0.005941412,0.013433945,-0.014035261,-0.013133287,-0.024394296,-0.00782394,0.0022036864,-0.029327821,-0.0064983126,0.0096620545,-0.028125187,-0.0014409376,-0.023642652,0.0024103888,0.015565884,0.020280749,0.012422642,-0.014472582,-0.017096506,0.010229205,-0.00089428667,-0.004950607,-0.00019912186,-0.022166694]
[{role: assistant, content: [{type: text, text: 您好！我是您的回忆助手，很高兴与您一起回顾过去的时光。  
我想请您回忆一下，您有没有参加过一次难忘的聚会或活动？  
那次聚会的氛围让我至今难忘...  
聚会上有没有特别的表演或节目让您印象深刻...  
您是否和某位重要的人在那次活动中重聚...  }, {type: text, text: }, {type: text, text: }, {type: text, text: false}, {type: text, text: 您好！我是您的回忆助手，很高兴与您一起回顾过去的时光。  
我想请您回忆一下，您有没有参加过一次难忘的聚会或活动？  
那次聚会的氛围让我至今难忘...  
聚会上有没有特别的表演或节目让您印象深刻...  
您是否和某位重要的人在那次活动中重聚...  }]}, {role: assistant, content: [{type: text, text: 您好！我是您的回忆助手，很高兴与您一起回顾过去的时光。  
我想请您回忆一下，有没有一张照片让您想起某个特定的场景？  
那是和家人一起度假的时刻...  
那是我和朋友聚会时捕捉到的瞬间...  
那张照片里有我最喜欢的风景...  }, {type: text, text: }, {type: text, text: }, {type: text, text: false}, {type: text, text: 您好！我是您的回忆助手，很高兴与您一起回顾过去的时光。  
我想请您回忆一下，有没有一张照片让您想起某个特定的场景？  
那是和家人一起度假的时刻...  
那是我和朋友聚会时捕捉到的瞬间...  
那张照片里有我最喜欢的风景...  }]}],[-0.023410324,0.005292264,0.016932512,-0.015811877,-0.015060232,0.033892356,0.0009182027,-0.0032850301,-0.028945165,-0.03061245,-0.017315166,0.018709127,-0.012381643,-0.030694447,-0.017096506,-0.001208611,0.029191157,0.017807152,0.021319384,-0.0145409135,0.011069681,0.023055002,-0.002154146,0.015046566,-0.017902816,-0.0054938416,0.019378774,-0.018681794,0.020909397,-0.0013623565,0.023328327,-0.011110679,-0.0069185505,-0.027523872,-0.004885692,-0.028207187,-0.010564028,0.00097201363,0.026088914,0.011787159,0.013707271,0.008746414,0.012415809,0.02438063,-0.015101231,0.0207864,-0.0072021256,-0.04201012,0.02361532,0.016249198,0.020868398,0.038866878,-0.023150666,-0.009429728,-0.0026358822,-0.009518558,0.012347477,0.05728901,-0.0092998985,-0.026307574,-0.0015451428,0.009231566,-0.025678925,0.006429981,0.018545132,0.0024223467,-0.019952757,-0.010338535,0.023123333,0.014609245,-0.003987135,0.019857094,0.005791083,-0.014021595,0.04911658,-0.014978235,0.0136252735,-0.0051351017,0.009996878,0.00073541625,0.0026358822,-0.023082335,0.009511725,0.040124174,-0.00044842454,0.044169392,-0.00042728454,0.026444236,-0.034603,-0.02921849,0.015989538,0.013925931,0.012873628,0.019187447,0.021661041,0.03083111,-0.0014597287,0.031159101,-0.0033704443,-0.010058376,0.009388729,0.005528007,-0.040725492,-0.009211067,-0.019665767,0.0007264478,0.029027162,0.0031193267,0.012258646,0.014868904,-0.033291038,0.05920229,0.0017065757,-0.003758225,-0.062646195,-0.014827905,0.020144084,-0.017957482,-0.015265226,-0.030475788,-0.00472853,0.031159101,0.0038983042,-0.029409818,0.0044244556,0.016071536,0.014130926,-0.017615825,0.015661549,-0.0058013326,0.047667958,0.0074071195,0.018613463,0.01631753,-0.021729372,0.00993538,-0.007065463,0.008582419,-0.020103086,-0.0050189383,0.0046704486,0.021565378,-0.013105955,-0.01536089,0.019679433,0.031186434,-0.008705416,0.005756917,0.012361143,0.022891006,0.022057364,-0.0041852957,-0.0024189302,0.009812383,0.0036488946,-0.0011343006,-0.0022686012,0.011295174,-0.016768515,-0.03266239,0.006327484,0.025829254,0.013652606,0.0011445503,0.012607136,0.038839545,-0.0039837183,-0.012258646,0.02899983,-0.016208198,-0.035914965,0.018982451,-0.02734621,0.0015494137,-0.016303863,0.0009113695,0.027783532,0.016522523,-0.022002699,-0.011507001,-0.032389063,-0.025378268,0.006908301,0.008910409,-0.01525156,-0.007290956,-0.003536148,-0.017205836,-0.0065837265,-0.0065153954,0.0078034415,0.038839545,-0.006344567,-0.0072499574,-0.6192461,-0.0025641343,0.0016032245,-0.016508857,0.018763792,0.001311108,-0.0050086887,0.018135143,-0.013208452,-0.026990887,-0.02067707,0.025009278,0.008664416,-0.004342458,-0.018681794,-0.011165344,0.0036830604,0.0024155136,0.00048259023,0.0047763623,-0.018613463,0.024899948,-0.0037103929,0.004352708,-0.0127233,-0.0067477217,-0.010126708,-0.0009617639,-0.02815252,0.045071367,-0.031842414,-0.010529863,0.003378986,-0.0094775595,0.058382314,0.015101231,-0.033564363,0.023628986,0.008534587,0.032580394,-0.009211067,0.00041404535,0.012258646,0.0070996284,0.009183735,-0.0055314237,-0.019091783,0.011513834,0.016823182,-0.01455458,-0.003187658,-0.0026734646,-0.004239961,0.00782394,-0.006296735,-0.034657665,0.021620043,-0.030120464,-0.025583262,0.008828412,0.015374556,0.023574319,-0.014404251,-0.02254935,-0.027100218,0.02815252,-0.0024582208,-0.0014144592,-0.0014665618,-0.01756116,0.004492787,0.012825796,-0.0105776945,0.0051966,-0.0029279988,0.010953517,0.020075753,0.0051761004,-0.015183228,0.013843934,0.015893875,-0.018763792,-0.0007687278,-0.018121477,-0.012415809,0.00015257111,-0.03381036,-0.022563016,0.034821663,-0.0012111734,0.0060063265,-0.006330901,-0.000787946,0.0047831954,-0.019242112,0.043868735,-0.032088406,0.009593723,0.011110679,-0.0300658,0.013652606,0.00910857,0.010748523,0.026703896,0.0121629825,0.015456554,-0.029491816,0.004834444,0.03296305,-0.018463133,-0.0013555234,-0.0007290102,0.016440526,-0.031979077,-0.017205836,-0.022235025,0.023300994,0.022522017,0.022535684,-0.002622216,0.0015673506,-0.0070107975,0.0042126286,-0.005821832,0.0134407785,0.02533727,-0.0014050637,-0.0132631175,-0.011008183,0.014308587,0.012053652,-0.01525156,0.014841571,-0.012169816,0.017629491,-0.008240762,0.015497552,-0.005148768,0.030776445,-0.018668128,0.029409818,0.015401889,0.010680192,-0.04362274,-0.027728867,-0.023505988,-0.014089927,-0.0027383792,-0.027769865,0.0034900242,-0.0034678166,-0.0009643263,-0.008069933,0.0152105605,0.000032777698,0.0075096167,-0.0020072337,-0.0063343174,-0.027318878,-0.011520667,0.0034866077,-0.010126708,-0.015169562,-0.0024411378,-0.018449467,-0.028261852,0.0101540405,0.0145409135,-0.017397165,-0.01605787,-0.0173835,-0.0047763623,-0.018203475,-0.029683143,0.015688881,0.023820313,-0.022590348,-0.013891766,0.027305212,-0.016522523,-0.015852876,0.01564788,-0.0028528343,-0.008917242,0.011110679,-0.0019115699,0.010987683,0.012108318,-0.024722286,0.027797198,-0.0055109244,0.033154376,-0.014991901,-0.0080152685,-0.009655221,0.022084696,-0.012238147,0.010769023,0.004919858,0.009183735,0.009026573,-0.008186097,0.022330688,-0.012121984,-0.0039017207,-0.0037445587,0.015429221,-0.0017433038,0.024995612,-0.011746161,0.024681287,-0.020663403,-0.0027691284,-0.0071952925,0.0058867466,0.014964568,0.0042126286,0.010304369,-0.014896236,-0.02514594,0.004144297,-0.009286232,-0.010557195,0.0080152685,-0.013365614,0.009887548,0.013235785,0.016522523,-0.012176649,0.00086823537,0.015060232,0.0058491644,0.012060485,-0.00072303123,-0.008315926,-0.022139361,0.03566897,-0.027291546,0.032607727,-0.0019986923,-0.004325375,0.01784815,0.0015562468,-0.028316516,0.020007422,-0.0054938416,0.015128563,0.014007929,-0.0017526994,0.028097855,-0.009033406,0.026184577,-0.009545892,-0.019078117,0.0081997635,0.0049232747,-0.019447105,0.016344862,0.008739581,0.031131769,-0.011957988,-0.0025914668,0.024421629,0.0053161797,0.0017509911,-0.013837101,-0.00042899282,-0.004981356,-0.030229794,-0.019337775,0.018162476,-0.017684156,-0.009880715,-0.012033152,0.011076514,0.0011565083,0.0128941275,-0.015224228,-0.008281761,-0.0049164416,-0.021879701,-0.03490366,0.01928311,0.0025043443,-0.00023958684,-0.023000335,-0.03501299,0.017219502,-0.008281761,0.00854142,0.002688839,0.012190315,0.00031581902,0.001130884,-0.0016373902,0.027318878,0.0073456215,-0.0082612615,-0.0029279988,-0.015005567,-0.021251053,-0.0035942297,-0.009627889,-0.027441874,0.019365108,-0.0042843763,-0.021278385,0.022481019,-0.008794246,-0.0019713598,-0.017875483,-0.012258646,-0.0044483715,-0.0034848994,0.027264213,0.011356672,-0.018244473,-0.010960351,0.030202461,0.011992154,-0.011459169,-0.017315166,-0.01444525,0.02089573,0.024448961,0.06740206,0.000026798705,-0.013700438,0.019365108,0.014021595,-0.039495528,-0.016768515,0.017369833,-0.015661549,-0.018381136,0.013584275,0.017957482,-0.0034592752,0.020923063,0.002622216,-0.008001602,0.005941412,0.014062594,-0.0127028,-0.008520921,-0.00010730159,0.006669141,0.01631753,-0.0089924075,-0.013775602,0.018340137,0.03129576,0.0049881893,-0.03266239,0.012518305,0.025104942,0.03793757,0.006693057,-0.03211574,0.02815252,0.0018278639,0.014431584,0.026061581,0.0011821325,0.006412898,0.030967772,0.015798211,-0.014021595,0.01631753,-0.021210054,0.0074959504,0.013181119,-0.013112788,0.0016553273,0.004895942,0.027838197,-0.015169562,-0.029573813,0.011049181,-0.004735363,-0.010639193,-0.020376412,0.0014076261,-0.010755356,0.01998009,-0.02041741,-0.005432343,-0.018285472,-0.024517292,-0.022781676,-0.032580394,-0.022166694,-0.0043356246,0.014855238,-0.0064026485,0.0088694105,-0.0047421963,0.00039440006,0.0015656423,0.017957482,0.017807152,-0.03200641,0.00936823,0.002297642,0.016454192,-0.030229794,0.020854732,-0.009340897,-0.023218997,0.0086234175,-0.0016553273,-0.0056544202,-0.0030099964,0.004547452,0.0051385183,0.0028460012,0.02716855,0.012395309,0.010236038,-0.0033106545,-0.0015468511,0.014007929,-0.0024804284,-0.019993756,-0.0040793824,-0.04479804,-0.011445503,-0.022617681,0.017465496,-0.0058423313,0.010222372,0.032799054,0.0027212964,-0.017615825,0.0075096167,-0.020226084,0.0008865994,-0.008220263,0.0038504722,0.0019440273,-0.0024787202,0.026936222,0.005774,-0.01213565,0.0053810948,-0.03665294,0.023177998,0.025760923,-0.011343006,0.009573224,-0.010557195,-0.015128563,0.013884933,-0.0066964733,-0.007584781,0.0011197801,-0.0012504639,0.0033277373,-0.02921849,-0.016071536,0.00021716561,0.0071474602,0.004352708,-0.014226589,-0.031596422,-0.021606376,-0.009634722,0.005340096,0.042638768,-0.030311791,-0.02111439,0.0068433858,0.0065905596,0.019447105,-0.0010352201,0.0017168254,-0.04154547,-0.005972161,0.00496769,-0.02976514,-0.019447105,0.023177998,0.0144179175,0.0008814746,0.03643428,0.008438923,-0.0084457565,0.0015733296,0.0015673506,0.025132274,-0.0016664311,-0.008329593,-0.013823435,0.0080767665,-0.0037616414,0.01821714,0.012067318,-0.02390231,-0.021305718,0.0024804284,0.013652606,0.0028169604,-0.017410832,-0.04824194,-0.019583767,-0.026075248,-0.024831617,-0.010427366,-0.027633203,0.0030937023,-0.0010591361,-0.007741943,0.033127043,-0.00060302427,0.016208198,-0.019857094,0.005473342,-0.0071132947,0.011015016,-0.0038231397,-0.017943816,-0.013420279,-0.012764298,0.005015522,0.028617173,0.0067272224,-0.0036693942,0.0075574485,0.00980555,0.009272566,-0.03793757,-0.010823688,0.0033089463,-0.01627653,-0.01862713,0.003230365,-0.0065598106,-0.0196111,0.0031227432,0.0046226163,-0.010167707,0.020116752,-0.005774,-0.010666525,-0.022412686,-0.008596085,0.034630332,0.004752446,0.026498903,0.02159271,-0.0041237976,-0.024913615,-0.07035397,0.02331466,-0.0024291798,0.020608738,0.033045046,-0.019993756,0.008165598,0.034220345,0.014595578,-0.009190568,-0.039878182,0.0050975196,0.012183482,0.0076052803,-0.0012581511,-0.016686518,-0.014759574,0.012477307,-0.022098362,-0.010591361,-0.015962206,-0.0075437822,-0.042884763,0.013891766,-0.0043151253,0.011575333,0.012436308,-0.007905939,0.007940104,0.00021438964,-0.00043454475,0.015060232,-0.006286485,0.023587985,-0.023464989,0.009074405,-0.008842078,0.033755694,0.0042843763,-0.019091783,0.0031893663,0.037746243,-0.021100724,-0.01224498,0.01259347,0.004885692,0.011732494,0.0035873963,-0.007673612,0.006549561,-0.0026478402,-0.0048515266,0.02584292,0.0075642816,0.021879701,0.010823688,0.0077146105,-0.01638586,0.016221866,0.0057705836,-0.0196521,-0.016290197,-0.008746414,-0.026457902,0.0044176225,0.019857094,-0.01627653,-0.0024923864,0.016098868,0.0034319425,-0.014581912,0.025637927,-0.024421629,-0.005046271,-0.029737808,-0.00588333,0.0058559976,-0.014923569,0.01671385,-0.011629998,-0.02760587,0.0048515266,0.017998481,0.014691243,-0.0046636155,0.019078117,0.018394802,-0.0053537623,-0.013775602,0.011349839,-0.028261852,0.00040016553,-0.020923063,0.019337775,0.00067562633,-0.04307609,0.019255778,-0.0076052803,0.019091783,0.0015519761,-0.051658507,-0.019911759,0.0040144674,0.004772946,0.0032371983,-0.021469714,-0.022850007,-0.012367976,-0.006863885,0.022440018,0.025050277,-0.0054870085,0.021688374,0.028480511,0.015442887,0.015743546,-0.0080152685,0.0077214437,-0.010236038,-0.011705162,-0.01642686,-0.008568753,0.0014776657,0.034329675,-0.014868904,-0.008363758,-0.025501264,-0.0061634886,-0.03845689,-0.018722793,-0.026198244,0.019488104,0.017274167,0.0050667706,-0.012497806,0.009682554,-0.00795377,0.017260501,-0.021551711,-0.013119621,0.010406867,-0.01235431,0.010844187,0.033291038,-0.036789604,-0.017834485,0.0130171245,-0.013413446,0.008630251,0.029601146,-0.010092542,-0.019665767,-0.019296777,0.0064914795,-0.012313311,-0.0026000084,0.024817951,-0.03222507,0.000056640292,-0.0070517967,-0.008165598,0.008732748,0.011049181,0.010967184,0.00888991,0.010475198,0.0022463936,-0.0016066411,0.011588999,-0.0105161965,0.021879701,-0.00035938024,-0.019447105,0.037664246,0.011021849,-0.001136863,-0.005148768,0.008862577,-0.016672852,-0.018791124,0.020854732,-0.014226589,0.010974017,-0.0060644085,0.020267082,-0.027482873,-0.012142483,0.0036215622,-0.0014870613,-0.045372024,-0.00021107984,0.014226589,-0.022590348,0.00047533002,-0.01671385,-0.04813261,-0.013645773,-0.006628142,-0.008001602,-0.023642652,-0.0300658,0.02745554,-0.010133541,-0.0069732154,0.00069569866,0.00450987,0.008042601,0.023096,0.2521154,-0.023519654,-0.0032696556,0.0092589,-0.023519654,0.017588492,0.0066486415,-0.00024641998,0.002447971,-0.00046892397,-0.008343259,0.0130786225,-0.006265986,-0.01642686,0.011971654,-0.05789033,-0.0531618,-0.03050312,-0.008384258,-0.032279734,0.013358781,-0.0028938332,0.005312763,-0.025637927,0.030585118,-0.0060644085,0.011520667,-0.012080984,-0.00797427,0.030885775,-0.03651628,-0.0022634764,0.013468111,0.015606883,-0.021196388,-0.003867555,0.008924075,0.0035805632,0.03214307,0.009867049,0.009443394,-0.026594566,0.02372465,0.008186097,0.012982959,-0.0026290491,-0.01350911,-0.023806646,-0.011664163,0.023014002,-0.011425003,-0.01719217,0.022125695,0.03834756,0.008602918,0.009272566,0.015661549,0.012682301,-0.021155389,0.022713345,-0.025501264,0.03676227,-0.005370845,0.0007892272,-0.011315674,0.008022102,0.007236291,-0.023177998,0.028179854,-0.01642686,0.0037753077,-0.0056544202,-0.026881557,-0.012566137,-0.024585623,-0.021989033,0.01917378,0.012497806,0.007468618,0.025815587,-0.014212923,-0.0033584863,0.008343259,0.0033584863,0.00087976624,-0.03405635,0.03083111,0.00041255058,-0.030749112,0.00019741357,-0.009621056,0.0023659733,-0.013761936,0.0017629492,0.0070996284,-0.002154146,0.0013512527,0.010242871,-0.02218036,-0.009224733,-0.018394802,0.052505817,0.023710983,0.027428208,-0.014431584,-0.025159607,0.004690948,0.0019389024,0.012060485,0.017902816,-0.012094651,-0.014281254,0.0026683398,-0.013447612,-0.01902345,-0.0098465495,-0.002285684,-0.006423148,0.014964568,-0.014677577,0.010680192,-0.026731228,-0.024107303,0.0000506613,-0.0018210307,-0.021510713,-0.0138712665,-0.0013546692,0.012074151,-0.039085537,0.049881894,-0.023464989,0.04296676,-0.0058799135,-0.012566137,0.011302007,0.025856586,0.0062523196,0.011281508,0.0031483674,0.009047072,-0.0054596756,0.01098085,-0.029573813,0.015415555,-0.011097013,-0.0048891087,0.008356925,0.014048927,-0.026826892,-0.027359877,0.0010719482,-0.0014511873,-0.017315166,0.019624766,-0.002393306,-0.0142949205,-0.008582419,0.0029792474,-0.0059994934,-0.05395444,-0.012757465,0.01788915,-0.002929707,-0.0023984308,-0.008404758,-0.17536561,0.015060232,0.0045132865,-0.041736796,-0.0028938332,-0.015347224,-0.011643664,-0.01167783,-0.005955078,0.0055655893,0.008186097,-0.022098362,-0.038402226,-0.021688374,-0.0027879195,0.03129576,-0.006211321,0.0039188038,0.017725155,0.01671385,0.017164838,-0.020185083,-0.022959337,0.002941665,0.01363894,-0.0072567905,0.021155389,-0.0052239327,-0.008958241,-0.0013777311,0.012060485,-0.012402142,0.018750126,0.0071747927,0.010803188,0.017684156,0.0066315588,0.017096506,-0.008664416,0.020280749,0.024626622,0.027154883,-0.016481524,0.012026319,-0.005910663,0.023328327,0.00013431383,-0.017137505,0.0012316728,0.013351948,0.0035293149,-0.04293943,0.05411844,0.0076667788,0.0043151253,0.022112029,0.014909903,0.011233675,0.014622911,0.024189303,0.0053332625,-0.02555593,-0.009949046,0.02111439,0.004540619,0.0030988273,-0.01352961,0.009853383,-0.0068433858,0.011705162,-0.0038299728,-0.0023540154,0.017943816,0.003566897,0.03252573,-0.0032525728,-0.025719924,0.01536089,0.011486501,0.0014819364,-0.0054357597,0.026717562,-0.017315166,0.0053810948,-0.01917378,0.017629491,0.04069816,-0.01176666,-0.007687278,-0.014390585,0.026034249,-0.037992235,-0.00025517493,0.004246794,-0.017137505,0.023956975,-0.025282603,0.006501729,-0.00980555,-0.0038778048,-0.0061259065,-0.00578425,0.016891513,-0.014745908,0.0067203892,0.002603425,-0.0041477135,0.0018876538,0.034548335,-0.022508351,-0.0056305043,0.016754849,0.011541167,0.026635565,-0.0006884385,0.015319891,-0.011110679,-0.03717226,0.028945165,0.0026358822,-0.0029484981,-0.022508351,0.00041959726,-0.00762578,-0.002087523,-0.010557195,-0.07286856,-0.03793757,0.004451788,0.0003598073,-0.016003205,-0.003734309,0.009737219,0.0029963301,-0.017588492,-0.000112426445,-0.018135143,-0.013447612,-0.016891513,0.001738179,0.005042854,0.0029382484,-0.0064573134,-0.017807152,-0.011486501,0.036160957,-0.0068536354,-0.028398514,0.010803188,-0.023560653,-0.008999241,0.013420279,-0.0031944911,0.028671838,0.0077077774,0.017902816,0.013837101,0.007885439,0.0002387327,-0.015688881,-0.0058184154,-0.0051692673,-0.043950733,-0.0029638729,0.030913107,-0.02555593,-0.010680192,0.0046943645,0.026635565,-0.016768515,0.010639193,-0.011916989,-0.023082335,0.020226084,-0.010359034,-0.0068160533,-0.011513834,0.008712249,-0.008773747,-0.0091154035,0.040862154,0.02218036,0.017998481,0.02492728,-0.0033994853,-0.0060780747,0.028972497,-0.034357008,-0.023519654,0.013939598,0.032935716,0.017547494,0.007905939,0.0025163023,-0.016303863,-0.0044996203,-0.019816095,0.02372465,-0.014472582,-0.0037445587,-0.012689134,-0.008965075,-0.0013538151,-0.008575586,0.023137,-0.046929978,-0.017725155,-0.006050742,0.010564028,-0.0027964609,0.009040239,0.0074617844,0.0026837143,-0.026990887,-0.0046806983,-0.026006917,-0.021346718,0.031514425,0.011466002,-0.0060780747,0.008138265,0.005124852,-0.01132934,0.006682807,-0.0070244637,-0.004943774,-0.007120128,-0.022207692,-0.07385253,0.020431077,-0.0057056686,0.0072089587,-0.006669141,-0.009744052,0.0056680865,-0.016959844,-0.012518305,0.003206449,0.0017356166,0.005528007,-0.015046566,0.0053435126,-0.022850007,-0.017998481,0.01085102,-0.016850514,0.0022788509,0.024025306,-0.0037001432,0.0145409135,-0.00008060965,-0.0032269484,0.0119784875,0.009928547,-0.018927786,0.031487092,-0.017998481,0.0014657077,0.02170204,-0.04020617,0.013802935,0.01679585,-0.00028250748,-0.0091154035,0.017902816,0.03331837,0.0105776945,0.032826386,-0.013317782,-0.028343849,0.001978193,0.0008391945,-0.009067572,0.008999241,-0.060240928,0.020950396,0.036379617,-0.035477642,0.008766914,0.022645013,-0.022822674,-0.003127868,-0.0137482695,-0.013126454,0.029792473,0.016768515,-0.01939244,0.017137505,0.018982451,-0.016249198,0.015005567,-0.00648123,0.03181508,-0.013338282,-0.000001152758,0.017971149,0.016563522,-0.015538552,-0.0043117087,0.0076394463,0.011240509,0.038839545,-0.001088177,0.0288905,-0.012197148,-0.0017749071,-0.033236373,0.028234519,0.033482365,-0.019624766,0.0037992236,0.017260501,0.017533828,0.03252573,-0.0038197231,0.013891766,-0.014827905,-0.0061259065,0.0064402306,0.011001349,0.0006717827,0.0135022765,0.019091783,0.009778217,-0.028425846,-0.012695967,0.021756705,0.011226842,0.0023898894,0.0068468023,0.0058867466,-0.005514341,-0.022713345,-0.0011334465,-0.051549178,-0.007960604,0.029737808,-0.002791336,-0.008520921,0.0037855573,0.01869546,0.019132782,-0.029355153,0.009375063,0.021879701,-0.009996878,-0.02690889,0.020034755,-0.002116564,0.011206343,0.0357783,-0.0022771426,0.027154883,0.02878117,-0.013796101,-0.030967772,0.017123839,-0.00773511,0.010208705,-0.021524379,-0.027687868,-0.019515436,-0.017916482,0.012197148,-0.0037206425,0.023833979,-0.019679433,0.052232493,0.011172177,-0.019310443,0.0075506154,0.010290703,-0.0099080475,0.007673612,-0.007919605,-0.023820313,0.017943816,0.017260501,-0.023806646,0.006990298,-0.0025128857,-0.021743039,-0.014103593,-0.0016331195,0.0075506154,0.0127711315,-0.0021917284,0.008787413,0.0068297195,0.015306225,0.0011582166,-0.018299138,0.005941412,0.013433945,-0.014035261,-0.013133287,-0.024394296,-0.00782394,0.0022036864,-0.029327821,-0.0064983126,0.0096620545,-0.028125187,-0.0014409376,-0.023642652,0.0024103888,0.015565884,0.020280749,0.012422642,-0.014472582,-0.017096506,0.010229205,-0.00089428667,-0.004950607,-0.00019912186,-0.022166694]
[{role: assistant, content: [{type: text, text: 您好！我是您的回忆助手，很高兴与您一起回顾过去的时光。  
我想请您回忆一下，您有没有参加过一次难忘的聚会或活动？  
那次聚会的氛围让我至今难忘...  
聚会上有没有特别的表演或节目让您印象深刻...  
您是否和某位重要的人在那次活动中重聚...  }, {type: text, text: }, {type: text, text: }, {type: text, text: false}, {type: text, text: 您好！我是您的回忆助手，很高兴与您一起回顾过去的时光。  
我想请您回忆一下，您有没有参加过一次难忘的聚会或活动？  
那次聚会的氛围让我至今难忘...  
聚会上有没有特别的表演或节目让您印象深刻...  
您是否和某位重要的人在那次活动中重聚...  }]}, {role: assistant, content: [{type: text, text: 您好！我是您的回忆助手，很高兴与您一起回顾过去的时光。  
我想请您回忆一下，有没有一张照片让您想起某个特定的场景？  
那是和家人一起度假的时刻...  
那是我和朋友聚会时捕捉到的瞬间...  
那张照片里有我最喜欢的风景...  }, {type: text, text: }, {type: text, text: }, {type: text, text: false}, {type: text, text: 您好！我是您的回忆助手，很高兴与您一起回顾过去的时光。  
我想请您回忆一下，有没有一张照片让您想起某个特定的场景？  
那是和家人一起度假的时刻...  
那是我和朋友聚会时捕捉到的瞬间...  
那张照片里有我最喜欢的风景...  }]}],[-0.023410324,0.005292264,0.016932512,-0.015811877,-0.015060232,0.033892356,0.0009182027,-0.0032850301,-0.028945165,-0.03061245,-0.017315166,0.018709127,-0.012381643,-0.030694447,-0.017096506,-0.001208611,0.029191157,0.017807152,0.021319384,-0.0145409135,0.011069681,0.023055002,-0.002154146,0.015046566,-0.017902816,-0.0054938416,0.019378774,-0.018681794,0.020909397,-0.0013623565,0.023328327,-0.011110679,-0.0069185505,-0.027523872,-0.004885692,-0.028207187,-0.010564028,0.00097201363,0.026088914,0.011787159,0.013707271,0.008746414,0.012415809,0.02438063,-0.015101231,0.0207864,-0.0072021256,-0.04201012,0.02361532,0.016249198,0.020868398,0.038866878,-0.023150666,-0.009429728,-0.0026358822,-0.009518558,0.012347477,0.05728901,-0.0092998985,-0.026307574,-0.0015451428,0.009231566,-0.025678925,0.006429981,0.018545132,0.0024223467,-0.019952757,-0.010338535,0.023123333,0.014609245,-0.003987135,0.019857094,0.005791083,-0.014021595,0.04911658,-0.014978235,0.0136252735,-0.0051351017,0.009996878,0.00073541625,0.0026358822,-0.023082335,0.009511725,0.040124174,-0.00044842454,0.044169392,-0.00042728454,0.026444236,-0.034603,-0.02921849,0.015989538,0.013925931,0.012873628,0.019187447,0.021661041,0.03083111,-0.0014597287,0.031159101,-0.0033704443,-0.010058376,0.009388729,0.005528007,-0.040725492,-0.009211067,-0.019665767,0.0007264478,0.029027162,0.0031193267,0.012258646,0.014868904,-0.033291038,0.05920229,0.0017065757,-0.003758225,-0.062646195,-0.014827905,0.020144084,-0.017957482,-0.015265226,-0.030475788,-0.00472853,0.031159101,0.0038983042,-0.029409818,0.0044244556,0.016071536,0.014130926,-0.017615825,0.015661549,-0.0058013326,0.047667958,0.0074071195,0.018613463,0.01631753,-0.021729372,0.00993538,-0.007065463,0.008582419,-0.020103086,-0.0050189383,0.0046704486,0.021565378,-0.013105955,-0.01536089,0.019679433,0.031186434,-0.008705416,0.005756917,0.012361143,0.022891006,0.022057364,-0.0041852957,-0.0024189302,0.009812383,0.0036488946,-0.0011343006,-0.0022686012,0.011295174,-0.016768515,-0.03266239,0.006327484,0.025829254,0.013652606,0.0011445503,0.012607136,0.038839545,-0.0039837183,-0.012258646,0.02899983,-0.016208198,-0.035914965,0.018982451,-0.02734621,0.0015494137,-0.016303863,0.0009113695,0.027783532,0.016522523,-0.022002699,-0.011507001,-0.032389063,-0.025378268,0.006908301,0.008910409,-0.01525156,-0.007290956,-0.003536148,-0.017205836,-0.0065837265,-0.0065153954,0.0078034415,0.038839545,-0.006344567,-0.0072499574,-0.6192461,-0.0025641343,0.0016032245,-0.016508857,0.018763792,0.001311108,-0.0050086887,0.018135143,-0.013208452,-0.026990887,-0.02067707,0.025009278,0.008664416,-0.004342458,-0.018681794,-0.011165344,0.0036830604,0.0024155136,0.00048259023,0.0047763623,-0.018613463,0.024899948,-0.0037103929,0.004352708,-0.0127233,-0.0067477217,-0.010126708,-0.0009617639,-0.02815252,0.045071367,-0.031842414,-0.010529863,0.003378986,-0.0094775595,0.058382314,0.015101231,-0.033564363,0.023628986,0.008534587,0.032580394,-0.009211067,0.00041404535,0.012258646,0.0070996284,0.009183735,-0.0055314237,-0.019091783,0.011513834,0.016823182,-0.01455458,-0.003187658,-0.0026734646,-0.004239961,0.00782394,-0.006296735,-0.034657665,0.021620043,-0.030120464,-0.025583262,0.008828412,0.015374556,0.023574319,-0.014404251,-0.02254935,-0.027100218,0.02815252,-0.0024582208,-0.0014144592,-0.0014665618,-0.01756116,0.004492787,0.012825796,-0.0105776945,0.0051966,-0.0029279988,0.010953517,0.020075753,0.0051761004,-0.015183228,0.013843934,0.015893875,-0.018763792,-0.0007687278,-0.018121477,-0.012415809,0.00015257111,-0.03381036,-0.022563016,0.034821663,-0.0012111734,0.0060063265,-0.006330901,-0.000787946,0.0047831954,-0.019242112,0.043868735,-0.032088406,0.009593723,0.011110679,-0.0300658,0.013652606,0.00910857,0.010748523,0.026703896,0.0121629825,0.015456554,-0.029491816,0.004834444,0.03296305,-0.018463133,-0.0013555234,-0.0007290102,0.016440526,-0.031979077,-0.017205836,-0.022235025,0.023300994,0.022522017,0.022535684,-0.002622216,0.0015673506,-0.0070107975,0.0042126286,-0.005821832,0.0134407785,0.02533727,-0.0014050637,-0.0132631175,-0.011008183,0.014308587,0.012053652,-0.01525156,0.014841571,-0.012169816,0.017629491,-0.008240762,0.015497552,-0.005148768,0.030776445,-0.018668128,0.029409818,0.015401889,0.010680192,-0.04362274,-0.027728867,-0.023505988,-0.014089927,-0.0027383792,-0.027769865,0.0034900242,-0.0034678166,-0.0009643263,-0.008069933,0.0152105605,0.000032777698,0.0075096167,-0.0020072337,-0.0063343174,-0.027318878,-0.011520667,0.0034866077,-0.010126708,-0.015169562,-0.0024411378,-0.018449467,-0.028261852,0.0101540405,0.0145409135,-0.017397165,-0.01605787,-0.0173835,-0.0047763623,-0.018203475,-0.029683143,0.015688881,0.023820313,-0.022590348,-0.013891766,0.027305212,-0.016522523,-0.015852876,0.01564788,-0.0028528343,-0.008917242,0.011110679,-0.0019115699,0.010987683,0.012108318,-0.024722286,0.027797198,-0.0055109244,0.033154376,-0.014991901,-0.0080152685,-0.009655221,0.022084696,-0.012238147,0.010769023,0.004919858,0.009183735,0.009026573,-0.008186097,0.022330688,-0.012121984,-0.0039017207,-0.0037445587,0.015429221,-0.0017433038,0.024995612,-0.011746161,0.024681287,-0.020663403,-0.0027691284,-0.0071952925,0.0058867466,0.014964568,0.0042126286,0.010304369,-0.014896236,-0.02514594,0.004144297,-0.009286232,-0.010557195,0.0080152685,-0.013365614,0.009887548,0.013235785,0.016522523,-0.012176649,0.00086823537,0.015060232,0.0058491644,0.012060485,-0.00072303123,-0.008315926,-0.022139361,0.03566897,-0.027291546,0.032607727,-0.0019986923,-0.004325375,0.01784815,0.0015562468,-0.028316516,0.020007422,-0.0054938416,0.015128563,0.014007929,-0.0017526994,0.028097855,-0.009033406,0.026184577,-0.009545892,-0.019078117,0.0081997635,0.0049232747,-0.019447105,0.016344862,0.008739581,0.031131769,-0.011957988,-0.0025914668,0.024421629,0.0053161797,0.0017509911,-0.013837101,-0.00042899282,-0.004981356,-0.030229794,-0.019337775,0.018162476,-0.017684156,-0.009880715,-0.012033152,0.011076514,0.0011565083,0.0128941275,-0.015224228,-0.008281761,-0.0049164416,-0.021879701,-0.03490366,0.01928311,0.0025043443,-0.00023958684,-0.023000335,-0.03501299,0.017219502,-0.008281761,0.00854142,0.002688839,0.012190315,0.00031581902,0.001130884,-0.0016373902,0.027318878,0.0073456215,-0.0082612615,-0.0029279988,-0.015005567,-0.021251053,-0.0035942297,-0.009627889,-0.027441874,0.019365108,-0.0042843763,-0.021278385,0.022481019,-0.008794246,-0.0019713598,-0.017875483,-0.012258646,-0.0044483715,-0.0034848994,0.027264213,0.011356672,-0.018244473,-0.010960351,0.030202461,0.011992154,-0.011459169,-0.017315166,-0.01444525,0.02089573,0.024448961,0.06740206,0.000026798705,-0.013700438,0.019365108,0.014021595,-0.039495528,-0.016768515,0.017369833,-0.015661549,-0.018381136,0.013584275,0.017957482,-0.0034592752,0.020923063,0.002622216,-0.008001602,0.005941412,0.014062594,-0.0127028,-0.008520921,-0.00010730159,0.006669141,0.01631753,-0.0089924075,-0.013775602,0.018340137,0.03129576,0.0049881893,-0.03266239,0.012518305,0.025104942,0.03793757,0.006693057,-0.03211574,0.02815252,0.0018278639,0.014431584,0.026061581,0.0011821325,0.006412898,0.030967772,0.015798211,-0.014021595,0.01631753,-0.021210054,0.0074959504,0.013181119,-0.013112788,0.0016553273,0.004895942,0.027838197,-0.015169562,-0.029573813,0.011049181,-0.004735363,-0.010639193,-0.020376412,0.0014076261,-0.010755356,0.01998009,-0.02041741,-0.005432343,-0.018285472,-0.024517292,-0.022781676,-0.032580394,-0.022166694,-0.0043356246,0.014855238,-0.0064026485,0.0088694105,-0.0047421963,0.00039440006,0.0015656423,0.017957482,0.017807152,-0.03200641,0.00936823,0.002297642,0.016454192,-0.030229794,0.020854732,-0.009340897,-0.023218997,0.0086234175,-0.0016553273,-0.0056544202,-0.0030099964,0.004547452,0.0051385183,0.0028460012,0.02716855,0.012395309,0.010236038,-0.0033106545,-0.0015468511,0.014007929,-0.0024804284,-0.019993756,-0.0040793824,-0.04479804,-0.011445503,-0.022617681,0.017465496,-0.0058423313,0.010222372,0.032799054,0.0027212964,-0.017615825,0.0075096167,-0.020226084,0.0008865994,-0.008220263,0.0038504722,0.0019440273,-0.0024787202,0.026936222,0.005774,-0.01213565,0.0053810948,-0.03665294,0.023177998,0.025760923,-0.011343006,0.009573224,-0.010557195,-0.015128563,0.013884933,-0.0066964733,-0.007584781,0.0011197801,-0.0012504639,0.0033277373,-0.02921849,-0.016071536,0.00021716561,0.0071474602,0.004352708,-0.014226589,-0.031596422,-0.021606376,-0.009634722,0.005340096,0.042638768,-0.030311791,-0.02111439,0.0068433858,0.0065905596,0.019447105,-0.0010352201,0.0017168254,-0.04154547,-0.005972161,0.00496769,-0.02976514,-0.019447105,0.023177998,0.0144179175,0.0008814746,0.03643428,0.008438923,-0.0084457565,0.0015733296,0.0015673506,0.025132274,-0.0016664311,-0.008329593,-0.013823435,0.0080767665,-0.0037616414,0.01821714,0.012067318,-0.02390231,-0.021305718,0.0024804284,0.013652606,0.0028169604,-0.017410832,-0.04824194,-0.019583767,-0.026075248,-0.024831617,-0.010427366,-0.027633203,0.0030937023,-0.0010591361,-0.007741943,0.033127043,-0.00060302427,0.016208198,-0.019857094,0.005473342,-0.0071132947,0.011015016,-0.0038231397,-0.017943816,-0.013420279,-0.012764298,0.005015522,0.028617173,0.0067272224,-0.0036693942,0.0075574485,0.00980555,0.009272566,-0.03793757,-0.010823688,0.0033089463,-0.01627653,-0.01862713,0.003230365,-0.0065598106,-0.0196111,0.0031227432,0.0046226163,-0.010167707,0.020116752,-0.005774,-0.010666525,-0.022412686,-0.008596085,0.034630332,0.004752446,0.026498903,0.02159271,-0.0041237976,-0.024913615,-0.07035397,0.02331466,-0.0024291798,0.020608738,0.033045046,-0.019993756,0.008165598,0.034220345,0.014595578,-0.009190568,-0.039878182,0.0050975196,0.012183482,0.0076052803,-0.0012581511,-0.016686518,-0.014759574,0.012477307,-0.022098362,-0.010591361,-0.015962206,-0.0075437822,-0.042884763,0.013891766,-0.0043151253,0.011575333,0.012436308,-0.007905939,0.007940104,0.00021438964,-0.00043454475,0.015060232,-0.006286485,0.023587985,-0.023464989,0.009074405,-0.008842078,0.033755694,0.0042843763,-0.019091783,0.0031893663,0.037746243,-0.021100724,-0.01224498,0.01259347,0.004885692,0.011732494,0.0035873963,-0.007673612,0.006549561,-0.0026478402,-0.0048515266,0.02584292,0.0075642816,0.021879701,0.010823688,0.0077146105,-0.01638586,0.016221866,0.0057705836,-0.0196521,-0.016290197,-0.008746414,-0.026457902,0.0044176225,0.019857094,-0.01627653,-0.0024923864,0.016098868,0.0034319425,-0.014581912,0.025637927,-0.024421629,-0.005046271,-0.029737808,-0.00588333,0.0058559976,-0.014923569,0.01671385,-0.011629998,-0.02760587,0.0048515266,0.017998481,0.014691243,-0.0046636155,0.019078117,0.018394802,-0.0053537623,-0.013775602,0.011349839,-0.028261852,0.00040016553,-0.020923063,0.019337775,0.00067562633,-0.04307609,0.019255778,-0.0076052803,0.019091783,0.0015519761,-0.051658507,-0.019911759,0.0040144674,0.004772946,0.0032371983,-0.021469714,-0.022850007,-0.012367976,-0.006863885,0.022440018,0.025050277,-0.0054870085,0.021688374,0.028480511,0.015442887,0.015743546,-0.0080152685,0.0077214437,-0.010236038,-0.011705162,-0.01642686,-0.008568753,0.0014776657,0.034329675,-0.014868904,-0.008363758,-0.025501264,-0.0061634886,-0.03845689,-0.018722793,-0.026198244,0.019488104,0.017274167,0.0050667706,-0.012497806,0.009682554,-0.00795377,0.017260501,-0.021551711,-0.013119621,0.010406867,-0.01235431,0.010844187,0.033291038,-0.036789604,-0.017834485,0.0130171245,-0.013413446,0.008630251,0.029601146,-0.010092542,-0.019665767,-0.019296777,0.0064914795,-0.012313311,-0.0026000084,0.024817951,-0.03222507,0.000056640292,-0.0070517967,-0.008165598,0.008732748,0.011049181,0.010967184,0.00888991,0.010475198,0.0022463936,-0.0016066411,0.011588999,-0.0105161965,0.021879701,-0.00035938024,-0.019447105,0.037664246,0.011021849,-0.001136863,-0.005148768,0.008862577,-0.016672852,-0.018791124,0.020854732,-0.014226589,0.010974017,-0.0060644085,0.020267082,-0.027482873,-0.012142483,0.0036215622,-0.0014870613,-0.045372024,-0.00021107984,0.014226589,-0.022590348,0.00047533002,-0.01671385,-0.04813261,-0.013645773,-0.006628142,-0.008001602,-0.023642652,-0.0300658,0.02745554,-0.010133541,-0.0069732154,0.00069569866,0.00450987,0.008042601,0.023096,0.2521154,-0.023519654,-0.0032696556,0.0092589,-0.023519654,0.017588492,0.0066486415,-0.00024641998,0.002447971,-0.00046892397,-0.008343259,0.0130786225,-0.006265986,-0.01642686,0.011971654,-0.05789033,-0.0531618,-0.03050312,-0.008384258,-0.032279734,0.013358781,-0.0028938332,0.005312763,-0.025637927,0.030585118,-0.0060644085,0.011520667,-0.012080984,-0.00797427,0.030885775,-0.03651628,-0.0022634764,0.013468111,0.015606883,-0.021196388,-0.003867555,0.008924075,0.0035805632,0.03214307,0.009867049,0.009443394,-0.026594566,0.02372465,0.008186097,0.012982959,-0.0026290491,-0.01350911,-0.023806646,-0.011664163,0.023014002,-0.011425003,-0.01719217,0.022125695,0.03834756,0.008602918,0.009272566,0.015661549,0.012682301,-0.021155389,0.022713345,-0.025501264,0.03676227,-0.005370845,0.0007892272,-0.011315674,0.008022102,0.007236291,-0.023177998,0.028179854,-0.01642686,0.0037753077,-0.0056544202,-0.026881557,-0.012566137,-0.024585623,-0.021989033,0.01917378,0.012497806,0.007468618,0.025815587,-0.014212923,-0.0033584863,0.008343259,0.0033584863,0.00087976624,-0.03405635,0.03083111,0.00041255058,-0.030749112,0.00019741357,-0.009621056,0.0023659733,-0.013761936,0.0017629492,0.0070996284,-0.002154146,0.0013512527,0.010242871,-0.02218036,-0.009224733,-0.018394802,0.052505817,0.023710983,0.027428208,-0.014431584,-0.025159607,0.004690948,0.0019389024,0.012060485,0.017902816,-0.012094651,-0.014281254,0.0026683398,-0.013447612,-0.01902345,-0.0098465495,-0.002285684,-0.006423148,0.014964568,-0.014677577,0.010680192,-0.026731228,-0.024107303,0.0000506613,-0.0018210307,-0.021510713,-0.0138712665,-0.0013546692,0.012074151,-0.039085537,0.049881894,-0.023464989,0.04296676,-0.0058799135,-0.012566137,0.011302007,0.025856586,0.0062523196,0.011281508,0.0031483674,0.009047072,-0.0054596756,0.01098085,-0.029573813,0.015415555,-0.011097013,-0.0048891087,0.008356925,0.014048927,-0.026826892,-0.027359877,0.0010719482,-0.0014511873,-0.017315166,0.019624766,-0.002393306,-0.0142949205,-0.008582419,0.0029792474,-0.0059994934,-0.05395444,-0.012757465,0.01788915,-0.002929707,-0.0023984308,-0.008404758,-0.17536561,0.015060232,0.0045132865,-0.041736796,-0.0028938332,-0.015347224,-0.011643664,-0.01167783,-0.005955078,0.0055655893,0.008186097,-0.022098362,-0.038402226,-0.021688374,-0.0027879195,0.03129576,-0.006211321,0.0039188038,0.017725155,0.01671385,0.017164838,-0.020185083,-0.022959337,0.002941665,0.01363894,-0.0072567905,0.021155389,-0.0052239327,-0.008958241,-0.0013777311,0.012060485,-0.012402142,0.018750126,0.0071747927,0.010803188,0.017684156,0.0066315588,0.017096506,-0.008664416,0.020280749,0.024626622,0.027154883,-0.016481524,0.012026319,-0.005910663,0.023328327,0.00013431383,-0.017137505,0.0012316728,0.013351948,0.0035293149,-0.04293943,0.05411844,0.0076667788,0.0043151253,0.022112029,0.014909903,0.011233675,0.014622911,0.024189303,0.0053332625,-0.02555593,-0.009949046,0.02111439,0.004540619,0.0030988273,-0.01352961,0.009853383,-0.0068433858,0.011705162,-0.0038299728,-0.0023540154,0.017943816,0.003566897,0.03252573,-0.0032525728,-0.025719924,0.01536089,0.011486501,0.0014819364,-0.0054357597,0.026717562,-0.017315166,0.0053810948,-0.01917378,0.017629491,0.04069816,-0.01176666,-0.007687278,-0.014390585,0.026034249,-0.037992235,-0.00025517493,0.004246794,-0.017137505,0.023956975,-0.025282603,0.006501729,-0.00980555,-0.0038778048,-0.0061259065,-0.00578425,0.016891513,-0.014745908,0.0067203892,0.002603425,-0.0041477135,0.0018876538,0.034548335,-0.022508351,-0.0056305043,0.016754849,0.011541167,0.026635565,-0.0006884385,0.015319891,-0.011110679,-0.03717226,0.028945165,0.0026358822,-0.0029484981,-0.022508351,0.00041959726,-0.00762578,-0.002087523,-0.010557195,-0.07286856,-0.03793757,0.004451788,0.0003598073,-0.016003205,-0.003734309,0.009737219,0.0029963301,-0.017588492,-0.000112426445,-0.018135143,-0.013447612,-0.016891513,0.001738179,0.005042854,0.0029382484,-0.0064573134,-0.017807152,-0.011486501,0.036160957,-0.0068536354,-0.028398514,0.010803188,-0.023560653,-0.008999241,0.013420279,-0.0031944911,0.028671838,0.0077077774,0.017902816,0.013837101,0.007885439,0.0002387327,-0.015688881,-0.0058184154,-0.0051692673,-0.043950733,-0.0029638729,0.030913107,-0.02555593,-0.010680192,0.0046943645,0.026635565,-0.016768515,0.010639193,-0.011916989,-0.023082335,0.020226084,-0.010359034,-0.0068160533,-0.011513834,0.008712249,-0.008773747,-0.0091154035,0.040862154,0.02218036,0.017998481,0.02492728,-0.0033994853,-0.0060780747,0.028972497,-0.034357008,-0.023519654,0.013939598,0.032935716,0.017547494,0.007905939,0.0025163023,-0.016303863,-0.0044996203,-0.019816095,0.02372465,-0.014472582,-0.0037445587,-0.012689134,-0.008965075,-0.0013538151,-0.008575586,0.023137,-0.046929978,-0.017725155,-0.006050742,0.010564028,-0.0027964609,0.009040239,0.0074617844,0.0026837143,-0.026990887,-0.0046806983,-0.026006917,-0.021346718,0.031514425,0.011466002,-0.0060780747,0.008138265,0.005124852,-0.01132934,0.006682807,-0.0070244637,-0.004943774,-0.007120128,-0.022207692,-0.07385253,0.020431077,-0.0057056686,0.0072089587,-0.006669141,-0.009744052,0.0056680865,-0.016959844,-0.012518305,0.003206449,0.0017356166,0.005528007,-0.015046566,0.0053435126,-0.022850007,-0.017998481,0.01085102,-0.016850514,0.0022788509,0.024025306,-0.0037001432,0.0145409135,-0.00008060965,-0.0032269484,0.0119784875,0.009928547,-0.018927786,0.031487092,-0.017998481,0.0014657077,0.02170204,-0.04020617,0.013802935,0.01679585,-0.00028250748,-0.0091154035,0.017902816,0.03331837,0.0105776945,0.032826386,-0.013317782,-0.028343849,0.001978193,0.0008391945,-0.009067572,0.008999241,-0.060240928,0.020950396,0.036379617,-0.035477642,0.008766914,0.022645013,-0.022822674,-0.003127868,-0.0137482695,-0.013126454,0.029792473,0.016768515,-0.01939244,0.017137505,0.018982451,-0.016249198,0.015005567,-0.00648123,0.03181508,-0.013338282,-0.000001152758,0.017971149,0.016563522,-0.015538552,-0.0043117087,0.0076394463,0.011240509,0.038839545,-0.001088177,0.0288905,-0.012197148,-0.0017749071,-0.033236373,0.028234519,0.033482365,-0.019624766,0.0037992236,0.017260501,0.017533828,0.03252573,-0.0038197231,0.013891766,-0.014827905,-0.0061259065,0.0064402306,0.011001349,0.0006717827,0.0135022765,0.019091783,0.009778217,-0.028425846,-0.012695967,0.021756705,0.011226842,0.0023898894,0.0068468023,0.0058867466,-0.005514341,-0.022713345,-0.0011334465,-0.051549178,-0.007960604,0.029737808,-0.002791336,-0.008520921,0.0037855573,0.01869546,0.019132782,-0.029355153,0.009375063,0.021879701,-0.009996878,-0.02690889,0.020034755,-0.002116564,0.011206343,0.0357783,-0.0022771426,0.027154883,0.02878117,-0.013796101,-0.030967772,0.017123839,-0.00773511,0.010208705,-0.021524379,-0.027687868,-0.019515436,-0.017916482,0.012197148,-0.0037206425,0.023833979,-0.019679433,0.052232493,0.011172177,-0.019310443,0.0075506154,0.010290703,-0.0099080475,0.007673612,-0.007919605,-0.023820313,0.017943816,0.017260501,-0.023806646,0.006990298,-0.0025128857,-0.021743039,-0.014103593,-0.0016331195,0.0075506154,0.0127711315,-0.0021917284,0.008787413,0.0068297195,0.015306225,0.0011582166,-0.018299138,0.005941412,0.013433945,-0.014035261,-0.013133287,-0.024394296,-0.00782394,0.0022036864,-0.029327821,-0.0064983126,0.0096620545,-0.028125187,-0.0014409376,-0.023642652,0.0024103888,0.015565884,0.020280749,0.012422642,-0.014472582,-0.017096506,0.010229205,-0.00089428667,-0.004950607,-0.00019912186,-0.022166694]
[{role: assistant, content: [{type: text, text: 您好！我是您的回忆助手，很高兴与您一起回顾过去的时光。  
我想请您回忆一下，您有没有参加过一次难忘的聚会或活动？  
那次聚会的氛围让我至今难忘...  
聚会上有没有特别的表演或节目让您印象深刻...  
您是否和某位重要的人在那次活动中重聚...  }, {type: text, text: }, {type: text, text: }, {type: text, text: false}, {type: text, text: 您好！我是您的回忆助手，很高兴与您一起回顾过去的时光。  
我想请您回忆一下，您有没有参加过一次难忘的聚会或活动？  
那次聚会的氛围让我至今难忘...  
聚会上有没有特别的表演或节目让您印象深刻...  
您是否和某位重要的人在那次活动中重聚...  }]}, {role: assistant, content: [{type: text, text: 您好！我是您的回忆助手，很高兴与您一起回顾过去的时光。  
我想请您回忆一下，有没有一张照片让您想起某个特定的场景？  
那是和家人一起度假的时刻...  
那是我和朋友聚会时捕捉到的瞬间...  
那张照片里有我最喜欢的风景...  }, {type: text, text: }, {type: text, text: }, {type: text, text: false}, {type: text, text: 您好！我是您的回忆助手，很高兴与您一起回顾过去的时光。  
我想请您回忆一下，有没有一张照片让您想起某个特定的场景？  
那是和家人一起度假的时刻...  
那是我和朋友聚会时捕捉到的瞬间...  
那张照片里有我最喜欢的风景...  }]}],[]
[{role: assistant, content: [{type: text, text: 您好！我是您的回忆助手，很高兴与您一起回顾过去的时光。  
我想请您回忆一下，您有没有参加过一次难忘的聚会或活动？  
那次聚会的氛围让我至今难忘...  
聚会上有没有特别的表演或节目让您印象深刻...  
您是否和某位重要的人在那次活动中重聚...  }, {type: text, text: }, {type: text, text: }, {type: text, text: false}, {type: text, text: 您好！我是您的回忆助手，很高兴与您一起回顾过去的时光。  
我想请您回忆一下，您有没有参加过一次难忘的聚会或活动？  
那次聚会的氛围让我至今难忘...  
聚会上有没有特别的表演或节目让您印象深刻...  
您是否和某位重要的人在那次活动中重聚...  }]}, {role: assistant, content: [{type: text, text: 您好！我是您的回忆助手，很高兴与您一起回顾过去的时光。  
我想请您回忆一下，有没有一张照片让您想起某个特定的场景？  
那是和家人一起度假的时刻...  
那是我和朋友聚会时捕捉到的瞬间...  
那张照片里有我最喜欢的风景...  }, {type: text, text: }, {type: text, text: }, {type: text, text: false}, {type: text, text: 您好！我是您的回忆助手，很高兴与您一起回顾过去的时光。  
我想请您回忆一下，有没有一张照片让您想起某个特定的场景？  
那是和家人一起度假的时刻...  
那是我和朋友聚会时捕捉到的瞬间...  
那张照片里有我最喜欢的风景...  }]}],[-0.023410324,0.005292264,0.016932512,-0.015811877,-0.015060232,0.033892356,0.0009182027,-0.0032850301,-0.028945165,-0.03061245,-0.017315166,0.018709127,-0.012381643,-0.030694447,-0.017096506,-0.001208611,0.029191157,0.017807152,0.021319384,-0.0145409135,0.011069681,0.023055002,-0.002154146,0.015046566,-0.017902816,-0.0054938416,0.019378774,-0.018681794,0.020909397,-0.0013623565,0.023328327,-0.011110679,-0.0069185505,-0.027523872,-0.004885692,-0.028207187,-0.010564028,0.00097201363,0.026088914,0.011787159,0.013707271,0.008746414,0.012415809,0.02438063,-0.015101231,0.0207864,-0.0072021256,-0.04201012,0.02361532,0.016249198,0.020868398,0.038866878,-0.023150666,-0.009429728,-0.0026358822,-0.009518558,0.012347477,0.05728901,-0.0092998985,-0.026307574,-0.0015451428,0.009231566,-0.025678925,0.006429981,0.018545132,0.0024223467,-0.019952757,-0.010338535,0.023123333,0.014609245,-0.003987135,0.019857094,0.005791083,-0.014021595,0.04911658,-0.014978235,0.0136252735,-0.0051351017,0.009996878,0.00073541625,0.0026358822,-0.023082335,0.009511725,0.040124174,-0.00044842454,0.044169392,-0.00042728454,0.026444236,-0.034603,-0.02921849,0.015989538,0.013925931,0.012873628,0.019187447,0.021661041,0.03083111,-0.0014597287,0.031159101,-0.0033704443,-0.010058376,0.009388729,0.005528007,-0.040725492,-0.009211067,-0.019665767,0.0007264478,0.029027162,0.0031193267,0.012258646,0.014868904,-0.033291038,0.05920229,0.0017065757,-0.003758225,-0.062646195,-0.014827905,0.020144084,-0.017957482,-0.015265226,-0.030475788,-0.00472853,0.031159101,0.0038983042,-0.029409818,0.0044244556,0.016071536,0.014130926,-0.017615825,0.015661549,-0.0058013326,0.047667958,0.0074071195,0.018613463,0.01631753,-0.021729372,0.00993538,-0.007065463,0.008582419,-0.020103086,-0.0050189383,0.0046704486,0.021565378,-0.013105955,-0.01536089,0.019679433,0.031186434,-0.008705416,0.005756917,0.012361143,0.022891006,0.022057364,-0.0041852957,-0.0024189302,0.009812383,0.0036488946,-0.0011343006,-0.0022686012,0.011295174,-0.016768515,-0.03266239,0.006327484,0.025829254,0.013652606,0.0011445503,0.012607136,0.038839545,-0.0039837183,-0.012258646,0.02899983,-0.016208198,-0.035914965,0.018982451,-0.02734621,0.0015494137,-0.016303863,0.0009113695,0.027783532,0.016522523,-0.022002699,-0.011507001,-0.032389063,-0.025378268,0.006908301,0.008910409,-0.01525156,-0.007290956,-0.003536148,-0.017205836,-0.0065837265,-0.0065153954,0.0078034415,0.038839545,-0.006344567,-0.0072499574,-0.6192461,-0.0025641343,0.0016032245,-0.016508857,0.018763792,0.001311108,-0.0050086887,0.018135143,-0.013208452,-0.026990887,-0.02067707,0.025009278,0.008664416,-0.004342458,-0.018681794,-0.011165344,0.0036830604,0.0024155136,0.00048259023,0.0047763623,-0.018613463,0.024899948,-0.0037103929,0.004352708,-0.0127233,-0.0067477217,-0.010126708,-0.0009617639,-0.02815252,0.045071367,-0.031842414,-0.010529863,0.003378986,-0.0094775595,0.058382314,0.015101231,-0.033564363,0.023628986,0.008534587,0.032580394,-0.009211067,0.00041404535,0.012258646,0.0070996284,0.009183735,-0.0055314237,-0.019091783,0.011513834,0.016823182,-0.01455458,-0.003187658,-0.0026734646,-0.004239961,0.00782394,-0.006296735,-0.034657665,0.021620043,-0.030120464,-0.025583262,0.008828412,0.015374556,0.023574319,-0.014404251,-0.02254935,-0.027100218,0.02815252,-0.0024582208,-0.0014144592,-0.0014665618,-0.01756116,0.004492787,0.012825796,-0.0105776945,0.0051966,-0.0029279988,0.010953517,0.020075753,0.0051761004,-0.015183228,0.013843934,0.015893875,-0.018763792,-0.0007687278,-0.018121477,-0.012415809,0.00015257111,-0.03381036,-0.022563016,0.034821663,-0.0012111734,0.0060063265,-0.006330901,-0.000787946,0.0047831954,-0.019242112,0.043868735,-0.032088406,0.009593723,0.011110679,-0.0300658,0.013652606,0.00910857,0.010748523,0.026703896,0.0121629825,0.015456554,-0.029491816,0.004834444,0.03296305,-0.018463133,-0.0013555234,-0.0007290102,0.016440526,-0.031979077,-0.017205836,-0.022235025,0.023300994,0.022522017,0.022535684,-0.002622216,0.0015673506,-0.0070107975,0.0042126286,-0.005821832,0.0134407785,0.02533727,-0.0014050637,-0.0132631175,-0.011008183,0.014308587,0.012053652,-0.01525156,0.014841571,-0.012169816,0.017629491,-0.008240762,0.015497552,-0.005148768,0.030776445,-0.018668128,0.029409818,0.015401889,0.010680192,-0.04362274,-0.027728867,-0.023505988,-0.014089927,-0.0027383792,-0.027769865,0.0034900242,-0.0034678166,-0.0009643263,-0.008069933,0.0152105605,0.000032777698,0.0075096167,-0.0020072337,-0.0063343174,-0.027318878,-0.011520667,0.0034866077,-0.010126708,-0.015169562,-0.0024411378,-0.018449467,-0.028261852,0.0101540405,0.0145409135,-0.017397165,-0.01605787,-0.0173835,-0.0047763623,-0.018203475,-0.029683143,0.015688881,0.023820313,-0.022590348,-0.013891766,0.027305212,-0.016522523,-0.015852876,0.01564788,-0.0028528343,-0.008917242,0.011110679,-0.0019115699,0.010987683,0.012108318,-0.024722286,0.027797198,-0.0055109244,0.033154376,-0.014991901,-0.0080152685,-0.009655221,0.022084696,-0.012238147,0.010769023,0.004919858,0.009183735,0.009026573,-0.008186097,0.022330688,-0.012121984,-0.0039017207,-0.0037445587,0.015429221,-0.0017433038,0.024995612,-0.011746161,0.024681287,-0.020663403,-0.0027691284,-0.0071952925,0.0058867466,0.014964568,0.0042126286,0.010304369,-0.014896236,-0.02514594,0.004144297,-0.009286232,-0.010557195,0.0080152685,-0.013365614,0.009887548,0.013235785,0.016522523,-0.012176649,0.00086823537,0.015060232,0.0058491644,0.012060485,-0.00072303123,-0.008315926,-0.022139361,0.03566897,-0.027291546,0.032607727,-0.0019986923,-0.004325375,0.01784815,0.0015562468,-0.028316516,0.020007422,-0.0054938416,0.015128563,0.014007929,-0.0017526994,0.028097855,-0.009033406,0.026184577,-0.009545892,-0.019078117,0.0081997635,0.0049232747,-0.019447105,0.016344862,0.008739581,0.031131769,-0.011957988,-0.0025914668,0.024421629,0.0053161797,0.0017509911,-0.013837101,-0.00042899282,-0.004981356,-0.030229794,-0.019337775,0.018162476,-0.017684156,-0.009880715,-0.012033152,0.011076514,0.0011565083,0.0128941275,-0.015224228,-0.008281761,-0.0049164416,-0.021879701,-0.03490366,0.01928311,0.0025043443,-0.00023958684,-0.023000335,-0.03501299,0.017219502,-0.008281761,0.00854142,0.002688839,0.012190315,0.00031581902,0.001130884,-0.0016373902,0.027318878,0.0073456215,-0.0082612615,-0.0029279988,-0.015005567,-0.021251053,-0.0035942297,-0.009627889,-0.027441874,0.019365108,-0.0042843763,-0.021278385,0.022481019,-0.008794246,-0.0019713598,-0.017875483,-0.012258646,-0.0044483715,-0.0034848994,0.027264213,0.011356672,-0.018244473,-0.010960351,0.030202461,0.011992154,-0.011459169,-0.017315166,-0.01444525,0.02089573,0.024448961,0.06740206,0.000026798705,-0.013700438,0.019365108,0.014021595,-0.039495528,-0.016768515,0.017369833,-0.015661549,-0.018381136,0.013584275,0.017957482,-0.0034592752,0.020923063,0.002622216,-0.008001602,0.005941412,0.014062594,-0.0127028,-0.008520921,-0.00010730159,0.006669141,0.01631753,-0.0089924075,-0.013775602,0.018340137,0.03129576,0.0049881893,-0.03266239,0.012518305,0.025104942,0.03793757,0.006693057,-0.03211574,0.02815252,0.0018278639,0.014431584,0.026061581,0.0011821325,0.006412898,0.030967772,0.015798211,-0.014021595,0.01631753,-0.021210054,0.0074959504,0.013181119,-0.013112788,0.0016553273,0.004895942,0.027838197,-0.015169562,-0.029573813,0.011049181,-0.004735363,-0.010639193,-0.020376412,0.0014076261,-0.010755356,0.01998009,-0.02041741,-0.005432343,-0.018285472,-0.024517292,-0.022781676,-0.032580394,-0.022166694,-0.0043356246,0.014855238,-0.0064026485,0.0088694105,-0.0047421963,0.00039440006,0.0015656423,0.017957482,0.017807152,-0.03200641,0.00936823,0.002297642,0.016454192,-0.030229794,0.020854732,-0.009340897,-0.023218997,0.0086234175,-0.0016553273,-0.0056544202,-0.0030099964,0.004547452,0.0051385183,0.0028460012,0.02716855,0.012395309,0.010236038,-0.0033106545,-0.0015468511,0.014007929,-0.0024804284,-0.019993756,-0.0040793824,-0.04479804,-0.011445503,-0.022617681,0.017465496,-0.0058423313,0.010222372,0.032799054,0.0027212964,-0.017615825,0.0075096167,-0.020226084,0.0008865994,-0.008220263,0.0038504722,0.0019440273,-0.0024787202,0.026936222,0.005774,-0.01213565,0.0053810948,-0.03665294,0.023177998,0.025760923,-0.011343006,0.009573224,-0.010557195,-0.015128563,0.013884933,-0.0066964733,-0.007584781,0.0011197801,-0.0012504639,0.0033277373,-0.02921849,-0.016071536,0.00021716561,0.0071474602,0.004352708,-0.014226589,-0.031596422,-0.021606376,-0.009634722,0.005340096,0.042638768,-0.030311791,-0.02111439,0.0068433858,0.0065905596,0.019447105,-0.0010352201,0.0017168254,-0.04154547,-0.005972161,0.00496769,-0.02976514,-0.019447105,0.023177998,0.0144179175,0.0008814746,0.03643428,0.008438923,-0.0084457565,0.0015733296,0.0015673506,0.025132274,-0.0016664311,-0.008329593,-0.013823435,0.0080767665,-0.0037616414,0.01821714,0.012067318,-0.02390231,-0.021305718,0.0024804284,0.013652606,0.0028169604,-0.017410832,-0.04824194,-0.019583767,-0.026075248,-0.024831617,-0.010427366,-0.027633203,0.0030937023,-0.0010591361,-0.007741943,0.033127043,-0.00060302427,0.016208198,-0.019857094,0.005473342,-0.0071132947,0.011015016,-0.0038231397,-0.017943816,-0.013420279,-0.012764298,0.005015522,0.028617173,0.0067272224,-0.0036693942,0.0075574485,0.00980555,0.009272566,-0.03793757,-0.010823688,0.0033089463,-0.01627653,-0.01862713,0.003230365,-0.0065598106,-0.0196111,0.0031227432,0.0046226163,-0.010167707,0.020116752,-0.005774,-0.010666525,-0.022412686,-0.008596085,0.034630332,0.004752446,0.026498903,0.02159271,-0.0041237976,-0.024913615,-0.07035397,0.02331466,-0.0024291798,0.020608738,0.033045046,-0.019993756,0.008165598,0.034220345,0.014595578,-0.009190568,-0.039878182,0.0050975196,0.012183482,0.0076052803,-0.0012581511,-0.016686518,-0.014759574,0.012477307,-0.022098362,-0.010591361,-0.015962206,-0.0075437822,-0.042884763,0.013891766,-0.0043151253,0.011575333,0.012436308,-0.007905939,0.007940104,0.00021438964,-0.00043454475,0.015060232,-0.006286485,0.023587985,-0.023464989,0.009074405,-0.008842078,0.033755694,0.0042843763,-0.019091783,0.0031893663,0.037746243,-0.021100724,-0.01224498,0.01259347,0.004885692,0.011732494,0.0035873963,-0.007673612,0.006549561,-0.0026478402,-0.0048515266,0.02584292,0.0075642816,0.021879701,0.010823688,0.0077146105,-0.01638586,0.016221866,0.0057705836,-0.0196521,-0.016290197,-0.008746414,-0.026457902,0.0044176225,0.019857094,-0.01627653,-0.0024923864,0.016098868,0.0034319425,-0.014581912,0.025637927,-0.024421629,-0.005046271,-0.029737808,-0.00588333,0.0058559976,-0.014923569,0.01671385,-0.011629998,-0.02760587,0.0048515266,0.017998481,0.014691243,-0.0046636155,0.019078117,0.018394802,-0.0053537623,-0.013775602,0.011349839,-0.028261852,0.00040016553,-0.020923063,0.019337775,0.00067562633,-0.04307609,0.019255778,-0.0076052803,0.019091783,0.0015519761,-0.051658507,-0.019911759,0.0040144674,0.004772946,0.0032371983,-0.021469714,-0.022850007,-0.012367976,-0.006863885,0.022440018,0.025050277,-0.0054870085,0.021688374,0.028480511,0.015442887,0.015743546,-0.0080152685,0.0077214437,-0.010236038,-0.011705162,-0.01642686,-0.008568753,0.0014776657,0.034329675,-0.014868904,-0.008363758,-0.025501264,-0.0061634886,-0.03845689,-0.018722793,-0.026198244,0.019488104,0.017274167,0.0050667706,-0.012497806,0.009682554,-0.00795377,0.017260501,-0.021551711,-0.013119621,0.010406867,-0.01235431,0.010844187,0.033291038,-0.036789604,-0.017834485,0.0130171245,-0.013413446,0.008630251,0.029601146,-0.010092542,-0.019665767,-0.019296777,0.0064914795,-0.012313311,-0.0026000084,0.024817951,-0.03222507,0.000056640292,-0.0070517967,-0.008165598,0.008732748,0.011049181,0.010967184,0.00888991,0.010475198,0.0022463936,-0.0016066411,0.011588999,-0.0105161965,0.021879701,-0.00035938024,-0.019447105,0.037664246,0.011021849,-0.001136863,-0.005148768,0.008862577,-0.016672852,-0.018791124,0.020854732,-0.014226589,0.010974017,-0.0060644085,0.020267082,-0.027482873,-0.012142483,0.0036215622,-0.0014870613,-0.045372024,-0.00021107984,0.014226589,-0.022590348,0.00047533002,-0.01671385,-0.04813261,-0.013645773,-0.006628142,-0.008001602,-0.023642652,-0.0300658,0.02745554,-0.010133541,-0.0069732154,0.00069569866,0.00450987,0.008042601,0.023096,0.2521154,-0.023519654,-0.0032696556,0.0092589,-0.023519654,0.017588492,0.0066486415,-0.00024641998,0.002447971,-0.00046892397,-0.008343259,0.0130786225,-0.006265986,-0.01642686,0.011971654,-0.05789033,-0.0531618,-0.03050312,-0.008384258,-0.032279734,0.013358781,-0.0028938332,0.005312763,-0.025637927,0.030585118,-0.0060644085,0.011520667,-0.012080984,-0.00797427,0.030885775,-0.03651628,-0.0022634764,0.013468111,0.015606883,-0.021196388,-0.003867555,0.008924075,0.0035805632,0.03214307,0.009867049,0.009443394,-0.026594566,0.02372465,0.008186097,0.012982959,-0.0026290491,-0.01350911,-0.023806646,-0.011664163,0.023014002,-0.011425003,-0.01719217,0.022125695,0.03834756,0.008602918,0.009272566,0.015661549,0.012682301,-0.021155389,0.022713345,-0.025501264,0.03676227,-0.005370845,0.0007892272,-0.011315674,0.008022102,0.007236291,-0.023177998,0.028179854,-0.01642686,0.0037753077,-0.0056544202,-0.026881557,-0.012566137,-0.024585623,-0.021989033,0.01917378,0.012497806,0.007468618,0.025815587,-0.014212923,-0.0033584863,0.008343259,0.0033584863,0.00087976624,-0.03405635,0.03083111,0.00041255058,-0.030749112,0.00019741357,-0.009621056,0.0023659733,-0.013761936,0.0017629492,0.0070996284,-0.002154146,0.0013512527,0.010242871,-0.02218036,-0.009224733,-0.018394802,0.052505817,0.023710983,0.027428208,-0.014431584,-0.025159607,0.004690948,0.0019389024,0.012060485,0.017902816,-0.012094651,-0.014281254,0.0026683398,-0.013447612,-0.01902345,-0.0098465495,-0.002285684,-0.006423148,0.014964568,-0.014677577,0.010680192,-0.026731228,-0.024107303,0.0000506613,-0.0018210307,-0.021510713,-0.0138712665,-0.0013546692,0.012074151,-0.039085537,0.049881894,-0.023464989,0.04296676,-0.0058799135,-0.012566137,0.011302007,0.025856586,0.0062523196,0.011281508,0.0031483674,0.009047072,-0.0054596756,0.01098085,-0.029573813,0.015415555,-0.011097013,-0.0048891087,0.008356925,0.014048927,-0.026826892,-0.027359877,0.0010719482,-0.0014511873,-0.017315166,0.019624766,-0.002393306,-0.0142949205,-0.008582419,0.0029792474,-0.0059994934,-0.05395444,-0.012757465,0.01788915,-0.002929707,-0.0023984308,-0.008404758,-0.17536561,0.015060232,0.0045132865,-0.041736796,-0.0028938332,-0.015347224,-0.011643664,-0.01167783,-0.005955078,0.0055655893,0.008186097,-0.022098362,-0.038402226,-0.021688374,-0.0027879195,0.03129576,-0.006211321,0.0039188038,0.017725155,0.01671385,0.017164838,-0.020185083,-0.022959337,0.002941665,0.01363894,-0.0072567905,0.021155389,-0.0052239327,-0.008958241,-0.0013777311,0.012060485,-0.012402142,0.018750126,0.0071747927,0.010803188,0.017684156,0.0066315588,0.017096506,-0.008664416,0.020280749,0.024626622,0.027154883,-0.016481524,0.012026319,-0.005910663,0.023328327,0.00013431383,-0.017137505,0.0012316728,0.013351948,0.0035293149,-0.04293943,0.05411844,0.0076667788,0.0043151253,0.022112029,0.014909903,0.011233675,0.014622911,0.024189303,0.0053332625,-0.02555593,-0.009949046,0.02111439,0.004540619,0.0030988273,-0.01352961,0.009853383,-0.0068433858,0.011705162,-0.0038299728,-0.0023540154,0.017943816,0.003566897,0.03252573,-0.0032525728,-0.025719924,0.01536089,0.011486501,0.0014819364,-0.0054357597,0.026717562,-0.017315166,0.0053810948,-0.01917378,0.017629491,0.04069816,-0.01176666,-0.007687278,-0.014390585,0.026034249,-0.037992235,-0.00025517493,0.004246794,-0.017137505,0.023956975,-0.025282603,0.006501729,-0.00980555,-0.0038778048,-0.0061259065,-0.00578425,0.016891513,-0.014745908,0.0067203892,0.002603425,-0.0041477135,0.0018876538,0.034548335,-0.022508351,-0.0056305043,0.016754849,0.011541167,0.026635565,-0.0006884385,0.015319891,-0.011110679,-0.03717226,0.028945165,0.0026358822,-0.0029484981,-0.022508351,0.00041959726,-0.00762578,-0.002087523,-0.010557195,-0.07286856,-0.03793757,0.004451788,0.0003598073,-0.016003205,-0.003734309,0.009737219,0.0029963301,-0.017588492,-0.000112426445,-0.018135143,-0.013447612,-0.016891513,0.001738179,0.005042854,0.0029382484,-0.0064573134,-0.017807152,-0.011486501,0.036160957,-0.0068536354,-0.028398514,0.010803188,-0.023560653,-0.008999241,0.013420279,-0.0031944911,0.028671838,0.0077077774,0.017902816,0.013837101,0.007885439,0.0002387327,-0.015688881,-0.0058184154,-0.0051692673,-0.043950733,-0.0029638729,0.030913107,-0.02555593,-0.010680192,0.0046943645,0.026635565,-0.016768515,0.010639193,-0.011916989,-0.023082335,0.020226084,-0.010359034,-0.0068160533,-0.011513834,0.008712249,-0.008773747,-0.0091154035,0.040862154,0.02218036,0.017998481,0.02492728,-0.0033994853,-0.0060780747,0.028972497,-0.034357008,-0.023519654,0.013939598,0.032935716,0.017547494,0.007905939,0.0025163023,-0.016303863,-0.0044996203,-0.019816095,0.02372465,-0.014472582,-0.0037445587,-0.012689134,-0.008965075,-0.0013538151,-0.008575586,0.023137,-0.046929978,-0.017725155,-0.006050742,0.010564028,-0.0027964609,0.009040239,0.0074617844,0.0026837143,-0.026990887,-0.0046806983,-0.026006917,-0.021346718,0.031514425,0.011466002,-0.0060780747,0.008138265,0.005124852,-0.01132934,0.006682807,-0.0070244637,-0.004943774,-0.007120128,-0.022207692,-0.07385253,0.020431077,-0.0057056686,0.0072089587,-0.006669141,-0.009744052,0.0056680865,-0.016959844,-0.012518305,0.003206449,0.0017356166,0.005528007,-0.015046566,0.0053435126,-0.022850007,-0.017998481,0.01085102,-0.016850514,0.0022788509,0.024025306,-0.0037001432,0.0145409135,-0.00008060965,-0.0032269484,0.0119784875,0.009928547,-0.018927786,0.031487092,-0.017998481,0.0014657077,0.02170204,-0.04020617,0.013802935,0.01679585,-0.00028250748,-0.0091154035,0.017902816,0.03331837,0.0105776945,0.032826386,-0.013317782,-0.028343849,0.001978193,0.0008391945,-0.009067572,0.008999241,-0.060240928,0.020950396,0.036379617,-0.035477642,0.008766914,0.022645013,-0.022822674,-0.003127868,-0.0137482695,-0.013126454,0.029792473,0.016768515,-0.01939244,0.017137505,0.018982451,-0.016249198,0.015005567,-0.00648123,0.03181508,-0.013338282,-0.000001152758,0.017971149,0.016563522,-0.015538552,-0.0043117087,0.0076394463,0.011240509,0.038839545,-0.001088177,0.0288905,-0.012197148,-0.0017749071,-0.033236373,0.028234519,0.033482365,-0.019624766,0.0037992236,0.017260501,0.017533828,0.03252573,-0.0038197231,0.013891766,-0.014827905,-0.0061259065,0.0064402306,0.011001349,0.0006717827,0.0135022765,0.019091783,0.009778217,-0.028425846,-0.012695967,0.021756705,0.011226842,0.0023898894,0.0068468023,0.0058867466,-0.005514341,-0.022713345,-0.0011334465,-0.051549178,-0.007960604,0.029737808,-0.002791336,-0.008520921,0.0037855573,0.01869546,0.019132782,-0.029355153,0.009375063,0.021879701,-0.009996878,-0.02690889,0.020034755,-0.002116564,0.011206343,0.0357783,-0.0022771426,0.027154883,0.02878117,-0.013796101,-0.030967772,0.017123839,-0.00773511,0.010208705,-0.021524379,-0.027687868,-0.019515436,-0.017916482,0.012197148,-0.0037206425,0.023833979,-0.019679433,0.052232493,0.011172177,-0.019310443,0.0075506154,0.010290703,-0.0099080475,0.007673612,-0.007919605,-0.023820313,0.017943816,0.017260501,-0.023806646,0.006990298,-0.0025128857,-0.021743039,-0.014103593,-0.0016331195,0.0075506154,0.0127711315,-0.0021917284,0.008787413,0.0068297195,0.015306225,0.0011582166,-0.018299138,0.005941412,0.013433945,-0.014035261,-0.013133287,-0.024394296,-0.00782394,0.0022036864,-0.029327821,-0.0064983126,0.0096620545,-0.028125187,-0.0014409376,-0.023642652,0.0024103888,0.015565884,0.020280749,0.012422642,-0.014472582,-0.017096506,0.010229205,-0.00089428667,-0.004950607,-0.00019912186,-0.022166694]
[{role: assistant, content: [{type: text, text: 您好！我是您的回忆助手，很高兴与您一起回顾过去的时光。  
我想请您回忆一下，您有没有参加过一次难忘的聚会或活动？  
那次聚会的氛围让我至今难忘...  
聚会上有没有特别的表演或节目让您印象深刻...  
您是否和某位重要的人在那次活动中重聚...  }, {type: text, text: }, {type: text, text: }, {type: text, text: false}, {type: text, text: 您好！我是您的回忆助手，很高兴与您一起回顾过去的时光。  
我想请您回忆一下，您有没有参加过一次难忘的聚会或活动？  
那次聚会的氛围让我至今难忘...  
聚会上有没有特别的表演或节目让您印象深刻...  
您是否和某位重要的人在那次活动中重聚...  }]}, {role: assistant, content: [{type: text, text: 您好！我是您的回忆助手，很高兴与您一起回顾过去的时光。  
我想请您回忆一下，有没有一张照片让您想起某个特定的场景？  
那是和家人一起度假的时刻...  
那是我和朋友聚会时捕捉到的瞬间...  
那张照片里有我最喜欢的风景...  }, {type: text, text: }, {type: text, text: }, {type: text, text: false}, {type: text, text: 您好！我是您的回忆助手，很高兴与您一起回顾过去的时光。  
我想请您回忆一下，有没有一张照片让您想起某个特定的场景？  
那是和家人一起度假的时刻...  
那是我和朋友聚会时捕捉到的瞬间...  
那张照片里有我最喜欢的风景...  }]}],[-0.023410324,0.005292264,0.016932512,-0.015811877,-0.015060232,0.033892356,0.0009182027,-0.0032850301,-0.028945165,-0.03061245,-0.017315166,0.018709127,-0.012381643,-0.030694447,-0.017096506,-0.001208611,0.029191157,0.017807152,0.021319384,-0.0145409135,0.011069681,0.023055002,-0.002154146,0.015046566,-0.017902816,-0.0054938416,0.019378774,-0.018681794,0.020909397,-0.0013623565,0.023328327,-0.011110679,-0.0069185505,-0.027523872,-0.004885692,-0.028207187,-0.010564028,0.00097201363,0.026088914,0.011787159,0.013707271,0.008746414,0.012415809,0.02438063,-0.015101231,0.0207864,-0.0072021256,-0.04201012,0.02361532,0.016249198,0.020868398,0.038866878,-0.023150666,-0.009429728,-0.0026358822,-0.009518558,0.012347477,0.05728901,-0.0092998985,-0.026307574,-0.0015451428,0.009231566,-0.025678925,0.006429981,0.018545132,0.0024223467,-0.019952757,-0.010338535,0.023123333,0.014609245,-0.003987135,0.019857094,0.005791083,-0.014021595,0.04911658,-0.014978235,0.0136252735,-0.0051351017,0.009996878,0.00073541625,0.0026358822,-0.023082335,0.009511725,0.040124174,-0.00044842454,0.044169392,-0.00042728454,0.026444236,-0.034603,-0.02921849,0.015989538,0.013925931,0.012873628,0.019187447,0.021661041,0.03083111,-0.0014597287,0.031159101,-0.0033704443,-0.010058376,0.009388729,0.005528007,-0.040725492,-0.009211067,-0.019665767,0.0007264478,0.029027162,0.0031193267,0.012258646,0.014868904,-0.033291038,0.05920229,0.0017065757,-0.003758225,-0.062646195,-0.014827905,0.020144084,-0.017957482,-0.015265226,-0.030475788,-0.00472853,0.031159101,0.0038983042,-0.029409818,0.0044244556,0.016071536,0.014130926,-0.017615825,0.015661549,-0.0058013326,0.047667958,0.0074071195,0.018613463,0.01631753,-0.021729372,0.00993538,-0.007065463,0.008582419,-0.020103086,-0.0050189383,0.0046704486,0.021565378,-0.013105955,-0.01536089,0.019679433,0.031186434,-0.008705416,0.005756917,0.012361143,0.022891006,0.022057364,-0.0041852957,-0.0024189302,0.009812383,0.0036488946,-0.0011343006,-0.0022686012,0.011295174,-0.016768515,-0.03266239,0.006327484,0.025829254,0.013652606,0.0011445503,0.012607136,0.038839545,-0.0039837183,-0.012258646,0.02899983,-0.016208198,-0.035914965,0.018982451,-0.02734621,0.0015494137,-0.016303863,0.0009113695,0.027783532,0.016522523,-0.022002699,-0.011507001,-0.032389063,-0.025378268,0.006908301,0.008910409,-0.01525156,-0.007290956,-0.003536148,-0.017205836,-0.0065837265,-0.0065153954,0.0078034415,0.038839545,-0.006344567,-0.0072499574,-0.6192461,-0.0025641343,0.0016032245,-0.016508857,0.018763792,0.001311108,-0.0050086887,0.018135143,-0.013208452,-0.026990887,-0.02067707,0.025009278,0.008664416,-0.004342458,-0.018681794,-0.011165344,0.0036830604,0.0024155136,0.00048259023,0.0047763623,-0.018613463,0.024899948,-0.0037103929,0.004352708,-0.0127233,-0.0067477217,-0.010126708,-0.0009617639,-0.02815252,0.045071367,-0.031842414,-0.010529863,0.003378986,-0.0094775595,0.058382314,0.015101231,-0.033564363,0.023628986,0.008534587,0.032580394,-0.009211067,0.00041404535,0.012258646,0.0070996284,0.009183735,-0.0055314237,-0.019091783,0.011513834,0.016823182,-0.01455458,-0.003187658,-0.0026734646,-0.004239961,0.00782394,-0.006296735,-0.034657665,0.021620043,-0.030120464,-0.025583262,0.008828412,0.015374556,0.023574319,-0.014404251,-0.02254935,-0.027100218,0.02815252,-0.0024582208,-0.0014144592,-0.0014665618,-0.01756116,0.004492787,0.012825796,-0.0105776945,0.0051966,-0.0029279988,0.010953517,0.020075753,0.0051761004,-0.015183228,0.013843934,0.015893875,-0.018763792,-0.0007687278,-0.018121477,-0.012415809,0.00015257111,-0.03381036,-0.022563016,0.034821663,-0.0012111734,0.0060063265,-0.006330901,-0.000787946,0.0047831954,-0.019242112,0.043868735,-0.032088406,0.009593723,0.011110679,-0.0300658,0.013652606,0.00910857,0.010748523,0.026703896,0.0121629825,0.015456554,-0.029491816,0.004834444,0.03296305,-0.018463133,-0.0013555234,-0.0007290102,0.016440526,-0.031979077,-0.017205836,-0.022235025,0.023300994,0.022522017,0.022535684,-0.002622216,0.0015673506,-0.0070107975,0.0042126286,-0.005821832,0.0134407785,0.02533727,-0.0014050637,-0.0132631175,-0.011008183,0.014308587,0.012053652,-0.01525156,0.014841571,-0.012169816,0.017629491,-0.008240762,0.015497552,-0.005148768,0.030776445,-0.018668128,0.029409818,0.015401889,0.010680192,-0.04362274,-0.027728867,-0.023505988,-0.014089927,-0.0027383792,-0.027769865,0.0034900242,-0.0034678166,-0.0009643263,-0.008069933,0.0152105605,0.000032777698,0.0075096167,-0.0020072337,-0.0063343174,-0.027318878,-0.011520667,0.0034866077,-0.010126708,-0.015169562,-0.0024411378,-0.018449467,-0.028261852,0.0101540405,0.0145409135,-0.017397165,-0.01605787,-0.0173835,-0.0047763623,-0.018203475,-0.029683143,0.015688881,0.023820313,-0.022590348,-0.013891766,0.027305212,-0.016522523,-0.015852876,0.01564788,-0.0028528343,-0.008917242,0.011110679,-0.0019115699,0.010987683,0.012108318,-0.024722286,0.027797198,-0.0055109244,0.033154376,-0.014991901,-0.0080152685,-0.009655221,0.022084696,-0.012238147,0.010769023,0.004919858,0.009183735,0.009026573,-0.008186097,0.022330688,-0.012121984,-0.0039017207,-0.0037445587,0.015429221,-0.0017433038,0.024995612,-0.011746161,0.024681287,-0.020663403,-0.0027691284,-0.0071952925,0.0058867466,0.014964568,0.0042126286,0.010304369,-0.014896236,-0.02514594,0.004144297,-0.009286232,-0.010557195,0.0080152685,-0.013365614,0.009887548,0.013235785,0.016522523,-0.012176649,0.00086823537,0.015060232,0.0058491644,0.012060485,-0.00072303123,-0.008315926,-0.022139361,0.03566897,-0.027291546,0.032607727,-0.0019986923,-0.004325375,0.01784815,0.0015562468,-0.028316516,0.020007422,-0.0054938416,0.015128563,0.014007929,-0.0017526994,0.028097855,-0.009033406,0.026184577,-0.009545892,-0.019078117,0.0081997635,0.0049232747,-0.019447105,0.016344862,0.008739581,0.031131769,-0.011957988,-0.0025914668,0.024421629,0.0053161797,0.0017509911,-0.013837101,-0.00042899282,-0.004981356,-0.030229794,-0.019337775,0.018162476,-0.017684156,-0.009880715,-0.012033152,0.011076514,0.0011565083,0.0128941275,-0.015224228,-0.008281761,-0.0049164416,-0.021879701,-0.03490366,0.01928311,0.0025043443,-0.00023958684,-0.023000335,-0.03501299,0.017219502,-0.008281761,0.00854142,0.002688839,0.012190315,0.00031581902,0.001130884,-0.0016373902,0.027318878,0.0073456215,-0.0082612615,-0.0029279988,-0.015005567,-0.021251053,-0.0035942297,-0.009627889,-0.027441874,0.019365108,-0.0042843763,-0.021278385,0.022481019,-0.008794246,-0.0019713598,-0.017875483,-0.012258646,-0.0044483715,-0.0034848994,0.027264213,0.011356672,-0.018244473,-0.010960351,0.030202461,0.011992154,-0.011459169,-0.017315166,-0.01444525,0.02089573,0.024448961,0.06740206,0.000026798705,-0.013700438,0.019365108,0.014021595,-0.039495528,-0.016768515,0.017369833,-0.015661549,-0.018381136,0.013584275,0.017957482,-0.0034592752,0.020923063,0.002622216,-0.008001602,0.005941412,0.014062594,-0.0127028,-0.008520921,-0.00010730159,0.006669141,0.01631753,-0.0089924075,-0.013775602,0.018340137,0.03129576,0.0049881893,-0.03266239,0.012518305,0.025104942,0.03793757,0.006693057,-0.03211574,0.02815252,0.0018278639,0.014431584,0.026061581,0.0011821325,0.006412898,0.030967772,0.015798211,-0.014021595,0.01631753,-0.021210054,0.0074959504,0.013181119,-0.013112788,0.0016553273,0.004895942,0.027838197,-0.015169562,-0.029573813,0.011049181,-0.004735363,-0.010639193,-0.020376412,0.0014076261,-0.010755356,0.01998009,-0.02041741,-0.005432343,-0.018285472,-0.024517292,-0.022781676,-0.032580394,-0.022166694,-0.0043356246,0.014855238,-0.0064026485,0.0088694105,-0.0047421963,0.00039440006,0.0015656423,0.017957482,0.017807152,-0.03200641,0.00936823,0.002297642,0.016454192,-0.030229794,0.020854732,-0.009340897,-0.023218997,0.0086234175,-0.0016553273,-0.0056544202,-0.0030099964,0.004547452,0.0051385183,0.0028460012,0.02716855,0.012395309,0.010236038,-0.0033106545,-0.0015468511,0.014007929,-0.0024804284,-0.019993756,-0.0040793824,-0.04479804,-0.011445503,-0.022617681,0.017465496,-0.0058423313,0.010222372,0.032799054,0.0027212964,-0.017615825,0.0075096167,-0.020226084,0.0008865994,-0.008220263,0.0038504722,0.0019440273,-0.0024787202,0.026936222,0.005774,-0.01213565,0.0053810948,-0.03665294,0.023177998,0.025760923,-0.011343006,0.009573224,-0.010557195,-0.015128563,0.013884933,-0.0066964733,-0.007584781,0.0011197801,-0.0012504639,0.0033277373,-0.02921849,-0.016071536,0.00021716561,0.0071474602,0.004352708,-0.014226589,-0.031596422,-0.021606376,-0.009634722,0.005340096,0.042638768,-0.030311791,-0.02111439,0.0068433858,0.0065905596,0.019447105,-0.0010352201,0.0017168254,-0.04154547,-0.005972161,0.00496769,-0.02976514,-0.019447105,0.023177998,0.0144179175,0.0008814746,0.03643428,0.008438923,-0.0084457565,0.0015733296,0.0015673506,0.025132274,-0.0016664311,-0.008329593,-0.013823435,0.0080767665,-0.0037616414,0.01821714,0.012067318,-0.02390231,-0.021305718,0.0024804284,0.013652606,0.0028169604,-0.017410832,-0.04824194,-0.019583767,-0.026075248,-0.024831617,-0.010427366,-0.027633203,0.0030937023,-0.0010591361,-0.007741943,0.033127043,-0.00060302427,0.016208198,-0.019857094,0.005473342,-0.0071132947,0.011015016,-0.0038231397,-0.017943816,-0.013420279,-0.012764298,0.005015522,0.028617173,0.0067272224,-0.0036693942,0.0075574485,0.00980555,0.009272566,-0.03793757,-0.010823688,0.0033089463,-0.01627653,-0.01862713,0.003230365,-0.0065598106,-0.0196111,0.0031227432,0.0046226163,-0.010167707,0.020116752,-0.005774,-0.010666525,-0.022412686,-0.008596085,0.034630332,0.004752446,0.026498903,0.02159271,-0.0041237976,-0.024913615,-0.07035397,0.02331466,-0.0024291798,0.020608738,0.033045046,-0.019993756,0.008165598,0.034220345,0.014595578,-0.009190568,-0.039878182,0.0050975196,0.012183482,0.0076052803,-0.0012581511,-0.016686518,-0.014759574,0.012477307,-0.022098362,-0.010591361,-0.015962206,-0.0075437822,-0.042884763,0.013891766,-0.0043151253,0.011575333,0.012436308,-0.007905939,0.007940104,0.00021438964,-0.00043454475,0.015060232,-0.006286485,0.023587985,-0.023464989,0.009074405,-0.008842078,0.033755694,0.0042843763,-0.019091783,0.0031893663,0.037746243,-0.021100724,-0.01224498,0.01259347,0.004885692,0.011732494,0.0035873963,-0.007673612,0.006549561,-0.0026478402,-0.0048515266,0.02584292,0.0075642816,0.021879701,0.010823688,0.0077146105,-0.01638586,0.016221866,0.0057705836,-0.0196521,-0.016290197,-0.008746414,-0.026457902,0.0044176225,0.019857094,-0.01627653,-0.0024923864,0.016098868,0.0034319425,-0.014581912,0.025637927,-0.024421629,-0.005046271,-0.029737808,-0.00588333,0.0058559976,-0.014923569,0.01671385,-0.011629998,-0.02760587,0.0048515266,0.017998481,0.014691243,-0.0046636155,0.019078117,0.018394802,-0.0053537623,-0.013775602,0.011349839,-0.028261852,0.00040016553,-0.020923063,0.019337775,0.00067562633,-0.04307609,0.019255778,-0.0076052803,0.019091783,0.0015519761,-0.051658507,-0.019911759,0.0040144674,0.004772946,0.0032371983,-0.021469714,-0.022850007,-0.012367976,-0.006863885,0.022440018,0.025050277,-0.0054870085,0.021688374,0.028480511,0.015442887,0.015743546,-0.0080152685,0.0077214437,-0.010236038,-0.011705162,-0.01642686,-0.008568753,0.0014776657,0.034329675,-0.014868904,-0.008363758,-0.025501264,-0.0061634886,-0.03845689,-0.018722793,-0.026198244,0.019488104,0.017274167,0.0050667706,-0.012497806,0.009682554,-0.00795377,0.017260501,-0.021551711,-0.013119621,0.010406867,-0.01235431,0.010844187,0.033291038,-0.036789604,-0.017834485,0.0130171245,-0.013413446,0.008630251,0.029601146,-0.010092542,-0.019665767,-0.019296777,0.0064914795,-0.012313311,-0.0026000084,0.024817951,-0.03222507,0.000056640292,-0.0070517967,-0.008165598,0.008732748,0.011049181,0.010967184,0.00888991,0.010475198,0.0022463936,-0.0016066411,0.011588999,-0.0105161965,0.021879701,-0.00035938024,-0.019447105,0.037664246,0.011021849,-0.001136863,-0.005148768,0.008862577,-0.016672852,-0.018791124,0.020854732,-0.014226589,0.010974017,-0.0060644085,0.020267082,-0.027482873,-0.012142483,0.0036215622,-0.0014870613,-0.045372024,-0.00021107984,0.014226589,-0.022590348,0.00047533002,-0.01671385,-0.04813261,-0.013645773,-0.006628142,-0.008001602,-0.023642652,-0.0300658,0.02745554,-0.010133541,-0.0069732154,0.00069569866,0.00450987,0.008042601,0.023096,0.2521154,-0.023519654,-0.0032696556,0.0092589,-0.023519654,0.017588492,0.0066486415,-0.00024641998,0.002447971,-0.00046892397,-0.008343259,0.0130786225,-0.006265986,-0.01642686,0.011971654,-0.05789033,-0.0531618,-0.03050312,-0.008384258,-0.032279734,0.013358781,-0.0028938332,0.005312763,-0.025637927,0.030585118,-0.0060644085,0.011520667,-0.012080984,-0.00797427,0.030885775,-0.03651628,-0.0022634764,0.013468111,0.015606883,-0.021196388,-0.003867555,0.008924075,0.0035805632,0.03214307,0.009867049,0.009443394,-0.026594566,0.02372465,0.008186097,0.012982959,-0.0026290491,-0.01350911,-0.023806646,-0.011664163,0.023014002,-0.011425003,-0.01719217,0.022125695,0.03834756,0.008602918,0.009272566,0.015661549,0.012682301,-0.021155389,0.022713345,-0.025501264,0.03676227,-0.005370845,0.0007892272,-0.011315674,0.008022102,0.007236291,-0.023177998,0.028179854,-0.01642686,0.0037753077,-0.0056544202,-0.026881557,-0.012566137,-0.024585623,-0.021989033,0.01917378,0.012497806,0.007468618,0.025815587,-0.014212923,-0.0033584863,0.008343259,0.0033584863,0.00087976624,-0.03405635,0.03083111,0.00041255058,-0.030749112,0.00019741357,-0.009621056,0.0023659733,-0.013761936,0.0017629492,0.0070996284,-0.002154146,0.0013512527,0.010242871,-0.02218036,-0.009224733,-0.018394802,0.052505817,0.023710983,0.027428208,-0.014431584,-0.025159607,0.004690948,0.0019389024,0.012060485,0.017902816,-0.012094651,-0.014281254,0.0026683398,-0.013447612,-0.01902345,-0.0098465495,-0.002285684,-0.006423148,0.014964568,-0.014677577,0.010680192,-0.026731228,-0.024107303,0.0000506613,-0.0018210307,-0.021510713,-0.0138712665,-0.0013546692,0.012074151,-0.039085537,0.049881894,-0.023464989,0.04296676,-0.0058799135,-0.012566137,0.011302007,0.025856586,0.0062523196,0.011281508,0.0031483674,0.009047072,-0.0054596756,0.01098085,-0.029573813,0.015415555,-0.011097013,-0.0048891087,0.008356925,0.014048927,-0.026826892,-0.027359877,0.0010719482,-0.0014511873,-0.017315166,0.019624766,-0.002393306,-0.0142949205,-0.008582419,0.0029792474,-0.0059994934,-0.05395444,-0.012757465,0.01788915,-0.002929707,-0.0023984308,-0.008404758,-0.17536561,0.015060232,0.0045132865,-0.041736796,-0.0028938332,-0.015347224,-0.011643664,-0.01167783,-0.005955078,0.0055655893,0.008186097,-0.022098362,-0.038402226,-0.021688374,-0.0027879195,0.03129576,-0.006211321,0.0039188038,0.017725155,0.01671385,0.017164838,-0.020185083,-0.022959337,0.002941665,0.01363894,-0.0072567905,0.021155389,-0.0052239327,-0.008958241,-0.0013777311,0.012060485,-0.012402142,0.018750126,0.0071747927,0.010803188,0.017684156,0.0066315588,0.017096506,-0.008664416,0.020280749,0.024626622,0.027154883,-0.016481524,0.012026319,-0.005910663,0.023328327,0.00013431383,-0.017137505,0.0012316728,0.013351948,0.0035293149,-0.04293943,0.05411844,0.0076667788,0.0043151253,0.022112029,0.014909903,0.011233675,0.014622911,0.024189303,0.0053332625,-0.02555593,-0.009949046,0.02111439,0.004540619,0.0030988273,-0.01352961,0.009853383,-0.0068433858,0.011705162,-0.0038299728,-0.0023540154,0.017943816,0.003566897,0.03252573,-0.0032525728,-0.025719924,0.01536089,0.011486501,0.0014819364,-0.0054357597,0.026717562,-0.017315166,0.0053810948,-0.01917378,0.017629491,0.04069816,-0.01176666,-0.007687278,-0.014390585,0.026034249,-0.037992235,-0.00025517493,0.004246794,-0.017137505,0.023956975,-0.025282603,0.006501729,-0.00980555,-0.0038778048,-0.0061259065,-0.00578425,0.016891513,-0.014745908,0.0067203892,0.002603425,-0.0041477135,0.0018876538,0.034548335,-0.022508351,-0.0056305043,0.016754849,0.011541167,0.026635565,-0.0006884385,0.015319891,-0.011110679,-0.03717226,0.028945165,0.0026358822,-0.0029484981,-0.022508351,0.00041959726,-0.00762578,-0.002087523,-0.010557195,-0.07286856,-0.03793757,0.004451788,0.0003598073,-0.016003205,-0.003734309,0.009737219,0.0029963301,-0.017588492,-0.000112426445,-0.018135143,-0.013447612,-0.016891513,0.001738179,0.005042854,0.0029382484,-0.0064573134,-0.017807152,-0.011486501,0.036160957,-0.0068536354,-0.028398514,0.010803188,-0.023560653,-0.008999241,0.013420279,-0.0031944911,0.028671838,0.0077077774,0.017902816,0.013837101,0.007885439,0.0002387327,-0.015688881,-0.0058184154,-0.0051692673,-0.043950733,-0.0029638729,0.030913107,-0.02555593,-0.010680192,0.0046943645,0.026635565,-0.016768515,0.010639193,-0.011916989,-0.023082335,0.020226084,-0.010359034,-0.0068160533,-0.011513834,0.008712249,-0.008773747,-0.0091154035,0.040862154,0.02218036,0.017998481,0.02492728,-0.0033994853,-0.0060780747,0.028972497,-0.034357008,-0.023519654,0.013939598,0.032935716,0.017547494,0.007905939,0.0025163023,-0.016303863,-0.0044996203,-0.019816095,0.02372465,-0.014472582,-0.0037445587,-0.012689134,-0.008965075,-0.0013538151,-0.008575586,0.023137,-0.046929978,-0.017725155,-0.006050742,0.010564028,-0.0027964609,0.009040239,0.0074617844,0.0026837143,-0.026990887,-0.0046806983,-0.026006917,-0.021346718,0.031514425,0.011466002,-0.0060780747,0.008138265,0.005124852,-0.01132934,0.006682807,-0.0070244637,-0.004943774,-0.007120128,-0.022207692,-0.07385253,0.020431077,-0.0057056686,0.0072089587,-0.006669141,-0.009744052,0.0056680865,-0.016959844,-0.012518305,0.003206449,0.0017356166,0.005528007,-0.015046566,0.0053435126,-0.022850007,-0.017998481,0.01085102,-0.016850514,0.0022788509,0.024025306,-0.0037001432,0.0145409135,-0.00008060965,-0.0032269484,0.0119784875,0.009928547,-0.018927786,0.031487092,-0.017998481,0.0014657077,0.02170204,-0.04020617,0.013802935,0.01679585,-0.00028250748,-0.0091154035,0.017902816,0.03331837,0.0105776945,0.032826386,-0.013317782,-0.028343849,0.001978193,0.0008391945,-0.009067572,0.008999241,-0.060240928,0.020950396,0.036379617,-0.035477642,0.008766914,0.022645013,-0.022822674,-0.003127868,-0.0137482695,-0.013126454,0.029792473,0.016768515,-0.01939244,0.017137505,0.018982451,-0.016249198,0.015005567,-0.00648123,0.03181508,-0.013338282,-0.000001152758,0.017971149,0.016563522,-0.015538552,-0.0043117087,0.0076394463,0.011240509,0.038839545,-0.001088177,0.0288905,-0.012197148,-0.0017749071,-0.033236373,0.028234519,0.033482365,-0.019624766,0.0037992236,0.017260501,0.017533828,0.03252573,-0.0038197231,0.013891766,-0.014827905,-0.0061259065,0.0064402306,0.011001349,0.0006717827,0.0135022765,0.019091783,0.009778217,-0.028425846,-0.012695967,0.021756705,0.011226842,0.0023898894,0.0068468023,0.0058867466,-0.005514341,-0.022713345,-0.0011334465,-0.051549178,-0.007960604,0.029737808,-0.002791336,-0.008520921,0.0037855573,0.01869546,0.019132782,-0.029355153,0.009375063,0.021879701,-0.009996878,-0.02690889,0.020034755,-0.002116564,0.011206343,0.0357783,-0.0022771426,0.027154883,0.02878117,-0.013796101,-0.030967772,0.017123839,-0.00773511,0.010208705,-0.021524379,-0.027687868,-0.019515436,-0.017916482,0.012197148,-0.0037206425,0.023833979,-0.019679433,0.052232493,0.011172177,-0.019310443,0.0075506154,0.010290703,-0.0099080475,0.007673612,-0.007919605,-0.023820313,0.017943816,0.017260501,-0.023806646,0.006990298,-0.0025128857,-0.021743039,-0.014103593,-0.0016331195,0.0075506154,0.0127711315,-0.0021917284,0.008787413,0.0068297195,0.015306225,0.0011582166,-0.018299138,0.005941412,0.013433945,-0.014035261,-0.013133287,-0.024394296,-0.00782394,0.0022036864,-0.029327821,-0.0064983126,0.0096620545,-0.028125187,-0.0014409376,-0.023642652,0.0024103888,0.015565884,0.020280749,0.012422642,-0.014472582,-0.017096506,0.010229205,-0.00089428667,-0.004950607,-0.00019912186,-0.022166694]
[{role: assistant, content: [{type: text, text: 您好！我是您的回忆助手，很高兴与您一起回顾过去的时光。  
我想请您回忆一下，您有没有参加过一次难忘的聚会或活动？  
那次聚会的氛围让我至今难忘...  
聚会上有没有特别的表演或节目让您印象深刻...  
您是否和某位重要的人在那次活动中重聚...  }, {type: text, text: }, {type: text, text: }, {type: text, text: false}, {type: text, text: 您好！我是您的回忆助手，很高兴与您一起回顾过去的时光。  
我想请您回忆一下，您有没有参加过一次难忘的聚会或活动？  
那次聚会的氛围让我至今难忘...  
聚会上有没有特别的表演或节目让您印象深刻...  
您是否和某位重要的人在那次活动中重聚...  }]}, {role: assistant, content: [{type: text, text: 您好！我是您的回忆助手，很高兴与您一起回顾过去的时光。  
我想请您回忆一下，有没有一张照片让您想起某个特定的场景？  
那是和家人一起度假的时刻...  
那是我和朋友聚会时捕捉到的瞬间...  
那张照片里有我最喜欢的风景...  }, {type: text, text: }, {type: text, text: }, {type: text, text: false}, {type: text, text: 您好！我是您的回忆助手，很高兴与您一起回顾过去的时光。  
我想请您回忆一下，有没有一张照片让您想起某个特定的场景？  
那是和家人一起度假的时刻...  
那是我和朋友聚会时捕捉到的瞬间...  
那张照片里有我最喜欢的风景...  }]}],[-0.023338338,0.005301683,0.01690253,-0.015850393,-0.015016881,0.033969034,0.0008531542,-0.00331526,-0.02896796,-0.030634984,-0.017380776,0.018637877,-0.012345543,-0.030771626,-0.017134821,-0.0011136268,0.02913193,0.017872686,0.021384366,-0.014565965,0.011061115,0.02305139,-0.002162349,0.015030545,-0.017968334,-0.0055032293,0.019321082,-0.018706197,0.020960778,-0.0014244858,0.023420323,-0.011156764,-0.006914051,-0.027464906,-0.004946416,-0.028230097,-0.010521382,0.0009530732,0.026084827,0.011778482,0.013664132,0.008786037,0.012345543,0.02440414,-0.015071537,0.020687496,-0.007262486,-0.042112853,0.023720933,0.016164668,0.020892458,0.038806137,-0.022996735,-0.009503404,-0.0026115573,-0.009469244,0.012243062,0.05728004,-0.00932577,-0.026330782,-0.0014834123,0.009264282,-0.025743226,0.0064802147,0.0185149,0.002476624,-0.019949634,-0.010268595,0.023037726,0.0146479495,-0.004044583,0.01984032,0.0057560154,-0.013985239,0.049163546,-0.014948561,0.013677796,-0.00517529,0.010111458,0.00074127916,0.002580813,-0.022996735,0.009530732,0.040172547,-0.00039946235,0.044135146,-0.00043981426,0.026481088,-0.034597583,-0.02926857,0.015959706,0.013992071,0.012857948,0.019252762,0.02165765,0.030798953,-0.0014142377,0.031236205,-0.003407493,-0.010090961,0.009394091,0.00562279,-0.04093774,-0.009148137,-0.01974467,0.0007861146,0.028995289,0.0030795538,0.012229398,0.014975889,-0.03336781,0.05919302,0.0017268047,-0.0037439722,-0.06269104,-0.01488024,0.02016826,-0.018050319,-0.015249171,-0.030443687,-0.004625309,0.031072237,0.003931854,-0.029350556,0.004362274,0.0160007,0.014115049,-0.017613066,0.015700087,-0.005773096,0.047660492,0.007419624,0.018624213,0.016328638,-0.021780627,0.010022641,-0.007071188,0.008478594,-0.020058947,-0.005086473,0.004645805,0.02158933,-0.013233712,-0.01544047,0.01960803,0.03118155,-0.008704052,0.0057150233,0.0123933675,0.022887422,0.022108566,-0.0041880566,-0.0023946392,0.009810847,0.003610747,-0.0012246479,-0.0022887422,0.011320733,-0.01676589,-0.032684606,0.006299165,0.02589353,0.013561651,0.0010803204,0.012584666,0.038806137,-0.0039694305,-0.012263559,0.029077273,-0.016246652,-0.03588201,0.018952152,-0.027396584,0.0015816233,-0.016355965,0.0009189129,0.02780651,0.016642913,-0.021999253,-0.0114642065,-0.03227468,-0.025305973,0.0068935547,0.008909014,-0.01518085,-0.007351303,-0.0035970828,-0.017271463,-0.0066066077,-0.00661344,0.007891037,0.038915448,-0.0063674855,-0.0072761504,-0.61914915,-0.002584229,0.0015850393,-0.016506271,0.018774517,0.0012639322,-0.0051206336,0.018063983,-0.013158559,-0.027095973,-0.020619174,0.024909712,0.008676724,-0.0043725222,-0.018637877,-0.011190924,0.0036893156,0.0023724348,0.00045177038,0.004823439,-0.018665204,0.024909712,-0.003740556,0.0043725222,-0.012837452,-0.0068901386,-0.010138786,-0.0008838985,-0.028066127,0.045146294,-0.031782772,-0.010623863,0.0034211571,-0.009530732,0.058318514,0.015167187,-0.033586435,0.023515971,0.008649396,0.032547962,-0.009189129,0.00031619656,0.012290887,0.0071053486,0.009305274,-0.005578382,-0.019252762,0.01140955,0.016875204,-0.014552301,-0.0032640195,-0.0026508416,-0.0042700414,0.007754395,-0.0062547564,-0.034597583,0.02165765,-0.030170403,-0.02556559,0.008847525,0.015358484,0.023529636,-0.014442988,-0.022545818,-0.027205287,0.02817544,-0.0024083033,-0.0013151728,-0.0014185077,-0.01762673,0.004478419,0.01283062,-0.01051455,0.005182122,-0.0029821969,0.010917641,0.02007261,0.00520945,-0.015139858,0.01385543,0.015864057,-0.01874719,-0.00075878634,-0.018118639,-0.012413864,0.00020880502,-0.03385972,-0.022600474,0.03478888,-0.0012639322,0.006015634,-0.00639823,-0.0007933737,0.004884927,-0.019225433,0.043834537,-0.032028727,0.00968787,0.011197756,-0.030006435,0.013691461,0.0091618,0.010781,0.026822692,0.012147414,0.015385813,-0.029514525,0.004850767,0.0330672,-0.01848757,-0.0013228587,-0.0007088269,0.016451616,-0.03194674,-0.017148485,-0.02221788,0.023270017,0.02249116,0.022573147,-0.0026218053,0.0015739372,-0.006948211,0.0042085527,-0.00578676,0.01345917,0.025360629,-0.0013672672,-0.013179055,-0.011074779,0.014265354,0.0120381005,-0.015249171,0.014825583,-0.012147414,0.017585738,-0.008355617,0.01544047,-0.0051308814,0.030798953,-0.018624213,0.029350556,0.015358484,0.010705847,-0.043561254,-0.027765516,-0.023515971,-0.014197033,-0.002691834,-0.027697196,0.0035560904,-0.0035014339,-0.0009599053,-0.008055006,0.0152218435,-0.000022591186,0.0075016087,-0.0020598678,-0.0062820846,-0.027259944,-0.011484703,0.003427989,-0.010213939,-0.015126194,-0.002389515,-0.018473906,-0.028202768,0.010125122,0.014565965,-0.017408105,-0.015987035,-0.017353447,-0.004840519,-0.018159632,-0.02976048,0.015686424,0.023789253,-0.022627803,-0.013800774,0.027177958,-0.016465278,-0.015795738,0.015782073,-0.0028318914,-0.008936343,0.011020122,-0.0018822342,0.0109996265,0.012079093,-0.024759408,0.027751852,-0.0055066454,0.03320384,-0.01504421,-0.008075502,-0.009681038,0.022176886,-0.012229398,0.010753672,0.0049054236,0.009107144,0.009079816,-0.008218976,0.022436505,-0.012147414,-0.0040070065,-0.0036551554,0.01544047,-0.0017379068,0.025046354,-0.011874131,0.024745744,-0.020728488,-0.0027635708,-0.0071463413,0.0059438976,0.014948561,0.0042973696,0.010302756,-0.014907568,-0.025223987,0.004027503,-0.009366763,-0.01051455,0.00800035,-0.013363522,0.009906496,0.013343025,0.016615584,-0.012181574,0.0009710074,0.015030545,0.005923401,0.011997108,-0.00076903444,-0.008492258,-0.022272535,0.035663385,-0.027355593,0.032493304,-0.0019949633,-0.004369106,0.017736044,0.001453522,-0.028366739,0.020113602,-0.0055203093,0.015139858,0.014033063,-0.0017746291,0.028230097,-0.008922678,0.026235133,-0.009428252,-0.01911612,0.008225808,0.004884927,-0.01937574,0.016396958,0.00882703,0.031126892,-0.011928787,-0.0025978931,0.024445131,0.005233363,0.0017216806,-0.01388959,-0.000513686,-0.0049190875,-0.03022506,-0.019321082,0.01802299,-0.01772238,-0.009879167,-0.011921955,0.011067947,0.0012647862,0.012844284,-0.015249171,-0.008321457,-0.0049839923,-0.021903604,-0.03481621,0.01921177,0.002490288,-0.00026132652,-0.023024062,-0.035007507,0.017189479,-0.008335121,0.008649396,0.0026200972,0.012154246,0.00020037168,0.0011512032,-0.0015816233,0.027300935,0.0074059595,-0.008280464,-0.0029702408,-0.014989553,-0.021234062,-0.003730308,-0.009537565,-0.027355593,0.01934841,-0.004259793,-0.021247726,0.022532154,-0.008833861,-0.0019420148,-0.017777035,-0.012154246,-0.004471587,-0.003518514,0.02728727,0.011307069,-0.01818696,-0.010931306,0.030197732,0.011976612,-0.011423214,-0.017353447,-0.014442988,0.020878794,0.024554444,0.06744616,0.00003274588,-0.013650468,0.01934841,0.014074056,-0.039543997,-0.016683904,0.017312456,-0.015713751,-0.018214287,0.013643635,0.017886348,-0.003426281,0.020933451,0.002591061,-0.00803451,0.005878993,0.01392375,-0.012728139,-0.008403441,-0.00021403581,0.0067637456,0.016342303,-0.008977335,-0.013650468,0.01841925,0.03134552,0.004949832,-0.032684606,0.012413864,0.025142003,0.037958957,0.006722753,-0.03213804,0.028120784,0.0019163946,0.014347339,0.026180478,0.0012784504,0.0064699664,0.03101758,0.015823064,-0.0140057355,0.016355965,-0.021220397,0.007433288,0.013233712,-0.013090239,0.0017438849,0.004973744,0.027820174,-0.015194515,-0.029487196,0.011095275,-0.004799526,-0.010658023,-0.020345893,0.0013732453,-0.010644359,0.019949634,-0.02046887,-0.0054314923,-0.018282609,-0.024609102,-0.022860093,-0.03271193,-0.02212223,-0.0043930183,0.014893904,-0.0063743177,0.008902182,-0.004823439,0.0004534784,0.0016806882,0.017900012,0.0177907,-0.03197407,0.009339434,0.002283618,0.016396958,-0.030307045,0.020933451,-0.009312106,-0.023201697,0.008615235,-0.001660192,-0.0057389354,-0.0030624736,0.0045945644,0.0050044884,0.0027379505,0.027123302,0.012290887,0.010282259,-0.0033272163,-0.0015816233,0.014060392,-0.0024458796,-0.020086274,-0.0041880566,-0.044681713,-0.011382222,-0.022573147,0.017531082,-0.0059438976,0.010200274,0.032875903,0.0026474255,-0.017585738,0.007528937,-0.020127267,0.00086468336,-0.008171151,0.0038635333,0.0019198105,-0.0024253835,0.026904676,0.005687695,-0.012024436,0.0054280763,-0.036701858,0.023174368,0.025811546,-0.011361726,0.009476076,-0.010610199,-0.01511253,0.013862262,-0.0066783447,-0.00763825,0.0011025247,-0.0011990276,0.0033938289,-0.02926857,-0.01604169,0.00022695269,0.0072146617,0.0042973696,-0.014156041,-0.031564146,-0.021602992,-0.009756191,0.0053973324,0.042604763,-0.0303617,-0.021001771,0.007023364,0.006531455,0.01937574,-0.0009718614,0.0016721481,-0.04153896,-0.0059814737,0.0048951753,-0.02976048,-0.019471388,0.023242688,0.01448398,0.00083180406,0.03651056,0.008471762,-0.008369281,0.0017088705,0.0015602731,0.025142003,-0.0016405499,-0.008369281,-0.013821269,0.008191647,-0.0036551554,0.018214287,0.012031268,-0.02400788,-0.021206733,0.0025620249,0.013725621,0.0027550305,-0.017353447,-0.048125073,-0.019635357,-0.026098492,-0.024786735,-0.010453061,-0.02761521,0.0030522256,-0.0010606783,-0.007877372,0.03320384,-0.00062428,0.016082684,-0.019799327,0.005486149,-0.007119013,0.011026954,-0.0038464533,-0.01802299,-0.013356689,-0.012734971,0.00499424,0.02864002,0.006852562,-0.0036619874,0.0075084404,0.0098176785,0.009230121,-0.037904304,-0.0108561525,0.003305012,-0.016328638,-0.01855589,0.0032435234,-0.0065861116,-0.019690014,0.0031495825,0.0047004614,-0.010248099,0.020181922,-0.0057594315,-0.010630695,-0.022327192,-0.008758709,0.034734223,0.0048166066,0.026412766,0.021521008,-0.004170976,-0.024950705,-0.07028829,0.02331101,-0.0023656029,0.02070116,0.033012543,-0.02000429,0.008232639,0.034242313,0.014470316,-0.00925745,-0.03995392,0.0051377136,0.012229398,0.007569929,-0.0012750343,-0.016642913,-0.01471627,0.012434361,-0.022053909,-0.010610199,-0.01590505,-0.0074947765,-0.042960033,0.013978407,-0.004222217,0.0116076805,0.012379704,-0.0078090513,0.007856876,0.00022396367,-0.0004957518,0.015126194,-0.006418726,0.023570627,-0.023461314,0.009107144,-0.008881686,0.03372308,0.004304202,-0.01914345,0.0031547064,0.03765835,-0.021083755,-0.012318215,0.012605161,0.0049259197,0.011655505,0.0035765865,-0.007720235,0.0065451195,-0.0026337614,-0.0047926945,0.025797881,0.007651914,0.021821618,0.010794665,0.0077270665,-0.016451616,0.016246652,0.00576968,-0.019635357,-0.016246652,-0.008704052,-0.026412766,0.0043144496,0.019963296,-0.016246652,-0.00248004,0.016082684,0.0034023689,-0.014565965,0.025674904,-0.024417805,-0.0050215684,-0.029869793,-0.0058414163,0.0058345846,-0.014989553,0.01683421,-0.011655505,-0.027628874,0.004645805,0.017927341,0.014661614,-0.0046355566,0.019170778,0.018378258,-0.0053529236,-0.013800774,0.011334398,-0.028230097,0.00042743114,-0.020892458,0.019362075,0.00071010785,-0.043042015,0.019252762,-0.007563097,0.01911612,0.0014671861,-0.051568434,-0.019853983,0.004136816,0.0047175414,0.0033477123,-0.021411695,-0.022887422,-0.0123250475,-0.0068457304,0.022409176,0.025060019,-0.0055066454,0.021643985,0.028394066,0.015426805,0.015727416,-0.007938861,0.00767241,-0.010186611,-0.011635008,-0.016383294,-0.0085674105,0.0014321718,0.0343243,-0.014798255,-0.008273632,-0.025415286,-0.0061727716,-0.038532853,-0.018733526,-0.026235133,0.019526044,0.017271463,0.00519237,-0.012461688,0.0097493585,-0.008020845,0.017285127,-0.021521008,-0.013103902,0.010268595,-0.012318215,0.010801496,0.03323117,-0.036947813,-0.017763373,0.013035582,-0.0134318415,0.008669891,0.02959651,-0.010111458,-0.01974467,-0.01934841,0.0065382873,-0.012277222,-0.002572273,0.0248004,-0.032220025,0.000118600394,-0.0070028678,-0.008130158,0.00866306,0.011020122,0.011067947,0.0088885175,0.010398405,0.0022221294,-0.0015799153,0.011525695,-0.0105350455,0.021821618,-0.00026751807,-0.019471388,0.03765835,0.011033786,-0.001130707,-0.0052026184,0.008847525,-0.016697569,-0.018678868,0.020851465,-0.014128713,0.010862985,-0.0060224663,0.020263908,-0.027423913,-0.012113253,0.0036927317,-0.0014133836,-0.04533759,-0.00022012062,0.014060392,-0.022600474,0.0005401602,-0.016793218,-0.04820706,-0.013616308,-0.006719337,-0.00800035,-0.023638949,-0.030115748,0.027410248,-0.010145618,-0.006937963,0.0007758665,0.004389602,0.008007182,0.023106048,0.2520759,-0.023584291,-0.003211071,0.009394091,-0.0235433,0.017544746,0.006661264,-0.00024189784,0.0023365666,-0.00051069696,-0.008287296,0.013035582,-0.0063640694,-0.016383294,0.011928787,-0.057881262,-0.053071488,-0.030471014,-0.008280464,-0.032302007,0.013356689,-0.0028916718,0.0054144124,-0.025674904,0.030580327,-0.0060702907,0.011512031,-0.012065428,-0.008007182,0.03088094,-0.036428574,-0.0022357935,0.013438674,0.015645431,-0.02126139,-0.0038498691,0.00882703,0.0035321782,0.03213804,0.009974817,0.009428252,-0.026481088,0.023720933,0.008164319,0.012878444,-0.002596185,-0.013541155,-0.02387124,-0.011737489,0.0230104,-0.011382222,-0.017244134,0.022204215,0.038341556,0.008608404,0.0093189385,0.01557711,0.012769131,-0.02126139,0.022696123,-0.02556559,0.036783844,-0.005400748,0.0007630564,-0.011252413,0.008095998,0.0071463413,-0.023201697,0.028230097,-0.016451616,0.0036824837,-0.0056467024,-0.026904676,-0.012571001,-0.024677422,-0.021999253,0.019198105,0.012543674,0.007419624,0.025838874,-0.014156041,-0.0033545445,0.008362449,0.0033647926,0.0007865416,-0.034078345,0.030771626,0.00031811808,-0.030908266,0.00012297719,-0.009646878,0.0022887422,-0.013793942,0.0017481549,0.0071805012,-0.002172597,0.0013655592,0.010336916,-0.022204215,-0.009339434,-0.018460242,0.05257958,0.023652613,0.027505897,-0.014415659,-0.025114674,0.0047004614,0.0019454308,0.012092757,0.017845357,-0.012154246,-0.014251689,0.0026371775,-0.013445506,-0.019034136,-0.009824511,-0.0022409176,-0.006425558,0.014948561,-0.01471627,0.010630695,-0.02668605,-0.024062537,0.000026581007,-0.001870278,-0.021507343,-0.013862262,-0.0012861365,0.012024436,-0.039161403,0.049846753,-0.023420323,0.043014687,-0.006008802,-0.012489017,0.01137539,0.025934523,0.006210348,0.011272909,0.0030351453,0.009004663,-0.0054417406,0.010910809,-0.029569183,0.015481462,-0.011184092,-0.004864431,0.008321457,0.0140194,-0.026713379,-0.027369257,0.0009983357,-0.001450106,-0.017175814,0.019635357,-0.0024510038,-0.014210697,-0.008601571,0.0030761377,-0.00596781,-0.05400065,-0.012564169,0.017859021,-0.0030266054,-0.0023006983,-0.008355617,-0.17533815,0.015085202,0.0045125796,-0.041866902,-0.002919,-0.015454133,-0.011662337,-0.011689665,-0.0060668746,0.005585214,0.008177983,-0.022176886,-0.038314227,-0.021643985,-0.0028558036,0.031208878,-0.0061796037,0.0039489344,0.017749708,0.016793218,0.017175814,-0.020031618,-0.023037726,0.0030197732,0.013547987,-0.007228326,0.021124749,-0.005151378,-0.008956838,-0.0014970765,0.011976612,-0.0125026805,0.01874719,0.0071873334,0.010883481,0.017640395,0.0066783447,0.017011844,-0.008642564,0.020209251,0.02463643,0.027164295,-0.016547265,0.012024436,-0.0058926567,0.02337933,0.00011763964,-0.017148485,0.0013134647,0.013404514,0.0034963097,-0.042878047,0.05413729,0.007679242,0.004259793,0.02212223,0.014893904,0.011272909,0.014552301,0.024226505,0.005281187,-0.025483606,-0.009892832,0.021124749,0.004447675,0.0031649545,-0.013616308,0.009899664,-0.0068901386,0.011737489,-0.0038601174,-0.0023092383,0.017968334,0.0035526743,0.03260262,-0.0033220921,-0.025702232,0.015372149,0.011512031,0.0015337989,-0.0054280763,0.026713379,-0.017203143,0.0054417406,-0.019129785,0.017613066,0.040719114,-0.011737489,-0.007549433,-0.014401996,0.026043836,-0.038013615,-0.00019385987,0.0042495453,-0.01716215,0.023994217,-0.0253333,0.006507543,-0.009769854,-0.0039250217,-0.0061591077,-0.0057628476,0.01690253,-0.014866576,0.0066544325,0.0025534846,-0.004157312,0.0018685701,0.034515597,-0.022463834,-0.0057457676,0.01686154,0.0114300465,0.026658721,-0.00065587834,0.015372149,-0.011170428,-0.037193768,0.028858647,0.0027123303,-0.002898504,-0.02245017,0.00030701596,-0.0077065704,-0.0021777211,-0.010569206,-0.07274784,-0.037849646,0.004440843,0.00047226658,-0.015864057,-0.0036688196,0.0097493585,0.0029719488,-0.017708715,-0.000035788282,-0.018268945,-0.013418178,-0.016738562,0.0017917093,0.0050113206,0.002896796,-0.00639823,-0.017831692,-0.011484703,0.036182623,-0.006914051,-0.028366739,0.010842489,-0.023556964,-0.008970503,0.013527491,-0.0030795538,0.02866735,0.00767241,0.017845357,0.01385543,0.007897869,0.00019983793,-0.015782073,-0.005776512,-0.005076225,-0.04408049,-0.0029360803,0.03085361,-0.02556559,-0.010630695,0.0047687823,0.026658721,-0.016711233,0.010760504,-0.011853634,-0.023133375,0.020291235,-0.010371076,-0.0067739934,-0.011532527,0.008738212,-0.008779204,-0.009134472,0.040883083,0.022163222,0.018036654,0.025060019,-0.0034570254,-0.0060395463,0.028913304,-0.03446094,-0.023570627,0.0140057355,0.033012543,0.017503753,0.007897869,0.002573981,-0.016273981,-0.0045023314,-0.01997696,0.02377559,-0.014429323,-0.0037986287,-0.012864781,-0.009066151,-0.0013723912,-0.008669891,0.023188032,-0.046949957,-0.017763373,-0.006101035,0.010562374,-0.0028421395,0.008963671,0.0073991274,0.0027157462,-0.027027654,-0.0046799653,-0.026002843,-0.02132971,0.03148216,0.011368558,-0.0062001,0.008157487,0.005100137,-0.011238748,0.0066851764,-0.007221494,-0.0048917593,-0.007228326,-0.022204215,-0.073895626,0.020386886,-0.005667199,0.0071941656,-0.006733001,-0.009715198,0.0057150233,-0.017039172,-0.0125026805,0.003212779,0.001652506,0.0055203093,-0.014921232,0.005342676,-0.022873757,-0.017995661,0.010781,-0.016847875,0.002379267,0.024062537,-0.0036483232,0.014661614,-0.00016973414,-0.0032383993,0.012017604,0.009926992,-0.018870166,0.03150949,-0.018036654,0.0014364419,0.02172597,-0.040363844,0.013725621,0.016793218,-0.0002376278,-0.0091754645,0.017777035,0.033313155,0.010671687,0.032875903,-0.013233712,-0.028366739,0.0019488469,0.00082070194,-0.009045656,0.008922678,-0.060231496,0.020892458,0.036483232,-0.03555407,0.008779204,0.022614138,-0.022846429,-0.0031666625,-0.013739285,-0.013185888,0.029787809,0.016683904,-0.019293755,0.017080165,0.018979479,-0.016205661,0.015057874,-0.0064631347,0.0320014,-0.0132883685,-0.000023351788,0.01795467,0.016588256,-0.015426805,-0.00436569,0.0076929065,0.011218253,0.03883346,-0.0011657212,0.028885975,-0.012120085,-0.0016636081,-0.03320384,0.028257426,0.03355911,-0.019539708,0.0038532852,0.017216807,0.017531082,0.032493304,-0.0038874457,0.013910087,-0.014907568,-0.006080539,0.006517791,0.010951802,0.0006370902,0.0134318415,0.01914345,0.009797183,-0.028421395,-0.012844284,0.021739634,0.011204588,0.002498828,0.006852562,0.005810672,-0.005510061,-0.022709787,-0.001237458,-0.051595762,-0.007897869,0.029678496,-0.0028404314,-0.008410273,0.003819125,0.018733526,0.01914345,-0.029350556,0.009394091,0.02188994,-0.009899664,-0.026850019,0.020058947,-0.0020923202,0.01121142,0.035800025,-0.0022238374,0.027205287,0.028885975,-0.013800774,-0.030962924,0.017066501,-0.0076929065,0.010241267,-0.021534672,-0.027833836,-0.019512381,-0.017818028,0.012167909,-0.0037132278,0.023802917,-0.019649021,0.05227897,0.0111430995,-0.019293755,0.007563097,0.010268595,-0.00992016,0.007720235,-0.007884204,-0.023966888,0.017900012,0.017189479,-0.023816582,0.007050692,-0.002464668,-0.021739634,-0.014033063,-0.0015713752,0.0075835935,0.012919437,-0.0022050494,0.008840693,0.006709089,0.015413141,0.001139247,-0.018378258,0.0059404816,0.013486498,-0.013992071,-0.0130014215,-0.024349483,-0.0079047,0.0023433988,-0.029241243,-0.0065690316,0.009530732,-0.028066127,-0.0014603541,-0.023570627,0.0024510038,0.015481462,0.020482535,0.012352375,-0.014429323,-0.017066501,0.010241267,-0.0009821095,-0.00499424,-0.00013194428,-0.022176886]
[{role: assistant, content: [{type: text, text: 您好！我是您的回忆助手，很高兴与您一起回顾过去的时光。  
我想请您回忆一下，您有没有参加过一次难忘的聚会或活动？  
那次聚会的氛围让我至今难忘...  
聚会上有没有特别的表演或节目让您印象深刻...  
您是否和某位重要的人在那次活动中重聚...  }, {type: text, text: }, {type: text, text: }, {type: text, text: false}, {type: text, text: 您好！我是您的回忆助手，很高兴与您一起回顾过去的时光。  
我想请您回忆一下，您有没有参加过一次难忘的聚会或活动？  
那次聚会的氛围让我至今难忘...  
聚会上有没有特别的表演或节目让您印象深刻...  
您是否和某位重要的人在那次活动中重聚...  }]}, {role: assistant, content: [{type: text, text: 您好！我是您的回忆助手，很高兴与您一起回顾过去的时光。  
我想请您回忆一下，有没有一张照片让您想起某个特定的场景？  
那是和家人一起度假的时刻...  
那是我和朋友聚会时捕捉到的瞬间...  
那张照片里有我最喜欢的风景...  }, {type: text, text: }, {type: text, text: }, {type: text, text: false}, {type: text, text: 您好！我是您的回忆助手，很高兴与您一起回顾过去的时光。  
我想请您回忆一下，有没有一张照片让您想起某个特定的场景？  
那是和家人一起度假的时刻...  
那是我和朋友聚会时捕捉到的瞬间...  
那张照片里有我最喜欢的风景...  }]}],[]
[{role: assistant, content: [{type: text, text: 您好！我是您的回忆助手，很高兴与您一起回顾过去的时光。  
我想请您回忆一下，您有没有参加过一次难忘的聚会或活动？  
那次聚会的氛围让我至今难忘...  
聚会上有没有特别的表演或节目让您印象深刻...  
您是否和某位重要的人在那次活动中重聚...  }, {type: text, text: }, {type: text, text: }, {type: text, text: false}, {type: text, text: 您好！我是您的回忆助手，很高兴与您一起回顾过去的时光。  
我想请您回忆一下，您有没有参加过一次难忘的聚会或活动？  
那次聚会的氛围让我至今难忘...  
聚会上有没有特别的表演或节目让您印象深刻...  
您是否和某位重要的人在那次活动中重聚...  }]}, {role: assistant, content: [{type: text, text: 您好！我是您的回忆助手，很高兴与您一起回顾过去的时光。  
我想请您回忆一下，有没有一张照片让您想起某个特定的场景？  
那是和家人一起度假的时刻...  
那是我和朋友聚会时捕捉到的瞬间...  
那张照片里有我最喜欢的风景...  }, {type: text, text: }, {type: text, text: }, {type: text, text: false}, {type: text, text: 您好！我是您的回忆助手，很高兴与您一起回顾过去的时光。  
我想请您回忆一下，有没有一张照片让您想起某个特定的场景？  
那是和家人一起度假的时刻...  
那是我和朋友聚会时捕捉到的瞬间...  
那张照片里有我最喜欢的风景...  }]}],[]
[{role: assistant, content: [{type: text, text: 您好！我是您的回忆助手，很高兴与您一起回顾过去的时光。  
我想请您回忆一下，您有没有参加过一次难忘的聚会或活动？  
那次聚会的氛围让我至今难忘...  
聚会上有没有特别的表演或节目让您印象深刻...  
您是否和某位重要的人在那次活动中重聚...  }, {type: text, text: }, {type: text, text: }, {type: text, text: false}, {type: text, text: 您好！我是您的回忆助手，很高兴与您一起回顾过去的时光。  
我想请您回忆一下，您有没有参加过一次难忘的聚会或活动？  
那次聚会的氛围让我至今难忘...  
聚会上有没有特别的表演或节目让您印象深刻...  
您是否和某位重要的人在那次活动中重聚...  }]}, {role: assistant, content: [{type: text, text: 您好！我是您的回忆助手，很高兴与您一起回顾过去的时光。  
我想请您回忆一下，有没有一张照片让您想起某个特定的场景？  
那是和家人一起度假的时刻...  
那是我和朋友聚会时捕捉到的瞬间...  
那张照片里有我最喜欢的风景...  }, {type: text, text: }, {type: text, text: }, {type: text, text: false}, {type: text, text: 您好！我是您的回忆助手，很高兴与您一起回顾过去的时光。  
我想请您回忆一下，有没有一张照片让您想起某个特定的场景？  
那是和家人一起度假的时刻...  
那是我和朋友聚会时捕捉到的瞬间...  
那张照片里有我最喜欢的风景...  }]}],[-0.023410324,0.005292264,0.016932512,-0.015811877,-0.015060232,0.033892356,0.0009182027,-0.0032850301,-0.028945165,-0.03061245,-0.017315166,0.018709127,-0.012381643,-0.030694447,-0.017096506,-0.001208611,0.029191157,0.017807152,0.021319384,-0.0145409135,0.011069681,0.023055002,-0.002154146,0.015046566,-0.017902816,-0.0054938416,0.019378774,-0.018681794,0.020909397,-0.0013623565,0.023328327,-0.011110679,-0.0069185505,-0.027523872,-0.004885692,-0.028207187,-0.010564028,0.00097201363,0.026088914,0.011787159,0.013707271,0.008746414,0.012415809,0.02438063,-0.015101231,0.0207864,-0.0072021256,-0.04201012,0.02361532,0.016249198,0.020868398,0.038866878,-0.023150666,-0.009429728,-0.0026358822,-0.009518558,0.012347477,0.05728901,-0.0092998985,-0.026307574,-0.0015451428,0.009231566,-0.025678925,0.006429981,0.018545132,0.0024223467,-0.019952757,-0.010338535,0.023123333,0.014609245,-0.003987135,0.019857094,0.005791083,-0.014021595,0.04911658,-0.014978235,0.0136252735,-0.0051351017,0.009996878,0.00073541625,0.0026358822,-0.023082335,0.009511725,0.040124174,-0.00044842454,0.044169392,-0.00042728454,0.026444236,-0.034603,-0.02921849,0.015989538,0.013925931,0.012873628,0.019187447,0.021661041,0.03083111,-0.0014597287,0.031159101,-0.0033704443,-0.010058376,0.009388729,0.005528007,-0.040725492,-0.009211067,-0.019665767,0.0007264478,0.029027162,0.0031193267,0.012258646,0.014868904,-0.033291038,0.05920229,0.0017065757,-0.003758225,-0.062646195,-0.014827905,0.020144084,-0.017957482,-0.015265226,-0.030475788,-0.00472853,0.031159101,0.0038983042,-0.029409818,0.0044244556,0.016071536,0.014130926,-0.017615825,0.015661549,-0.0058013326,0.047667958,0.0074071195,0.018613463,0.01631753,-0.021729372,0.00993538,-0.007065463,0.008582419,-0.020103086,-0.0050189383,0.0046704486,0.021565378,-0.013105955,-0.01536089,0.019679433,0.031186434,-0.008705416,0.005756917,0.012361143,0.022891006,0.022057364,-0.0041852957,-0.0024189302,0.009812383,0.0036488946,-0.0011343006,-0.0022686012,0.011295174,-0.016768515,-0.03266239,0.006327484,0.025829254,0.013652606,0.0011445503,0.012607136,0.038839545,-0.0039837183,-0.012258646,0.02899983,-0.016208198,-0.035914965,0.018982451,-0.02734621,0.0015494137,-0.016303863,0.0009113695,0.027783532,0.016522523,-0.022002699,-0.011507001,-0.032389063,-0.025378268,0.006908301,0.008910409,-0.01525156,-0.007290956,-0.003536148,-0.017205836,-0.0065837265,-0.0065153954,0.0078034415,0.038839545,-0.006344567,-0.0072499574,-0.6192461,-0.0025641343,0.0016032245,-0.016508857,0.018763792,0.001311108,-0.0050086887,0.018135143,-0.013208452,-0.026990887,-0.02067707,0.025009278,0.008664416,-0.004342458,-0.018681794,-0.011165344,0.0036830604,0.0024155136,0.00048259023,0.0047763623,-0.018613463,0.024899948,-0.0037103929,0.004352708,-0.0127233,-0.0067477217,-0.010126708,-0.0009617639,-0.02815252,0.045071367,-0.031842414,-0.010529863,0.003378986,-0.0094775595,0.058382314,0.015101231,-0.033564363,0.023628986,0.008534587,0.032580394,-0.009211067,0.00041404535,0.012258646,0.0070996284,0.009183735,-0.0055314237,-0.019091783,0.011513834,0.016823182,-0.01455458,-0.003187658,-0.0026734646,-0.004239961,0.00782394,-0.006296735,-0.034657665,0.021620043,-0.030120464,-0.025583262,0.008828412,0.015374556,0.023574319,-0.014404251,-0.02254935,-0.027100218,0.02815252,-0.0024582208,-0.0014144592,-0.0014665618,-0.01756116,0.004492787,0.012825796,-0.0105776945,0.0051966,-0.0029279988,0.010953517,0.020075753,0.0051761004,-0.015183228,0.013843934,0.015893875,-0.018763792,-0.0007687278,-0.018121477,-0.012415809,0.00015257111,-0.03381036,-0.022563016,0.034821663,-0.0012111734,0.0060063265,-0.006330901,-0.000787946,0.0047831954,-0.019242112,0.043868735,-0.032088406,0.009593723,0.011110679,-0.0300658,0.013652606,0.00910857,0.010748523,0.026703896,0.0121629825,0.015456554,-0.029491816,0.004834444,0.03296305,-0.018463133,-0.0013555234,-0.0007290102,0.016440526,-0.031979077,-0.017205836,-0.022235025,0.023300994,0.022522017,0.022535684,-0.002622216,0.0015673506,-0.0070107975,0.0042126286,-0.005821832,0.0134407785,0.02533727,-0.0014050637,-0.0132631175,-0.011008183,0.014308587,0.012053652,-0.01525156,0.014841571,-0.012169816,0.017629491,-0.008240762,0.015497552,-0.005148768,0.030776445,-0.018668128,0.029409818,0.015401889,0.010680192,-0.04362274,-0.027728867,-0.023505988,-0.014089927,-0.0027383792,-0.027769865,0.0034900242,-0.0034678166,-0.0009643263,-0.008069933,0.0152105605,0.000032777698,0.0075096167,-0.0020072337,-0.0063343174,-0.027318878,-0.011520667,0.0034866077,-0.010126708,-0.015169562,-0.0024411378,-0.018449467,-0.028261852,0.0101540405,0.0145409135,-0.017397165,-0.01605787,-0.0173835,-0.0047763623,-0.018203475,-0.029683143,0.015688881,0.023820313,-0.022590348,-0.013891766,0.027305212,-0.016522523,-0.015852876,0.01564788,-0.0028528343,-0.008917242,0.011110679,-0.0019115699,0.010987683,0.012108318,-0.024722286,0.027797198,-0.0055109244,0.033154376,-0.014991901,-0.0080152685,-0.009655221,0.022084696,-0.012238147,0.010769023,0.004919858,0.009183735,0.009026573,-0.008186097,0.022330688,-0.012121984,-0.0039017207,-0.0037445587,0.015429221,-0.0017433038,0.024995612,-0.011746161,0.024681287,-0.020663403,-0.0027691284,-0.0071952925,0.0058867466,0.014964568,0.0042126286,0.010304369,-0.014896236,-0.02514594,0.004144297,-0.009286232,-0.010557195,0.0080152685,-0.013365614,0.009887548,0.013235785,0.016522523,-0.012176649,0.00086823537,0.015060232,0.0058491644,0.012060485,-0.00072303123,-0.008315926,-0.022139361,0.03566897,-0.027291546,0.032607727,-0.0019986923,-0.004325375,0.01784815,0.0015562468,-0.028316516,0.020007422,-0.0054938416,0.015128563,0.014007929,-0.0017526994,0.028097855,-0.009033406,0.026184577,-0.009545892,-0.019078117,0.0081997635,0.0049232747,-0.019447105,0.016344862,0.008739581,0.031131769,-0.011957988,-0.0025914668,0.024421629,0.0053161797,0.0017509911,-0.013837101,-0.00042899282,-0.004981356,-0.030229794,-0.019337775,0.018162476,-0.017684156,-0.009880715,-0.012033152,0.011076514,0.0011565083,0.0128941275,-0.015224228,-0.008281761,-0.0049164416,-0.021879701,-0.03490366,0.01928311,0.0025043443,-0.00023958684,-0.023000335,-0.03501299,0.017219502,-0.008281761,0.00854142,0.002688839,0.012190315,0.00031581902,0.001130884,-0.0016373902,0.027318878,0.0073456215,-0.0082612615,-0.0029279988,-0.015005567,-0.021251053,-0.0035942297,-0.009627889,-0.027441874,0.019365108,-0.0042843763,-0.021278385,0.022481019,-0.008794246,-0.0019713598,-0.017875483,-0.012258646,-0.0044483715,-0.0034848994,0.027264213,0.011356672,-0.018244473,-0.010960351,0.030202461,0.011992154,-0.011459169,-0.017315166,-0.01444525,0.02089573,0.024448961,0.06740206,0.000026798705,-0.013700438,0.019365108,0.014021595,-0.039495528,-0.016768515,0.017369833,-0.015661549,-0.018381136,0.013584275,0.017957482,-0.0034592752,0.020923063,0.002622216,-0.008001602,0.005941412,0.014062594,-0.0127028,-0.008520921,-0.00010730159,0.006669141,0.01631753,-0.0089924075,-0.013775602,0.018340137,0.03129576,0.0049881893,-0.03266239,0.012518305,0.025104942,0.03793757,0.006693057,-0.03211574,0.02815252,0.0018278639,0.014431584,0.026061581,0.0011821325,0.006412898,0.030967772,0.015798211,-0.014021595,0.01631753,-0.021210054,0.0074959504,0.013181119,-0.013112788,0.0016553273,0.004895942,0.027838197,-0.015169562,-0.029573813,0.011049181,-0.004735363,-0.010639193,-0.020376412,0.0014076261,-0.010755356,0.01998009,-0.02041741,-0.005432343,-0.018285472,-0.024517292,-0.022781676,-0.032580394,-0.022166694,-0.0043356246,0.014855238,-0.0064026485,0.0088694105,-0.0047421963,0.00039440006,0.0015656423,0.017957482,0.017807152,-0.03200641,0.00936823,0.002297642,0.016454192,-0.030229794,0.020854732,-0.009340897,-0.023218997,0.0086234175,-0.0016553273,-0.0056544202,-0.0030099964,0.004547452,0.0051385183,0.0028460012,0.02716855,0.012395309,0.010236038,-0.0033106545,-0.0015468511,0.014007929,-0.0024804284,-0.019993756,-0.0040793824,-0.04479804,-0.011445503,-0.022617681,0.017465496,-0.0058423313,0.010222372,0.032799054,0.0027212964,-0.017615825,0.0075096167,-0.020226084,0.0008865994,-0.008220263,0.0038504722,0.0019440273,-0.0024787202,0.026936222,0.005774,-0.01213565,0.0053810948,-0.03665294,0.023177998,0.025760923,-0.011343006,0.009573224,-0.010557195,-0.015128563,0.013884933,-0.0066964733,-0.007584781,0.0011197801,-0.0012504639,0.0033277373,-0.02921849,-0.016071536,0.00021716561,0.0071474602,0.004352708,-0.014226589,-0.031596422,-0.021606376,-0.009634722,0.005340096,0.042638768,-0.030311791,-0.02111439,0.0068433858,0.0065905596,0.019447105,-0.0010352201,0.0017168254,-0.04154547,-0.005972161,0.00496769,-0.02976514,-0.019447105,0.023177998,0.0144179175,0.0008814746,0.03643428,0.008438923,-0.0084457565,0.0015733296,0.0015673506,0.025132274,-0.0016664311,-0.008329593,-0.013823435,0.0080767665,-0.0037616414,0.01821714,0.012067318,-0.02390231,-0.021305718,0.0024804284,0.013652606,0.0028169604,-0.017410832,-0.04824194,-0.019583767,-0.026075248,-0.024831617,-0.010427366,-0.027633203,0.0030937023,-0.0010591361,-0.007741943,0.033127043,-0.00060302427,0.016208198,-0.019857094,0.005473342,-0.0071132947,0.011015016,-0.0038231397,-0.017943816,-0.013420279,-0.012764298,0.005015522,0.028617173,0.0067272224,-0.0036693942,0.0075574485,0.00980555,0.009272566,-0.03793757,-0.010823688,0.0033089463,-0.01627653,-0.01862713,0.003230365,-0.0065598106,-0.0196111,0.0031227432,0.0046226163,-0.010167707,0.020116752,-0.005774,-0.010666525,-0.022412686,-0.008596085,0.034630332,0.004752446,0.026498903,0.02159271,-0.0041237976,-0.024913615,-0.07035397,0.02331466,-0.0024291798,0.020608738,0.033045046,-0.019993756,0.008165598,0.034220345,0.014595578,-0.009190568,-0.039878182,0.0050975196,0.012183482,0.0076052803,-0.0012581511,-0.016686518,-0.014759574,0.012477307,-0.022098362,-0.010591361,-0.015962206,-0.0075437822,-0.042884763,0.013891766,-0.0043151253,0.011575333,0.012436308,-0.007905939,0.007940104,0.00021438964,-0.00043454475,0.015060232,-0.006286485,0.023587985,-0.023464989,0.009074405,-0.008842078,0.033755694,0.0042843763,-0.019091783,0.0031893663,0.037746243,-0.021100724,-0.01224498,0.01259347,0.004885692,0.011732494,0.0035873963,-0.007673612,0.006549561,-0.0026478402,-0.0048515266,0.02584292,0.0075642816,0.021879701,0.010823688,0.0077146105,-0.01638586,0.016221866,0.0057705836,-0.0196521,-0.016290197,-0.008746414,-0.026457902,0.0044176225,0.019857094,-0.01627653,-0.0024923864,0.016098868,0.0034319425,-0.014581912,0.025637927,-0.024421629,-0.005046271,-0.029737808,-0.00588333,0.0058559976,-0.014923569,0.01671385,-0.011629998,-0.02760587,0.0048515266,0.017998481,0.014691243,-0.0046636155,0.019078117,0.018394802,-0.0053537623,-0.013775602,0.011349839,-0.028261852,0.00040016553,-0.020923063,0.019337775,0.00067562633,-0.04307609,0.019255778,-0.0076052803,0.019091783,0.0015519761,-0.051658507,-0.019911759,0.0040144674,0.004772946,0.0032371983,-0.021469714,-0.022850007,-0.012367976,-0.006863885,0.022440018,0.025050277,-0.0054870085,0.021688374,0.028480511,0.015442887,0.015743546,-0.0080152685,0.0077214437,-0.010236038,-0.011705162,-0.01642686,-0.008568753,0.0014776657,0.034329675,-0.014868904,-0.008363758,-0.025501264,-0.0061634886,-0.03845689,-0.018722793,-0.026198244,0.019488104,0.017274167,0.0050667706,-0.012497806,0.009682554,-0.00795377,0.017260501,-0.021551711,-0.013119621,0.010406867,-0.01235431,0.010844187,0.033291038,-0.036789604,-0.017834485,0.0130171245,-0.013413446,0.008630251,0.029601146,-0.010092542,-0.019665767,-0.019296777,0.0064914795,-0.012313311,-0.0026000084,0.024817951,-0.03222507,0.000056640292,-0.0070517967,-0.008165598,0.008732748,0.011049181,0.010967184,0.00888991,0.010475198,0.0022463936,-0.0016066411,0.011588999,-0.0105161965,0.021879701,-0.00035938024,-0.019447105,0.037664246,0.011021849,-0.001136863,-0.005148768,0.008862577,-0.016672852,-0.018791124,0.020854732,-0.014226589,0.010974017,-0.0060644085,0.020267082,-0.027482873,-0.012142483,0.0036215622,-0.0014870613,-0.045372024,-0.00021107984,0.014226589,-0.022590348,0.00047533002,-0.01671385,-0.04813261,-0.013645773,-0.006628142,-0.008001602,-0.023642652,-0.0300658,0.02745554,-0.010133541,-0.0069732154,0.00069569866,0.00450987,0.008042601,0.023096,0.2521154,-0.023519654,-0.0032696556,0.0092589,-0.023519654,0.017588492,0.0066486415,-0.00024641998,0.002447971,-0.00046892397,-0.008343259,0.0130786225,-0.006265986,-0.01642686,0.011971654,-0.05789033,-0.0531618,-0.03050312,-0.008384258,-0.032279734,0.013358781,-0.0028938332,0.005312763,-0.025637927,0.030585118,-0.0060644085,0.011520667,-0.012080984,-0.00797427,0.030885775,-0.03651628,-0.0022634764,0.013468111,0.015606883,-0.021196388,-0.003867555,0.008924075,0.0035805632,0.03214307,0.009867049,0.009443394,-0.026594566,0.02372465,0.008186097,0.012982959,-0.0026290491,-0.01350911,-0.023806646,-0.011664163,0.023014002,-0.011425003,-0.01719217,0.022125695,0.03834756,0.008602918,0.009272566,0.015661549,0.012682301,-0.021155389,0.022713345,-0.025501264,0.03676227,-0.005370845,0.0007892272,-0.011315674,0.008022102,0.007236291,-0.023177998,0.028179854,-0.01642686,0.0037753077,-0.0056544202,-0.026881557,-0.012566137,-0.024585623,-0.021989033,0.01917378,0.012497806,0.007468618,0.025815587,-0.014212923,-0.0033584863,0.008343259,0.0033584863,0.00087976624,-0.03405635,0.03083111,0.00041255058,-0.030749112,0.00019741357,-0.009621056,0.0023659733,-0.013761936,0.0017629492,0.0070996284,-0.002154146,0.0013512527,0.010242871,-0.02218036,-0.009224733,-0.018394802,0.052505817,0.023710983,0.027428208,-0.014431584,-0.025159607,0.004690948,0.0019389024,0.012060485,0.017902816,-0.012094651,-0.014281254,0.0026683398,-0.013447612,-0.01902345,-0.0098465495,-0.002285684,-0.006423148,0.014964568,-0.014677577,0.010680192,-0.026731228,-0.024107303,0.0000506613,-0.0018210307,-0.021510713,-0.0138712665,-0.0013546692,0.012074151,-0.039085537,0.049881894,-0.023464989,0.04296676,-0.0058799135,-0.012566137,0.011302007,0.025856586,0.0062523196,0.011281508,0.0031483674,0.009047072,-0.0054596756,0.01098085,-0.029573813,0.015415555,-0.011097013,-0.0048891087,0.008356925,0.014048927,-0.026826892,-0.027359877,0.0010719482,-0.0014511873,-0.017315166,0.019624766,-0.002393306,-0.0142949205,-0.008582419,0.0029792474,-0.0059994934,-0.05395444,-0.012757465,0.01788915,-0.002929707,-0.0023984308,-0.008404758,-0.17536561,0.015060232,0.0045132865,-0.041736796,-0.0028938332,-0.015347224,-0.011643664,-0.01167783,-0.005955078,0.0055655893,0.008186097,-0.022098362,-0.038402226,-0.021688374,-0.0027879195,0.03129576,-0.006211321,0.0039188038,0.017725155,0.01671385,0.017164838,-0.020185083,-0.022959337,0.002941665,0.01363894,-0.0072567905,0.021155389,-0.0052239327,-0.008958241,-0.0013777311,0.012060485,-0.012402142,0.018750126,0.0071747927,0.010803188,0.017684156,0.0066315588,0.017096506,-0.008664416,0.020280749,0.024626622,0.027154883,-0.016481524,0.012026319,-0.005910663,0.023328327,0.00013431383,-0.017137505,0.0012316728,0.013351948,0.0035293149,-0.04293943,0.05411844,0.0076667788,0.0043151253,0.022112029,0.014909903,0.011233675,0.014622911,0.024189303,0.0053332625,-0.02555593,-0.009949046,0.02111439,0.004540619,0.0030988273,-0.01352961,0.009853383,-0.0068433858,0.011705162,-0.0038299728,-0.0023540154,0.017943816,0.003566897,0.03252573,-0.0032525728,-0.025719924,0.01536089,0.011486501,0.0014819364,-0.0054357597,0.026717562,-0.017315166,0.0053810948,-0.01917378,0.017629491,0.04069816,-0.01176666,-0.007687278,-0.014390585,0.026034249,-0.037992235,-0.00025517493,0.004246794,-0.017137505,0.023956975,-0.025282603,0.006501729,-0.00980555,-0.0038778048,-0.0061259065,-0.00578425,0.016891513,-0.014745908,0.0067203892,0.002603425,-0.0041477135,0.0018876538,0.034548335,-0.022508351,-0.0056305043,0.016754849,0.011541167,0.026635565,-0.0006884385,0.015319891,-0.011110679,-0.03717226,0.028945165,0.0026358822,-0.0029484981,-0.022508351,0.00041959726,-0.00762578,-0.002087523,-0.010557195,-0.07286856,-0.03793757,0.004451788,0.0003598073,-0.016003205,-0.003734309,0.009737219,0.0029963301,-0.017588492,-0.000112426445,-0.018135143,-0.013447612,-0.016891513,0.001738179,0.005042854,0.0029382484,-0.0064573134,-0.017807152,-0.011486501,0.036160957,-0.0068536354,-0.028398514,0.010803188,-0.023560653,-0.008999241,0.013420279,-0.0031944911,0.028671838,0.0077077774,0.017902816,0.013837101,0.007885439,0.0002387327,-0.015688881,-0.0058184154,-0.0051692673,-0.043950733,-0.0029638729,0.030913107,-0.02555593,-0.010680192,0.0046943645,0.026635565,-0.016768515,0.010639193,-0.011916989,-0.023082335,0.020226084,-0.010359034,-0.0068160533,-0.011513834,0.008712249,-0.008773747,-0.0091154035,0.040862154,0.02218036,0.017998481,0.02492728,-0.0033994853,-0.0060780747,0.028972497,-0.034357008,-0.023519654,0.013939598,0.032935716,0.017547494,0.007905939,0.0025163023,-0.016303863,-0.0044996203,-0.019816095,0.02372465,-0.014472582,-0.0037445587,-0.012689134,-0.008965075,-0.0013538151,-0.008575586,0.023137,-0.046929978,-0.017725155,-0.006050742,0.010564028,-0.0027964609,0.009040239,0.0074617844,0.0026837143,-0.026990887,-0.0046806983,-0.026006917,-0.021346718,0.031514425,0.011466002,-0.0060780747,0.008138265,0.005124852,-0.01132934,0.006682807,-0.0070244637,-0.004943774,-0.007120128,-0.022207692,-0.07385253,0.020431077,-0.0057056686,0.0072089587,-0.006669141,-0.009744052,0.0056680865,-0.016959844,-0.012518305,0.003206449,0.0017356166,0.005528007,-0.015046566,0.0053435126,-0.022850007,-0.017998481,0.01085102,-0.016850514,0.0022788509,0.024025306,-0.0037001432,0.0145409135,-0.00008060965,-0.0032269484,0.0119784875,0.009928547,-0.018927786,0.031487092,-0.017998481,0.0014657077,0.02170204,-0.04020617,0.013802935,0.01679585,-0.00028250748,-0.0091154035,0.017902816,0.03331837,0.0105776945,0.032826386,-0.013317782,-0.028343849,0.001978193,0.0008391945,-0.009067572,0.008999241,-0.060240928,0.020950396,0.036379617,-0.035477642,0.008766914,0.022645013,-0.022822674,-0.003127868,-0.0137482695,-0.013126454,0.029792473,0.016768515,-0.01939244,0.017137505,0.018982451,-0.016249198,0.015005567,-0.00648123,0.03181508,-0.013338282,-0.000001152758,0.017971149,0.016563522,-0.015538552,-0.0043117087,0.0076394463,0.011240509,0.038839545,-0.001088177,0.0288905,-0.012197148,-0.0017749071,-0.033236373,0.028234519,0.033482365,-0.019624766,0.0037992236,0.017260501,0.017533828,0.03252573,-0.0038197231,0.013891766,-0.014827905,-0.0061259065,0.0064402306,0.011001349,0.0006717827,0.0135022765,0.019091783,0.009778217,-0.028425846,-0.012695967,0.021756705,0.011226842,0.0023898894,0.0068468023,0.0058867466,-0.005514341,-0.022713345,-0.0011334465,-0.051549178,-0.007960604,0.029737808,-0.002791336,-0.008520921,0.0037855573,0.01869546,0.019132782,-0.029355153,0.009375063,0.021879701,-0.009996878,-0.02690889,0.020034755,-0.002116564,0.011206343,0.0357783,-0.0022771426,0.027154883,0.02878117,-0.013796101,-0.030967772,0.017123839,-0.00773511,0.010208705,-0.021524379,-0.027687868,-0.019515436,-0.017916482,0.012197148,-0.0037206425,0.023833979,-0.019679433,0.052232493,0.011172177,-0.019310443,0.0075506154,0.010290703,-0.0099080475,0.007673612,-0.007919605,-0.023820313,0.017943816,0.017260501,-0.023806646,0.006990298,-0.0025128857,-0.021743039,-0.014103593,-0.0016331195,0.0075506154,0.0127711315,-0.0021917284,0.008787413,0.0068297195,0.015306225,0.0011582166,-0.018299138,0.005941412,0.013433945,-0.014035261,-0.013133287,-0.024394296,-0.00782394,0.0022036864,-0.029327821,-0.0064983126,0.0096620545,-0.028125187,-0.0014409376,-0.023642652,0.0024103888,0.015565884,0.020280749,0.012422642,-0.014472582,-0.017096506,0.010229205,-0.00089428667,-0.004950607,-0.00019912186,-0.022166694]
[{role: assistant, content: [{type: text, text: 您好！我是您的回忆助手，很高兴与您一起回顾过去的时光。  
我想请您回忆一下，您有没有参加过一次难忘的聚会或活动？  
那次聚会的氛围让我至今难忘...  
聚会上有没有特别的表演或节目让您印象深刻...  
您是否和某位重要的人在那次活动中重聚...  }, {type: text, text: }, {type: text, text: }, {type: text, text: false}, {type: text, text: 您好！我是您的回忆助手，很高兴与您一起回顾过去的时光。  
我想请您回忆一下，您有没有参加过一次难忘的聚会或活动？  
那次聚会的氛围让我至今难忘...  
聚会上有没有特别的表演或节目让您印象深刻...  
您是否和某位重要的人在那次活动中重聚...  }]}, {role: assistant, content: [{type: text, text: 您好！我是您的回忆助手，很高兴与您一起回顾过去的时光。  
我想请您回忆一下，有没有一张照片让您想起某个特定的场景？  
那是和家人一起度假的时刻...  
那是我和朋友聚会时捕捉到的瞬间...  
那张照片里有我最喜欢的风景...  }, {type: text, text: }, {type: text, text: }, {type: text, text: false}, {type: text, text: 您好！我是您的回忆助手，很高兴与您一起回顾过去的时光。  
我想请您回忆一下，有没有一张照片让您想起某个特定的场景？  
那是和家人一起度假的时刻...  
那是我和朋友聚会时捕捉到的瞬间...  
那张照片里有我最喜欢的风景...  }]}],[]
[{role: assistant, content: [{type: text, text: 您好！我是您的回忆助手，很高兴与您一起回顾过去的时光。  
我想请您回忆一下，您有没有参加过一次难忘的聚会或活动？  
那次聚会的氛围让我至今难忘...  
聚会上有没有特别的表演或节目让您印象深刻...  
您是否和某位重要的人在那次活动中重聚...  }, {type: text, text: }, {type: text, text: }, {type: text, text: false}, {type: text, text: 您好！我是您的回忆助手，很高兴与您一起回顾过去的时光。  
我想请您回忆一下，您有没有参加过一次难忘的聚会或活动？  
那次聚会的氛围让我至今难忘...  
聚会上有没有特别的表演或节目让您印象深刻...  
您是否和某位重要的人在那次活动中重聚...  }]}, {role: assistant, content: [{type: text, text: 您好！我是您的回忆助手，很高兴与您一起回顾过去的时光。  
我想请您回忆一下，有没有一张照片让您想起某个特定的场景？  
那是和家人一起度假的时刻...  
那是我和朋友聚会时捕捉到的瞬间...  
那张照片里有我最喜欢的风景...  }, {type: text, text: }, {type: text, text: }, {type: text, text: false}, {type: text, text: 您好！我是您的回忆助手，很高兴与您一起回顾过去的时光。  
我想请您回忆一下，有没有一张照片让您想起某个特定的场景？  
那是和家人一起度假的时刻...  
那是我和朋友聚会时捕捉到的瞬间...  
那张照片里有我最喜欢的风景...  }]}],[]
